siniestro_id,anio_ocurrencia,anio_desarrollo,anio_calendario,numero_pago,monto_pago,monto_acumulado
1,2020,0,2020,1,9016.03,8968.61
1,2020,1,2021,2,4162.31,13109.03
1,2020,2,2022,3,1866.31,14965.53
1,2020,3,2023,4,476.67,15439.69
1,2020,4,2024,5,245.23,15683.63
2,2020,0,2020,1,1349.11,1349.11
2,2020,1,2021,2,523.98,1873.1
2,2020,2,2022,3,273.97,2147.06
2,2020,3,2023,4,46.54,2193.6
2,2020,4,2024,5,25.23,2218.83
3,2020,0,2020,1,11314.56,11314.56
3,2020,1,2021,2,5243.15,16557.7
3,2020,2,2022,3,1885.36,18443.06
3,2020,3,2023,4,423.34,18866.4
3,2020,4,2024,5,530.71,19397.11
4,2020,0,2020,1,16616.71,16616.71
4,2020,1,2021,2,7457.03,24073.74
4,2020,2,2022,3,3078.82,27152.56
4,2020,3,2023,4,908.15,28060.71
4,2020,4,2024,5,0,28060.71
5,2020,0,2020,1,3515.54,3515.54
5,2020,1,2021,2,1862.56,5378.1
5,2020,2,2022,3,20.11,5398.21
5,2020,3,2023,4,527.89,5926.1
5,2020,4,2024,5,99.74,6025.84
6,2020,0,2020,1,6401.62,6401.62
6,2020,1,2021,2,2463.09,8864.71
6,2020,2,2022,3,1412.48,10277.18
6,2020,3,2023,4,578.35,10855.54
6,2020,4,2024,5,47.33,10902.87
7,2020,0,2020,1,6342.31,6327.05
7,2020,1,2021,2,2459.86,8781
7,2020,2,2022,3,1519.88,10297.22
7,2020,3,2023,4,225.41,10522.09
7,2020,4,2024,5,201.94,10723.54
8,2020,0,2020,1,27332.01,27332.01
8,2020,1,2021,2,11531.32,38863.33
8,2020,2,2022,3,2749.33,41612.66
8,2020,3,2023,4,2541.08,44153.74
8,2020,4,2024,5,897.86,45051.6
10,2020,0,2020,1,6833,6833
10,2020,1,2021,2,3152.72,9985.72
10,2020,2,2022,3,452.85,10438.58
10,2020,3,2023,4,658.1,11096.68
10,2020,4,2024,5,327.85,11424.53
11,2020,0,2020,1,13606.98,13606.98
11,2020,1,2021,2,5832.87,19439.85
11,2020,2,2022,3,2064.83,21504.68
11,2020,3,2023,4,1866.74,23371.42
11,2020,4,2024,5,0,23371.42
12,2020,0,2020,1,14112.02,14112.02
12,2020,1,2021,2,6857.28,20969.3
12,2020,2,2022,3,898.89,21868.19
12,2020,3,2023,4,2147.54,24015.73
12,2020,4,2024,5,0,24015.73
13,2020,0,2020,1,3569.9,3569.9
13,2020,1,2021,2,1213.37,4783.27
13,2020,2,2022,3,860.21,5643.48
13,2020,3,2023,4,165.11,5808.59
13,2020,4,2024,5,9.63,5818.22
14,2020,0,2020,1,5497.64,5497.64
14,2020,1,2021,2,2113.03,7610.67
14,2020,2,2022,3,606.53,8217.2
14,2020,3,2023,4,554.46,8771.66
14,2020,4,2024,5,376.04,9147.7
15,2020,0,2020,1,9692.11,9692.11
15,2020,1,2021,2,3568.18,13260.29
15,2020,2,2022,3,651.54,13911.83
15,2020,3,2023,4,1052.35,14964.19
15,2020,4,2024,5,414.31,15378.5
16,2020,0,2020,1,6906.02,6906.02
16,2020,1,2021,2,3413.5,10319.53
16,2020,2,2022,3,699.74,11019.27
16,2020,3,2023,4,413.39,11432.66
16,2020,4,2024,5,199.21,11631.87
17,2020,0,2020,1,7098.16,7098.16
17,2020,1,2021,2,2520.04,9618.2
17,2020,2,2022,3,1633.43,11251.63
17,2020,3,2023,4,433.83,11685.46
17,2020,4,2024,5,0,11685.46
18,2020,0,2020,1,2838.49,2838.49
18,2020,1,2021,2,1148.84,3987.33
18,2020,2,2022,3,199.95,4187.28
18,2020,3,2023,4,361.61,4548.89
18,2020,4,2024,5,70.88,4619.77
21,2020,0,2020,1,6045.63,6045.63
21,2020,1,2021,2,2482.06,8527.69
21,2020,2,2022,3,1101.98,9629.67
21,2020,3,2023,4,499.57,10129.24
21,2020,4,2024,5,68.54,10197.78
22,2020,0,2020,1,547.97,547.97
22,2020,1,2021,2,250.54,798.51
22,2020,2,2022,3,67.01,865.52
22,2020,3,2023,4,33.82,899.34
22,2020,4,2024,5,24.31,923.65
23,2020,0,2020,1,60977.96,60977.96
23,2020,1,2021,2,29862.57,90840.54
23,2020,2,2022,3,8390.08,99230.61
23,2020,3,2023,4,8191.92,107422.53
23,2020,4,2024,5,423.69,107846.22
24,2020,0,2020,1,1969.81,1969.81
24,2020,1,2021,2,1050.81,3020.62
24,2020,2,2022,3,350.89,3371.51
24,2020,3,2023,4,33.26,3404.77
24,2020,4,2024,5,0,3404.77
25,2020,0,2020,1,3761.02,3761.02
25,2020,1,2021,2,1744.17,5505.19
25,2020,2,2022,3,431.8,5936.99
25,2020,3,2023,4,407.85,6344.84
25,2020,4,2024,5,57.47,6402.31
26,2020,0,2020,1,5650.11,5540.58
26,2020,1,2021,2,2910.68,8394.83
26,2020,2,2022,3,769.21,9149.13
26,2020,3,2023,4,391.31,9532.85
26,2020,4,2024,5,130.97,9661.28
28,2020,0,2020,1,4467.25,4393.12
28,2020,1,2021,2,2008.25,6368.03
28,2020,2,2022,3,654.48,7011.65
28,2020,3,2023,4,295.37,7302.13
28,2020,4,2024,5,107.41,7407.75
29,2020,0,2020,1,5262.87,5262.87
29,2020,1,2021,2,1857.57,7120.44
29,2020,2,2022,3,1196.24,8316.68
29,2020,3,2023,4,80.81,8397.49
29,2020,4,2024,5,66.92,8464.41
33,2020,0,2020,1,10866.87,10815.51
33,2020,1,2021,2,4435.7,15230.24
33,2020,2,2022,3,3250.11,18464.99
33,2020,3,2023,4,54.49,18519.22
33,2020,4,2024,5,22.13,18541.25
34,2020,0,2020,1,4847.94,4847.94
34,2020,1,2021,2,2001.58,6849.52
34,2020,2,2022,3,575.03,7424.55
34,2020,3,2023,4,671.98,8096.54
34,2020,4,2024,5,59,8155.54
35,2020,0,2020,1,5051.97,5051.97
35,2020,1,2021,2,1653.34,6705.31
35,2020,2,2022,3,932.25,7637.55
35,2020,3,2023,4,351.4,7988.96
35,2020,4,2024,5,215.6,8204.56
36,2020,0,2020,1,2042.37,2042.37
36,2020,1,2021,2,896.36,2938.74
36,2020,2,2022,3,376.71,3315.45
36,2020,3,2023,4,59.5,3374.95
36,2020,4,2024,5,78.36,3453.31
38,2020,0,2020,1,9134.28,9134.28
38,2020,1,2021,2,3499.94,12634.22
38,2020,2,2022,3,1794.08,14428.3
38,2020,3,2023,4,480.25,14908.55
38,2020,4,2024,5,0,14908.55
39,2020,0,2020,1,4142.43,4080.04
39,2020,1,2021,2,1344.5,5404.29
39,2020,2,2022,3,625.97,6020.82
39,2020,3,2023,4,135.01,6153.8
39,2020,4,2024,5,120.56,6272.54
40,2020,0,2020,1,4126.01,4126.01
40,2020,1,2021,2,1949.11,6075.11
40,2020,2,2022,3,806.95,6882.07
40,2020,3,2023,4,88.57,6970.64
40,2020,4,2024,5,168.67,7139.31
41,2020,0,2020,1,15494,15494
41,2020,1,2021,2,6921.38,22415.38
41,2020,2,2022,3,2519.62,24935
41,2020,3,2023,4,120.86,25055.87
41,2020,4,2024,5,1018.89,26074.76
42,2020,0,2020,1,9433.16,9433.16
42,2020,1,2021,2,4091.12,13524.27
42,2020,2,2022,3,1982.53,15506.8
42,2020,3,2023,4,501.28,16008.09
42,2020,4,2024,5,422.38,16430.47
44,2020,0,2020,1,12295.36,12295.36
44,2020,1,2021,2,5277.3,17572.66
44,2020,2,2022,3,2438.63,20011.29
44,2020,3,2023,4,1124.29,21135.58
44,2020,4,2024,5,83.89,21219.47
45,2020,0,2020,1,6151.41,6151.41
45,2020,1,2021,2,2112.47,8263.88
45,2020,2,2022,3,1314.43,9578.32
45,2020,3,2023,4,382.98,9961.3
45,2020,4,2024,5,0,9961.3
46,2020,0,2020,1,13953.92,13953.92
46,2020,1,2021,2,3993.28,17947.2
46,2020,2,2022,3,3609.49,21556.69
46,2020,3,2023,4,727.97,22284.66
46,2020,4,2024,5,0,22284.66
47,2020,0,2020,1,5418.94,5418.94
47,2020,1,2021,2,2208.96,7627.91
47,2020,2,2022,3,568.36,8196.26
47,2020,3,2023,4,617.94,8814.2
47,2020,4,2024,5,0,8814.2
48,2020,0,2020,1,3447.6,3434.59
48,2020,1,2021,2,1196.01,4626.09
48,2020,2,2022,3,602.06,5225.88
48,2020,3,2023,4,220.37,5445.42
48,2020,4,2024,5,108.03,5553.05
49,2020,0,2020,1,4009.86,4009.86
49,2020,1,2021,2,1730.4,5740.26
49,2020,2,2022,3,800,6540.25
49,2020,3,2023,4,227.1,6767.35
49,2020,4,2024,5,0,6767.35
51,2020,0,2020,1,1834.94,1834.94
51,2020,1,2021,2,857.74,2692.68
51,2020,2,2022,3,282.59,2975.27
51,2020,3,2023,4,120.05,3095.33
51,2020,4,2024,5,35.06,3130.39
52,2020,0,2020,1,11909.15,11909.15
52,2020,1,2021,2,5224.95,17134.1
52,2020,2,2022,3,2919.05,20053.15
52,2020,3,2023,4,861.88,20915.03
52,2020,4,2024,5,0,20915.03
54,2020,0,2020,1,36348.7,36348.7
54,2020,1,2021,2,13694.79,50043.49
54,2020,2,2022,3,9064.92,59108.4
54,2020,3,2023,4,942.44,60050.84
54,2020,4,2024,5,0,60050.84
56,2020,0,2020,1,9681.45,9547.9
56,2020,1,2021,2,4018.5,13510.97
56,2020,2,2022,3,1809.75,15295.75
56,2020,3,2023,4,112.76,15406.96
56,2020,4,2024,5,135.18,15540.28
57,2020,0,2020,1,5429.82,5339.5
57,2020,1,2021,2,2297.56,7598.84
57,2020,2,2022,3,1069.29,8650.35
57,2020,3,2023,4,31.56,8681.38
57,2020,4,2024,5,154.72,8833.53
58,2020,0,2020,1,9000.33,8871.9
58,2020,1,2021,2,3697.37,12516.51
58,2020,2,2022,3,1221.85,13720.93
58,2020,3,2023,4,497.86,14211.68
58,2020,4,2024,5,207.29,14416.02
59,2020,0,2020,1,17980.01,17663.08
59,2020,1,2021,2,7564.28,25094.04
59,2020,2,2022,3,2087.26,27144.5
59,2020,3,2023,4,1423.11,28542.53
59,2020,4,2024,5,401.1,28936.56
60,2020,0,2020,1,34425.24,34425.24
60,2020,1,2021,2,15758.18,50183.41
60,2020,2,2022,3,6891.19,57074.61
60,2020,3,2023,4,1297.4,58372
60,2020,4,2024,5,2287.05,60659.05
61,2020,0,2020,1,4799.65,4786.99
61,2020,1,2021,2,2124.85,6906.23
61,2020,2,2022,3,557.58,7462.34
61,2020,3,2023,4,573.72,8034.54
61,2020,4,2024,5,102.82,8137.09
62,2020,0,2020,1,23152.3,23152.3
62,2020,1,2021,2,8263.12,31415.42
62,2020,2,2022,3,4856.19,36271.61
62,2020,3,2023,4,496.15,36767.77
62,2020,4,2024,5,1594.7,38362.47
63,2020,0,2020,1,923.28,923.28
63,2020,1,2021,2,370.53,1293.81
63,2020,2,2022,3,158.5,1452.31
63,2020,3,2023,4,61.14,1513.45
63,2020,4,2024,5,28.61,1542.06
64,2020,0,2020,1,9311.11,9311.11
64,2020,1,2021,2,3882.12,13193.23
64,2020,2,2022,3,267.55,13460.78
64,2020,3,2023,4,1271.06,14731.84
64,2020,4,2024,5,0,14731.84
66,2020,0,2020,1,25042.18,25042.18
66,2020,1,2021,2,10909.97,35952.15
66,2020,2,2022,3,4174.14,40126.29
66,2020,3,2023,4,3318.86,43445.14
66,2020,4,2024,5,58.9,43504.04
67,2020,0,2020,1,5735.15,5735.15
67,2020,1,2021,2,2021.98,7757.13
67,2020,2,2022,3,1617.71,9374.84
67,2020,3,2023,4,52.14,9426.98
67,2020,4,2024,5,273.53,9700.51
68,2020,0,2020,1,3797.5,3790.28
68,2020,1,2021,2,1846.85,5633.62
68,2020,2,2022,3,157.69,5791.01
68,2020,3,2023,4,697.62,6487.3
68,2020,4,2024,5,56.76,6543.96
69,2020,0,2020,1,1837.79,1837.79
69,2020,1,2021,2,633.12,2470.91
69,2020,2,2022,3,516.14,2987.05
69,2020,3,2023,4,0,2987.05
69,2020,4,2024,5,0,2987.05
70,2020,0,2020,1,5049.04,4993.91
70,2020,1,2021,2,2064.23,7035.6
70,2020,2,2022,3,963.55,7988.63
70,2020,3,2023,4,74.73,8062.54
70,2020,4,2024,5,140.96,8201.96
72,2020,0,2020,1,2649.05,2649.05
72,2020,1,2021,2,1012.64,3661.69
72,2020,2,2022,3,516.82,4178.51
72,2020,3,2023,4,231.77,4410.28
72,2020,4,2024,5,61.07,4471.35
73,2020,0,2020,1,12212.23,12212.23
73,2020,1,2021,2,4558.97,16771.2
73,2020,2,2022,3,2040.15,18811.34
73,2020,3,2023,4,1018.26,19829.6
73,2020,4,2024,5,0,19829.6
74,2020,0,2020,1,10035.09,10035.09
74,2020,1,2021,2,2886.34,12921.43
74,2020,2,2022,3,997.85,13919.28
74,2020,3,2023,4,1749.52,15668.8
74,2020,4,2024,5,16.64,15685.44
76,2020,0,2020,1,9984.68,9984.68
76,2020,1,2021,2,3258.22,13242.9
76,2020,2,2022,3,2180.17,15423.08
76,2020,3,2023,4,208.35,15631.43
76,2020,4,2024,5,254.96,15886.39
77,2020,0,2020,1,8747.64,8747.64
77,2020,1,2021,2,4114.04,12861.68
77,2020,2,2022,3,1203.75,14065.43
77,2020,3,2023,4,555.25,14620.68
77,2020,4,2024,5,92.29,14712.97
78,2020,0,2020,1,6028.76,6028.76
78,2020,1,2021,2,2141.34,8170.11
78,2020,2,2022,3,1345.28,9515.39
78,2020,3,2023,4,94.74,9610.13
78,2020,4,2024,5,99.93,9710.06
79,2020,0,2020,1,38085.35,38085.35
79,2020,1,2021,2,14982.54,53067.9
79,2020,2,2022,3,10545.71,63613.6
79,2020,3,2023,4,1478.14,65091.74
79,2020,4,2024,5,0,65091.74
80,2020,0,2020,1,2725.53,2598.27
80,2020,1,2021,2,1092.36,3639.62
80,2020,2,2022,3,285.36,3911.66
80,2020,3,2023,4,43.29,3952.93
80,2020,4,2024,5,116.54,4064.03
82,2020,0,2020,1,3580.45,3580.45
82,2020,1,2021,2,1331.32,4911.76
82,2020,2,2022,3,545.18,5456.95
82,2020,3,2023,4,14.93,5471.87
82,2020,4,2024,5,325.37,5797.24
83,2020,0,2020,1,11224.31,11106.84
83,2020,1,2021,2,4937.68,15992.84
83,2020,2,2022,3,1906.44,17879.33
83,2020,3,2023,4,199.54,18076.78
83,2020,4,2024,5,21.27,18097.83
84,2020,0,2020,1,899.32,891.19
84,2020,1,2021,2,339.54,1227.65
84,2020,2,2022,3,199.01,1424.86
84,2020,3,2023,4,29.18,1453.78
84,2020,4,2024,5,31.41,1484.9
85,2020,0,2020,1,3753.11,3753.11
85,2020,1,2021,2,1217.54,4970.65
85,2020,2,2022,3,1039.98,6010.62
85,2020,3,2023,4,60.4,6071.02
85,2020,4,2024,5,0,6071.02
86,2020,0,2020,1,7869.12,7869.12
86,2020,1,2021,2,2877.95,10747.07
86,2020,2,2022,3,1102.01,11849.08
86,2020,3,2023,4,383.39,12232.47
86,2020,4,2024,5,410.74,12643.21
87,2020,0,2020,1,7598.37,7495.48
87,2020,1,2021,2,2803.14,10260.66
87,2020,2,2022,3,801.65,11051.45
87,2020,3,2023,4,577.74,11621.37
87,2020,4,2024,5,216.19,11834.63
89,2020,0,2020,1,13744.62,13703.4
89,2020,1,2021,2,4205.8,17896.58
89,2020,2,2022,3,2764.86,20653.15
89,2020,3,2023,4,599.26,21250.61
89,2020,4,2024,5,49.83,21300.29
90,2020,0,2020,1,18457.41,18457.41
90,2020,1,2021,2,7014.78,25472.19
90,2020,2,2022,3,2411.45,27883.64
90,2020,3,2023,4,846.71,28730.35
90,2020,4,2024,5,1366.01,30096.36
92,2020,0,2020,1,6842.22,6842.22
92,2020,1,2021,2,2425.73,9267.95
92,2020,2,2022,3,1550.92,10818.87
92,2020,3,2023,4,250.16,11069.03
92,2020,4,2024,5,283.35,11352.38
93,2020,0,2020,1,2551.33,2551.33
93,2020,1,2021,2,809.34,3360.66
93,2020,2,2022,3,481.9,3842.57
93,2020,3,2023,4,270.86,4113.43
93,2020,4,2024,5,0,4113.43
94,2020,0,2020,1,1579.88,1579.88
94,2020,1,2021,2,720.64,2300.52
94,2020,2,2022,3,223.28,2523.8
94,2020,3,2023,4,131.65,2655.46
94,2020,4,2024,5,76.15,2731.61
95,2020,0,2020,1,2557.57,2520.63
95,2020,1,2021,2,1160.03,3663.89
95,2020,2,2022,3,422.8,4080.59
95,2020,3,2023,4,96.27,4175.47
95,2020,4,2024,5,64.92,4239.45
96,2020,0,2020,1,5032.27,5032.27
96,2020,1,2021,2,2070.74,7103.01
96,2020,2,2022,3,715.78,7818.8
96,2020,3,2023,4,279.7,8098.5
96,2020,4,2024,5,221.13,8319.63
97,2020,0,2020,1,14606.38,14606.38
97,2020,1,2021,2,5177.73,19784.11
97,2020,2,2022,3,2510.64,22294.75
97,2020,3,2023,4,1296.68,23591.43
97,2020,4,2024,5,0,23591.43
98,2020,0,2020,1,8598.12,8598.12
98,2020,1,2021,2,4268.17,12866.29
98,2020,2,2022,3,2058.16,14924.45
98,2020,3,2023,4,81.19,15005.64
98,2020,4,2024,5,578.23,15583.87
100,2020,0,2020,1,10483.22,10483.22
100,2020,1,2021,2,5042.98,15526.2
100,2020,2,2022,3,2610.13,18136.33
100,2020,3,2023,4,342.14,18478.48
100,2020,4,2024,5,34.86,18513.34
101,2020,0,2020,1,372.99,372.99
101,2020,1,2021,2,186.14,559.13
101,2020,2,2022,3,86.04,645.17
101,2020,3,2023,4,4.67,649.84
101,2020,4,2024,5,0,649.84
102,2020,0,2020,1,3507.82,3507.82
102,2020,1,2021,2,1496.19,5004.01
102,2020,2,2022,3,711.69,5715.69
102,2020,3,2023,4,62.06,5777.76
102,2020,4,2024,5,180.69,5958.45
103,2020,0,2020,1,17398.5,17398.5
103,2020,1,2021,2,6344.36,23742.86
103,2020,2,2022,3,4373.22,28116.08
103,2020,3,2023,4,1211.47,29327.55
103,2020,4,2024,5,0,29327.55
105,2020,0,2020,1,12850.38,12850.38
105,2020,1,2021,2,4130.74,16981.12
105,2020,2,2022,3,2701.31,19682.43
105,2020,3,2023,4,835.73,20518.16
105,2020,4,2024,5,103.1,20621.26
106,2020,0,2020,1,6576.59,6475.56
106,2020,1,2021,2,2154.2,8596.67
106,2020,2,2022,3,1187.71,9766.14
106,2020,3,2023,4,597.83,10354.79
106,2020,4,2024,5,12.38,10366.98
107,2020,0,2020,1,139777.27,139777.27
107,2020,1,2021,2,59968.61,199745.87
107,2020,2,2022,3,25178.17,224924.04
107,2020,3,2023,4,10197.88,235121.92
107,2020,4,2024,5,1549.76,236671.68
110,2020,0,2020,1,1345.81,1345.81
110,2020,1,2021,2,728.84,2074.65
110,2020,2,2022,3,172.23,2246.88
110,2020,3,2023,4,86.55,2333.43
110,2020,4,2024,5,0,2333.43
112,2020,0,2020,1,9309.19,9147.46
112,2020,1,2021,2,3924.58,13003.85
112,2020,2,2022,3,986.29,13973.01
112,2020,3,2023,4,611.55,14573.94
112,2020,4,2024,5,78.19,14650.77
113,2020,0,2020,1,18312.74,18312.74
113,2020,1,2021,2,7386.85,25699.59
113,2020,2,2022,3,3798.66,29498.25
113,2020,3,2023,4,45.99,29544.24
113,2020,4,2024,5,959.95,30504.19
114,2020,0,2020,1,8668.56,8668.56
114,2020,1,2021,2,3690.62,12359.18
114,2020,2,2022,3,947.22,13306.41
114,2020,3,2023,4,905.77,14212.18
114,2020,4,2024,5,129.87,14342.05
115,2020,0,2020,1,10938.88,10938.88
115,2020,1,2021,2,4477.67,15416.55
115,2020,2,2022,3,804.02,16220.57
115,2020,3,2023,4,1338.01,17558.59
115,2020,4,2024,5,205.25,17763.84
116,2020,0,2020,1,30396.18,30396.18
116,2020,1,2021,2,10492.93,40889.11
116,2020,2,2022,3,6928.36,47817.47
116,2020,3,2023,4,1107.24,48924.71
116,2020,4,2024,5,1185.93,50110.64
118,2020,0,2020,1,6361.9,6354.93
118,2020,1,2021,2,2517.8,8869.97
118,2020,2,2022,3,966.18,9835.09
118,2020,3,2023,4,178.83,10013.73
118,2020,4,2024,5,416.59,10429.87
119,2020,0,2020,1,18942.03,18942.03
119,2020,1,2021,2,8007.13,26949.16
119,2020,2,2022,3,611.12,27560.28
119,2020,3,2023,4,3231.58,30791.86
119,2020,4,2024,5,1378.32,32170.18
120,2020,0,2020,1,5571.71,5525.31
120,2020,1,2021,2,2099.63,7607.46
120,2020,2,2022,3,987.69,8586.92
120,2020,3,2023,4,232.76,8817.75
120,2020,4,2024,5,178.64,8994.9
121,2020,0,2020,1,20284.65,20284.65
121,2020,1,2021,2,8463.67,28748.32
121,2020,2,2022,3,3531.27,32279.59
121,2020,3,2023,4,1851.61,34131.2
121,2020,4,2024,5,0,34131.2
122,2020,0,2020,1,7017.76,7017.76
122,2020,1,2021,2,2113.61,9131.38
122,2020,2,2022,3,1371.89,10503.27
122,2020,3,2023,4,174.2,10677.47
122,2020,4,2024,5,400.85,11078.32
123,2020,0,2020,1,1652.72,1652.72
123,2020,1,2021,2,626.32,2279.04
123,2020,2,2022,3,298.3,2577.34
123,2020,3,2023,4,68.41,2645.75
123,2020,4,2024,5,0,2645.75
124,2020,0,2020,1,4430.5,4223.26
124,2020,1,2021,2,2272.73,6389.68
124,2020,2,2022,3,550.44,6914.38
124,2020,3,2023,4,51.92,6963.87
124,2020,4,2024,5,121.67,7079.85
126,2020,0,2020,1,55473.55,55473.55
126,2020,1,2021,2,17112.43,72585.99
126,2020,2,2022,3,12399.78,84985.77
126,2020,3,2023,4,3905.38,88891.14
126,2020,4,2024,5,377.79,89268.93
127,2020,0,2020,1,22043.93,22043.93
127,2020,1,2021,2,8191.67,30235.6
127,2020,2,2022,3,2508.1,32743.7
127,2020,3,2023,4,3352.5,36096.2
127,2020,4,2024,5,0,36096.2
128,2020,0,2020,1,7634.54,7634.54
128,2020,1,2021,2,3390.37,11024.91
128,2020,2,2022,3,1416.99,12441.9
128,2020,3,2023,4,131.08,12572.98
128,2020,4,2024,5,543.16,13116.14
129,2020,0,2020,1,5353.32,5353.32
129,2020,1,2021,2,2701.97,8055.29
129,2020,2,2022,3,1341.71,9397
129,2020,3,2023,4,70.68,9467.68
129,2020,4,2024,5,17.46,9485.14
131,2020,0,2020,1,18163.32,18163.32
131,2020,1,2021,2,8544.51,26707.83
131,2020,2,2022,3,1735.77,28443.6
131,2020,3,2023,4,1643.38,30086.98
131,2020,4,2024,5,1784.31,31871.29
134,2020,0,2020,1,2456.23,2456.23
134,2020,1,2021,2,1092.25,3548.48
134,2020,2,2022,3,510.63,4059.11
134,2020,3,2023,4,24.81,4083.92
134,2020,4,2024,5,205.51,4289.43
135,2020,0,2020,1,6018.58,6018.58
135,2020,1,2021,2,2080.85,8099.42
135,2020,2,2022,3,1576.78,9676.2
135,2020,3,2023,4,149.42,9825.62
135,2020,4,2024,5,0,9825.62
136,2020,0,2020,1,9772.55,9641.03
136,2020,1,2021,2,4864.88,14440.44
136,2020,2,2022,3,1241.47,15665.2
136,2020,3,2023,4,690.59,16346.5
136,2020,4,2024,5,88.04,16433.35
137,2020,0,2020,1,4040.11,4040.11
137,2020,1,2021,2,1651.19,5691.3
137,2020,2,2022,3,833.16,6524.46
137,2020,3,2023,4,252.77,6777.23
137,2020,4,2024,5,0,6777.23
138,2020,0,2020,1,5566.05,5553.78
138,2020,1,2021,2,2241.45,7790.28
138,2020,2,2022,3,1472.55,9259.57
138,2020,3,2023,4,7.82,9267.38
138,2020,4,2024,5,148.9,9415.95
140,2020,0,2020,1,4174.96,4174.96
140,2020,1,2021,2,1659.41,5834.37
140,2020,2,2022,3,698.4,6532.76
140,2020,3,2023,4,374.81,6907.57
140,2020,4,2024,5,229.43,7137
144,2020,0,2020,1,3163.17,3163.17
144,2020,1,2021,2,1600.01,4763.19
144,2020,2,2022,3,364.45,5127.63
144,2020,3,2023,4,203.03,5330.66
144,2020,4,2024,5,116.28,5446.94
145,2020,0,2020,1,5774.42,5774.42
145,2020,1,2021,2,2524.36,8298.78
145,2020,2,2022,3,909.44,9208.22
145,2020,3,2023,4,455.36,9663.58
145,2020,4,2024,5,14.07,9677.65
146,2020,0,2020,1,2762.06,2756.53
146,2020,1,2021,2,1253.68,4007.7
146,2020,2,2022,3,224.82,4232.07
146,2020,3,2023,4,365.63,4596.96
146,2020,4,2024,5,51.35,4648.21
147,2020,0,2020,1,8828.54,8814.7
147,2020,1,2021,2,3388.11,12197.5
147,2020,2,2022,3,1797.05,13991.74
147,2020,3,2023,4,382.11,14373.25
147,2020,4,2024,5,490.88,14863.36
148,2020,0,2020,1,88113.17,88113.17
148,2020,1,2021,2,32428.86,120542.03
148,2020,2,2022,3,2599.92,123141.94
148,2020,3,2023,4,17586.44,140728.38
148,2020,4,2024,5,1087.55,141815.93
149,2020,0,2020,1,12848.79,12848.79
149,2020,1,2021,2,6309.01,19157.8
149,2020,2,2022,3,2293.79,21451.59
149,2020,3,2023,4,1210.83,22662.42
149,2020,4,2024,5,311.64,22974.06
150,2020,0,2020,1,62038.79,62038.79
150,2020,1,2021,2,25471.3,87510.09
150,2020,2,2022,3,11000.02,98510.11
150,2020,3,2023,4,2183.25,100693.36
150,2020,4,2024,5,1638.76,102332.12
152,2020,0,2020,1,24912.5,24912.5
152,2020,1,2021,2,12045.29,36957.79
152,2020,2,2022,3,3657.17,40614.96
152,2020,3,2023,4,1111.06,41726.02
152,2020,4,2024,5,564.84,42290.86
153,2020,0,2020,1,4494.28,4494.28
153,2020,1,2021,2,1422.86,5917.14
153,2020,2,2022,3,665.07,6582.21
153,2020,3,2023,4,334.43,6916.65
153,2020,4,2024,5,309.16,7225.81
155,2020,0,2020,1,9467.16,9467.16
155,2020,1,2021,2,4191.25,13658.42
155,2020,2,2022,3,2205.01,15863.43
155,2020,3,2023,4,44.52,15907.95
155,2020,4,2024,5,275.26,16183.21
156,2020,0,2020,1,25182.08,25182.08
156,2020,1,2021,2,9765.69,34947.77
156,2020,2,2022,3,3453.12,38400.89
156,2020,3,2023,4,881.34,39282.23
156,2020,4,2024,5,2131.79,41414.02
157,2020,0,2020,1,11783.42,11783.42
157,2020,1,2021,2,4336.84,16120.26
157,2020,2,2022,3,1813.45,17933.72
157,2020,3,2023,4,810.92,18744.64
157,2020,4,2024,5,323.41,19068.05
158,2020,0,2020,1,23061.27,23061.27
158,2020,1,2021,2,9313.11,32374.38
158,2020,2,2022,3,3228.76,35603.14
158,2020,3,2023,4,2255.37,37858.52
158,2020,4,2024,5,261.69,38120.21
159,2020,0,2020,1,2121.81,2121.81
159,2020,1,2021,2,767.31,2889.12
159,2020,2,2022,3,362,3251.12
159,2020,3,2023,4,186.45,3437.57
159,2020,4,2024,5,0,3437.57
160,2020,0,2020,1,25065.92,25065.92
160,2020,1,2021,2,12707.45,37773.36
160,2020,2,2022,3,2921.29,40694.66
160,2020,3,2023,4,1787.36,42482.02
160,2020,4,2024,5,1485.6,43967.62
161,2020,0,2020,1,12556.62,12556.62
161,2020,1,2021,2,5142.97,17699.58
161,2020,2,2022,3,247.23,17946.81
161,2020,3,2023,4,2194.38,20141.19
161,2020,4,2024,5,347.11,20488.3
163,2020,0,2020,1,9016.84,8963.2
163,2020,1,2021,2,3332.29,12275.67
163,2020,2,2022,3,2549.75,14810.25
163,2020,3,2023,4,158.55,14967.85
163,2020,4,2024,5,28.9,14996.58
164,2020,0,2020,1,602.83,602.83
164,2020,1,2021,2,238.77,841.6
164,2020,2,2022,3,101,942.59
164,2020,3,2023,4,51.14,993.74
164,2020,4,2024,5,23.5,1017.24
165,2020,0,2020,1,25863.19,25863.19
165,2020,1,2021,2,9461.88,35325.07
165,2020,2,2022,3,4152.19,39477.26
165,2020,3,2023,4,2424.7,41901.96
165,2020,4,2024,5,0,41901.96
166,2020,0,2020,1,8163.43,8163.43
166,2020,1,2021,2,2647.75,10811.19
166,2020,2,2022,3,951.95,11763.14
166,2020,3,2023,4,1297.51,13060.65
166,2020,4,2024,5,211.78,13272.43
167,2020,0,2020,1,4460.47,4427.62
167,2020,1,2021,2,1567.96,5984.04
167,2020,2,2022,3,713.49,6692.27
167,2020,3,2023,4,448.45,7137.42
167,2020,4,2024,5,162.69,7298.91
168,2020,0,2020,1,8306.27,8306.27
168,2020,1,2021,2,3231.38,11537.65
168,2020,2,2022,3,1327.25,12864.9
168,2020,3,2023,4,592.98,13457.88
168,2020,4,2024,5,0,13457.88
169,2020,0,2020,1,5858,5858
169,2020,1,2021,2,2532.41,8390.4
169,2020,2,2022,3,1069.87,9460.27
169,2020,3,2023,4,403.66,9863.93
169,2020,4,2024,5,0,9863.93
170,2020,0,2020,1,134311.2,134311.2
170,2020,1,2021,2,59813.04,194124.24
170,2020,2,2022,3,22022.89,216147.13
170,2020,3,2023,4,2474.97,218622.1
170,2020,4,2024,5,4888.46,223510.56
171,2020,0,2020,1,35422.53,35422.53
171,2020,1,2021,2,14949.95,50372.47
171,2020,2,2022,3,7338.55,57711.02
171,2020,3,2023,4,2360.55,60071.57
171,2020,4,2024,5,258.8,60330.37
172,2020,0,2020,1,11847.26,11847.26
172,2020,1,2021,2,6155.24,18002.5
172,2020,2,2022,3,1112.81,19115.31
172,2020,3,2023,4,167.25,19282.56
172,2020,4,2024,5,860.83,20143.39
173,2020,0,2020,1,23295.74,23295.74
173,2020,1,2021,2,9645.84,32941.57
173,2020,2,2022,3,4443.99,37385.57
173,2020,3,2023,4,787.82,38173.39
173,2020,4,2024,5,0,38173.39
174,2020,0,2020,1,82816.65,82816.65
174,2020,1,2021,2,34949.86,117766.51
174,2020,2,2022,3,25972.18,143738.69
174,2020,3,2023,4,0,143738.69
174,2020,4,2024,5,0,143738.69
175,2020,0,2020,1,27692.72,27683.18
175,2020,1,2021,2,11259.84,38939.14
175,2020,2,2022,3,485.21,39424.19
175,2020,3,2023,4,4492.97,43915.61
175,2020,4,2024,5,789.32,44704.65
176,2020,0,2020,1,18060.21,18044.45
176,2020,1,2021,2,7516.79,25554.69
176,2020,2,2022,3,2920.09,28472.23
176,2020,3,2023,4,2054.49,30524.93
176,2020,4,2024,5,214.48,30739.22
177,2020,0,2020,1,1398.46,1384.07
177,2020,1,2021,2,552.34,1930.73
177,2020,2,2022,3,229.15,2157.52
177,2020,3,2023,4,13.92,2171.3
177,2020,4,2024,5,48.36,2219.16
178,2020,0,2020,1,4379.39,4379.39
178,2020,1,2021,2,2022.85,6402.23
178,2020,2,2022,3,240.39,6642.62
178,2020,3,2023,4,283.29,6925.92
178,2020,4,2024,5,383.13,7309.05
180,2020,0,2020,1,11282.59,11282.59
180,2020,1,2021,2,5131.64,16414.24
180,2020,2,2022,3,338.35,16752.59
180,2020,3,2023,4,1380.76,18133.35
180,2020,4,2024,5,248.88,18382.23
181,2020,0,2020,1,8182.39,8182.39
181,2020,1,2021,2,3794.33,11976.72
181,2020,2,2022,3,1933.8,13910.52
181,2020,3,2023,4,0,13910.52
181,2020,4,2024,5,0,13910.52
184,2020,0,2020,1,8262.08,8262.08
184,2020,1,2021,2,3920.45,12182.53
184,2020,2,2022,3,1205.49,13388.01
184,2020,3,2023,4,56.18,13444.2
184,2020,4,2024,5,352.47,13796.67
185,2020,0,2020,1,12259.12,12259.12
185,2020,1,2021,2,4690.9,16950.02
185,2020,2,2022,3,1713.62,18663.64
185,2020,3,2023,4,222.21,18885.85
185,2020,4,2024,5,899.89,19785.74
186,2020,0,2020,1,126657.2,126657.2
186,2020,1,2021,2,50979.55,177636.75
186,2020,2,2022,3,14602.98,192239.73
186,2020,3,2023,4,14984.13,207223.86
186,2020,4,2024,5,0,207223.86
187,2020,0,2020,1,10896.66,10804.16
187,2020,1,2021,2,3895.02,14666.13
187,2020,2,2022,3,1422.51,16076.56
187,2020,3,2023,4,136.46,16211.87
187,2020,4,2024,5,980.74,17184.29
188,2020,0,2020,1,3896.04,3896.04
188,2020,1,2021,2,1769.56,5665.6
188,2020,2,2022,3,357.55,6023.15
188,2020,3,2023,4,303.27,6326.43
188,2020,4,2024,5,90.57,6417
189,2020,0,2020,1,3126.19,3092.58
189,2020,1,2021,2,1310.54,4389.03
189,2020,2,2022,3,309.57,4695.27
189,2020,3,2023,4,237.75,4930.46
189,2020,4,2024,5,41.14,4971.16
190,2020,0,2020,1,89222.86,89222.86
190,2020,1,2021,2,30578.51,119801.36
190,2020,2,2022,3,19167.93,138969.29
190,2020,3,2023,4,1991.16,140960.45
190,2020,4,2024,5,0,140960.45
191,2020,0,2020,1,8188.19,8185.27
191,2020,1,2021,2,3355.92,11539.98
191,2020,2,2022,3,1128.03,12667.61
191,2020,3,2023,4,816.73,13484.05
191,2020,4,2024,5,65.82,13549.85
192,2020,0,2020,1,5276.43,5276.43
192,2020,1,2021,2,2113.54,7389.96
192,2020,2,2022,3,1060.11,8450.07
192,2020,3,2023,4,298.11,8748.18
192,2020,4,2024,5,61.1,8809.28
193,2020,0,2020,1,12405.29,12224.22
193,2020,1,2021,2,4573.26,16730.73
193,2020,2,2022,3,2175.78,18874.75
193,2020,3,2023,4,987.86,19848.19
193,2020,4,2024,5,189.33,20034.76
194,2020,0,2020,1,34327.55,34327.55
194,2020,1,2021,2,14410.92,48738.47
194,2020,2,2022,3,4032.92,52771.39
194,2020,3,2023,4,2546.57,55317.96
194,2020,4,2024,5,98.24,55416.2
196,2020,0,2020,1,4956.22,4956.22
196,2020,1,2021,2,2086.39,7042.61
196,2020,2,2022,3,1082.51,8125.12
196,2020,3,2023,4,57.01,8182.13
196,2020,4,2024,5,127.37,8309.5
197,2020,0,2020,1,2203.58,2203.58
197,2020,1,2021,2,971.15,3174.73
197,2020,2,2022,3,354.32,3529.05
197,2020,3,2023,4,110.3,3639.35
197,2020,4,2024,5,0,3639.35
200,2020,0,2020,1,5228.94,5228.94
200,2020,1,2021,2,2769.4,7998.34
200,2020,2,2022,3,1045.15,9043.49
200,2020,3,2023,4,150.14,9193.63
200,2020,4,2024,5,0,9193.63
202,2020,0,2020,1,4621.43,4621.43
202,2020,1,2021,2,2061.24,6682.67
202,2020,2,2022,3,644.52,7327.18
202,2020,3,2023,4,546.67,7873.85
202,2020,4,2024,5,0,7873.85
203,2020,0,2020,1,72126.05,72126.05
203,2020,1,2021,2,29367.86,101493.91
203,2020,2,2022,3,10608.25,112102.16
203,2020,3,2023,4,7018.29,119120.45
203,2020,4,2024,5,0,119120.45
204,2020,0,2020,1,2318.68,2318.68
204,2020,1,2021,2,1049.44,3368.12
204,2020,2,2022,3,131.43,3499.54
204,2020,3,2023,4,262.64,3762.18
204,2020,4,2024,5,123.11,3885.29
207,2020,0,2020,1,9060.42,8969.84
207,2020,1,2021,2,3512.25,12446.97
207,2020,2,2022,3,1386.38,13819.5
207,2020,3,2023,4,117.7,13936.02
207,2020,4,2024,5,726.08,14654.84
208,2020,0,2020,1,6991.12,6991.12
208,2020,1,2021,2,3232.4,10223.52
208,2020,2,2022,3,1095.75,11319.26
208,2020,3,2023,4,444.91,11764.17
208,2020,4,2024,5,31.23,11795.4
209,2020,0,2020,1,14402.05,14179.74
209,2020,1,2021,2,7134.31,21203.92
209,2020,2,2022,3,2635.5,23798.73
209,2020,3,2023,4,46.2,23844.22
209,2020,4,2024,5,674.87,24508.67
211,2020,0,2020,1,12245.11,12245.11
211,2020,1,2021,2,3928.63,16173.74
211,2020,2,2022,3,3887.06,20060.79
211,2020,3,2023,4,243.9,20304.69
211,2020,4,2024,5,0,20304.69
212,2020,0,2020,1,8170.5,8170.5
212,2020,1,2021,2,3003.32,11173.82
212,2020,2,2022,3,785.75,11959.57
212,2020,3,2023,4,1150.99,13110.56
212,2020,4,2024,5,0,13110.56
213,2020,0,2020,1,9286.26,9286.26
213,2020,1,2021,2,3405.17,12691.43
213,2020,2,2022,3,713.2,13404.63
213,2020,3,2023,4,790.87,14195.49
213,2020,4,2024,5,985.24,15180.73
214,2020,0,2020,1,9730.18,9730.18
214,2020,1,2021,2,4182.32,13912.5
214,2020,2,2022,3,692.43,14604.93
214,2020,3,2023,4,832.71,15437.64
214,2020,4,2024,5,735.22,16172.86
215,2020,0,2020,1,10588.22,10182.57
215,2020,1,2021,2,4448.23,14460.37
215,2020,2,2022,3,1771.88,16164.37
215,2020,3,2023,4,32,16195.15
215,2020,4,2024,5,515.41,16690.82
216,2020,0,2020,1,1879.66,1863.04
216,2020,1,2021,2,669.52,2526.64
216,2020,2,2022,3,462.77,2985.32
216,2020,3,2023,4,61.18,3045.96
216,2020,4,2024,5,60.71,3106.13
217,2020,0,2020,1,17322.9,17322.9
217,2020,1,2021,2,8063.88,25386.78
217,2020,2,2022,3,3747.63,29134.42
217,2020,3,2023,4,189.05,29323.46
217,2020,4,2024,5,43.92,29367.38
218,2020,0,2020,1,70465.5,70465.5
218,2020,1,2021,2,21773.44,92238.94
218,2020,2,2022,3,13061.68,105300.63
218,2020,3,2023,4,3821.81,109122.43
218,2020,4,2024,5,2088.63,111211.06
219,2020,0,2020,1,7288.08,7181.46
219,2020,1,2021,2,2983,10120.81
219,2020,2,2022,3,1249.37,11351.9
219,2020,3,2023,4,7.04,11358.84
219,2020,4,2024,5,411.56,11764.38
221,2020,0,2020,1,10743.27,10599.55
221,2020,1,2021,2,4283.74,14825.98
221,2020,2,2022,3,1572.91,16377.85
221,2020,3,2023,4,479.29,16850.72
221,2020,4,2024,5,219.57,17067.36
223,2020,0,2020,1,11878.77,11788.59
223,2020,1,2021,2,5754.61,17499.52
223,2020,2,2022,3,1750.52,19236.75
223,2020,3,2023,4,513.77,19746.62
223,2020,4,2024,5,103.28,19849.11
225,2020,0,2020,1,12472.3,12472.3
225,2020,1,2021,2,6289.66,18761.96
225,2020,2,2022,3,1063.77,19825.73
225,2020,3,2023,4,1392.07,21217.8
225,2020,4,2024,5,198.89,21416.69
226,2020,0,2020,1,162.53,162.53
226,2020,1,2021,2,59.84,222.37
226,2020,2,2022,3,35.68,258.05
226,2020,3,2023,4,5.83,263.88
226,2020,4,2024,5,1.61,265.49
227,2020,0,2020,1,7663.65,7663.65
227,2020,1,2021,2,3193.93,10857.58
227,2020,2,2022,3,1256.45,12114.03
227,2020,3,2023,4,548.18,12662.22
227,2020,4,2024,5,183.67,12845.89
228,2020,0,2020,1,2086.06,2086.06
228,2020,1,2021,2,781.7,2867.76
228,2020,2,2022,3,505.27,3373.03
228,2020,3,2023,4,9.97,3383
228,2020,4,2024,5,175.46,3558.46
229,2020,0,2020,1,3936.92,3936.92
229,2020,1,2021,2,2150.29,6087.21
229,2020,2,2022,3,318.16,6405.36
229,2020,3,2023,4,84.31,6489.67
229,2020,4,2024,5,255.34,6745.01
230,2020,0,2020,1,9278.43,9278.43
230,2020,1,2021,2,3546.26,12824.69
230,2020,2,2022,3,1357.74,14182.42
230,2020,3,2023,4,339.72,14522.14
230,2020,4,2024,5,881.24,15403.38
231,2020,0,2020,1,19817.05,19335.17
231,2020,1,2021,2,6743.76,25914.94
231,2020,2,2022,3,3577.25,29405.21
231,2020,3,2023,4,924.32,30307.06
231,2020,4,2024,5,287.43,30587.5
233,2020,0,2020,1,1840.14,1840.14
233,2020,1,2021,2,753.59,2593.73
233,2020,2,2022,3,56.44,2650.17
233,2020,3,2023,4,133.34,2783.52
233,2020,4,2024,5,169.84,2953.36
236,2020,0,2020,1,11269.7,11269.7
236,2020,1,2021,2,5610.12,16879.83
236,2020,2,2022,3,2152.84,19032.67
236,2020,3,2023,4,475.59,19508.26
236,2020,4,2024,5,465.54,19973.8
240,2020,0,2020,1,8631.41,8267.11
240,2020,1,2021,2,3033.02,11172.12
240,2020,2,2022,3,1208.73,12329.84
240,2020,3,2023,4,643.88,12946.54
240,2020,4,2024,5,71.76,13015.27
241,2020,0,2020,1,5317.83,5317.83
241,2020,1,2021,2,2805.68,8123.51
241,2020,2,2022,3,792.48,8915.99
241,2020,3,2023,4,348,9263.99
241,2020,4,2024,5,0,9263.99
242,2020,0,2020,1,18750.52,18750.52
242,2020,1,2021,2,7071.18,25821.7
242,2020,2,2022,3,2782.28,28603.98
242,2020,3,2023,4,486.53,29090.51
242,2020,4,2024,5,0,29090.51
243,2020,0,2020,1,1141.08,1125.39
243,2020,1,2021,2,437.62,1557
243,2020,2,2022,3,234.86,1788.63
243,2020,3,2023,4,7.01,1795.54
243,2020,4,2024,5,2.2,1797.71
245,2020,0,2020,1,6880.96,6880.96
245,2020,1,2021,2,2768.45,9649.41
245,2020,2,2022,3,1195.91,10845.32
245,2020,3,2023,4,560.87,11406.19
245,2020,4,2024,5,217.47,11623.66
246,2020,0,2020,1,11593.26,11593.26
246,2020,1,2021,2,5697.32,17290.58
246,2020,2,2022,3,1369.56,18660.14
246,2020,3,2023,4,101.64,18761.79
246,2020,4,2024,5,906.11,19667.9
247,2020,0,2020,1,3651.22,3651.22
247,2020,1,2021,2,1791.52,5442.73
247,2020,2,2022,3,320.32,5763.05
247,2020,3,2023,4,367.15,6130.2
247,2020,4,2024,5,0,6130.2
248,2020,0,2020,1,5862.63,5862.63
248,2020,1,2021,2,2753.51,8616.14
248,2020,2,2022,3,501.17,9117.31
248,2020,3,2023,4,318.67,9435.98
248,2020,4,2024,5,499.89,9935.87
249,2020,0,2020,1,2705.4,2679.8
249,2020,1,2021,2,1052.7,3722.53
249,2020,2,2022,3,413.02,4131.64
249,2020,3,2023,4,81.78,4212.65
249,2020,4,2024,5,87.4,4299.22
252,2020,0,2020,1,18738.16,18738.16
252,2020,1,2021,2,9600.21,28338.37
252,2020,2,2022,3,1813.72,30152.1
252,2020,3,2023,4,1223.29,31375.39
252,2020,4,2024,5,646.63,32022.02
253,2020,0,2020,1,8115.98,7857.3
253,2020,1,2021,2,3630.27,11371.86
253,2020,2,2022,3,1195.55,12529.3
253,2020,3,2023,4,160.42,12684.61
253,2020,4,2024,5,266.01,12942.14
254,2020,0,2020,1,5740.05,5740.05
254,2020,1,2021,2,2899.11,8639.17
254,2020,2,2022,3,587.61,9226.77
254,2020,3,2023,4,185.47,9412.24
254,2020,4,2024,5,72.45,9484.69
255,2020,0,2020,1,17369.08,17369.08
255,2020,1,2021,2,7022.56,24391.64
255,2020,2,2022,3,3502.51,27894.15
255,2020,3,2023,4,187.91,28082.06
255,2020,4,2024,5,436.36,28518.42
256,2020,0,2020,1,11319.28,11319.28
256,2020,1,2021,2,5046.96,16366.24
256,2020,2,2022,3,1998.36,18364.6
256,2020,3,2023,4,1026.05,19390.65
256,2020,4,2024,5,0,19390.65
257,2020,0,2020,1,15418.04,14841.29
257,2020,1,2021,2,5680.68,20309.47
257,2020,2,2022,3,2013.56,22247.71
257,2020,3,2023,4,624.83,22849.17
257,2020,4,2024,5,320.14,23157.33
258,2020,0,2020,1,9199.17,9199.17
258,2020,1,2021,2,3087.77,12286.94
258,2020,2,2022,3,1104.26,13391.2
258,2020,3,2023,4,947.29,14338.49
258,2020,4,2024,5,480.04,14818.53
259,2020,0,2020,1,2786.78,2782.8
259,2020,1,2021,2,1576,4356.55
259,2020,2,2022,3,184.05,4540.33
259,2020,3,2023,4,256.99,4796.95
259,2020,4,2024,5,50.9,4847.78
260,2020,0,2020,1,6425.38,6425.38
260,2020,1,2021,2,2358.3,8783.67
260,2020,2,2022,3,803.36,9587.04
260,2020,3,2023,4,862.33,10449.37
260,2020,4,2024,5,70.62,10519.99
261,2020,0,2020,1,17738.74,17738.74
261,2020,1,2021,2,6473,24211.74
261,2020,2,2022,3,3258.01,27469.75
261,2020,3,2023,4,1109.33,28579.08
261,2020,4,2024,5,0,28579.08
262,2020,0,2020,1,7810.57,7810.57
262,2020,1,2021,2,3485.43,11295.99
262,2020,2,2022,3,1138.7,12434.7
262,2020,3,2023,4,255.8,12690.5
262,2020,4,2024,5,459.88,13150.38
263,2020,0,2020,1,18449.46,18162.35
263,2020,1,2021,2,6674.81,24733.29
263,2020,2,2022,3,3399.37,28079.76
263,2020,3,2023,4,824.07,28891
263,2020,4,2024,5,295.98,29182.38
264,2020,0,2020,1,9250.67,9250.67
264,2020,1,2021,2,3690.31,12940.98
264,2020,2,2022,3,695.19,13636.16
264,2020,3,2023,4,1395.35,15031.51
264,2020,4,2024,5,143.15,15174.66
265,2020,0,2020,1,35480.8,35480.8
265,2020,1,2021,2,14461.07,49941.87
265,2020,2,2022,3,4685.23,54627.1
265,2020,3,2023,4,3237.47,57864.58
265,2020,4,2024,5,584.23,58448.81
266,2020,0,2020,1,6860.49,6860.49
266,2020,1,2021,2,2388.99,9249.48
266,2020,2,2022,3,864.92,10114.4
266,2020,3,2023,4,534.58,10648.98
266,2020,4,2024,5,439.7,11088.68
267,2020,0,2020,1,121,118.72
267,2020,1,2021,2,46.6,164.45
267,2020,2,2022,3,15.97,180.12
267,2020,3,2023,4,1.99,182.06
267,2020,4,2024,5,4.65,186.63
268,2020,0,2020,1,72168.27,72168.27
268,2020,1,2021,2,31245.95,103414.21
268,2020,2,2022,3,9755.79,113170
268,2020,3,2023,4,8272.59,121442.59
268,2020,4,2024,5,0,121442.59
269,2020,0,2020,1,11187.6,11176.96
269,2020,1,2021,2,5000.05,16172.25
269,2020,2,2022,3,1622.8,17793.51
269,2020,3,2023,4,1083.27,18875.75
269,2020,4,2024,5,79.6,18955.27
270,2020,0,2020,1,12743.23,12743.23
270,2020,1,2021,2,7440.81,20184.04
270,2020,2,2022,3,2250.65,22434.69
270,2020,3,2023,4,1152.44,23587.13
270,2020,4,2024,5,0,23587.13
272,2020,0,2020,1,18010.36,18010.36
272,2020,1,2021,2,6498.23,24508.58
272,2020,2,2022,3,3104.08,27612.66
272,2020,3,2023,4,335.01,27947.67
272,2020,4,2024,5,1037.77,28985.44
273,2020,0,2020,1,6343.27,6343.27
273,2020,1,2021,2,2320.06,8663.34
273,2020,2,2022,3,1119.09,9782.42
273,2020,3,2023,4,440.29,10222.72
273,2020,4,2024,5,200.48,10423.2
274,2020,0,2020,1,132345.23,132345.23
274,2020,1,2021,2,61881.7,194226.93
274,2020,2,2022,3,23374.06,217600.99
274,2020,3,2023,4,16486.72,234087.71
274,2020,4,2024,5,0,234087.71
275,2020,0,2020,1,983.34,983.34
275,2020,1,2021,2,385.92,1369.26
275,2020,2,2022,3,185.58,1554.84
275,2020,3,2023,4,69.7,1624.53
275,2020,4,2024,5,17.84,1642.37
276,2020,0,2020,1,35425.72,35425.72
276,2020,1,2021,2,13706.25,49131.97
276,2020,2,2022,3,5646.37,54778.34
276,2020,3,2023,4,1106.55,55884.89
276,2020,4,2024,5,1314.48,57199.37
277,2020,0,2020,1,72639.91,72639.91
277,2020,1,2021,2,30226.93,102866.84
277,2020,2,2022,3,11982.56,114849.4
277,2020,3,2023,4,4425.26,119274.66
277,2020,4,2024,5,3424.48,122699.14
278,2020,0,2020,1,1979.85,1979.85
278,2020,1,2021,2,788.58,2768.43
278,2020,2,2022,3,355.51,3123.94
278,2020,3,2023,4,183.86,3307.8
278,2020,4,2024,5,46.01,3353.81
279,2020,0,2020,1,5387.54,5328.17
279,2020,1,2021,2,1686.73,6996.31
279,2020,2,2022,3,1170.85,8154.26
279,2020,3,2023,4,112.63,8265.66
279,2020,4,2024,5,20.54,8285.97
280,2020,0,2020,1,117524.41,116980.04
280,2020,1,2021,2,62633.2,179323.14
280,2020,2,2022,3,9475.38,188754.63
280,2020,3,2023,4,9464.26,198175.06
280,2020,4,2024,5,749.45,198921.04
281,2020,0,2020,1,25073.15,25073.15
281,2020,1,2021,2,11190.67,36263.82
281,2020,2,2022,3,3763.13,40026.95
281,2020,3,2023,4,165.79,40192.74
281,2020,4,2024,5,2221.47,42414.21
282,2020,0,2020,1,12939.48,12939.48
282,2020,1,2021,2,6658.49,19597.97
282,2020,2,2022,3,1654.49,21252.46
282,2020,3,2023,4,357.55,21610.01
282,2020,4,2024,5,0,21610.01
283,2020,0,2020,1,24177.64,24177.64
283,2020,1,2021,2,7985.24,32162.88
283,2020,2,2022,3,3655.25,35818.13
283,2020,3,2023,4,1278.29,37096.42
283,2020,4,2024,5,1324.73,38421.15
284,2020,0,2020,1,1799.52,1799.52
284,2020,1,2021,2,939.96,2739.48
284,2020,2,2022,3,166.05,2905.53
284,2020,3,2023,4,228.68,3134.21
284,2020,4,2024,5,0,3134.21
285,2020,0,2020,1,40904.31,40805.98
285,2020,1,2021,2,19988.18,60746.12
285,2020,2,2022,3,5778.23,66510.45
285,2020,3,2023,4,805.89,67314.41
285,2020,4,2024,5,1800.6,69110.68
286,2020,0,2020,1,1409.1,1409.1
286,2020,1,2021,2,386.21,1795.3
286,2020,2,2022,3,389.38,2184.68
286,2020,3,2023,4,69.69,2254.36
286,2020,4,2024,5,3.23,2257.59
287,2020,0,2020,1,9308.29,9308.29
287,2020,1,2021,2,4398.93,13707.22
287,2020,2,2022,3,1024,14731.22
287,2020,3,2023,4,50.44,14781.65
287,2020,4,2024,5,861.64,15643.29
288,2020,0,2020,1,4986.19,4986.19
288,2020,1,2021,2,2300,7286.19
288,2020,2,2022,3,319.23,7605.42
288,2020,3,2023,4,508.46,8113.88
288,2020,4,2024,5,159.32,8273.2
289,2020,0,2020,1,1156.9,1141.57
289,2020,1,2021,2,498.44,1633.41
289,2020,2,2022,3,89.5,1721.72
289,2020,3,2023,4,40.36,1761.54
289,2020,4,2024,5,24.08,1785.3
290,2020,0,2020,1,9276.23,9276.23
290,2020,1,2021,2,4819.24,14095.47
290,2020,2,2022,3,693.46,14788.93
290,2020,3,2023,4,213.62,15002.55
290,2020,4,2024,5,1155.91,16158.46
291,2020,0,2020,1,6533.35,6447.22
291,2020,1,2021,2,2481.08,8895.6
291,2020,2,2022,3,871.29,9755.4
291,2020,3,2023,4,14.49,9769.69
291,2020,4,2024,5,491.04,10254.26
292,2020,0,2020,1,28780.76,27426.76
292,2020,1,2021,2,9572.81,36549.22
292,2020,2,2022,3,5422.23,41716.35
292,2020,3,2023,4,278.28,41981.54
292,2020,4,2024,5,1234.51,43157.98
293,2020,0,2020,1,15266.63,15266.63
293,2020,1,2021,2,7785.96,23052.59
293,2020,2,2022,3,3344.42,26397.01
293,2020,3,2023,4,883.73,27280.74
293,2020,4,2024,5,238.13,27518.87
294,2020,0,2020,1,10411.34,10411.34
294,2020,1,2021,2,5243.62,15654.96
294,2020,2,2022,3,2327.12,17982.07
294,2020,3,2023,4,405.04,18387.12
294,2020,4,2024,5,105.84,18492.96
296,2020,0,2020,1,39021.25,39021.25
296,2020,1,2021,2,19914.67,58935.92
296,2020,2,2022,3,6373.9,65309.82
296,2020,3,2023,4,2520.67,67830.49
296,2020,4,2024,5,0,67830.49
299,2020,0,2020,1,11002.72,10885.22
299,2020,1,2021,2,4394.72,15233
299,2020,2,2022,3,1902.55,17115.23
299,2020,3,2023,4,112.64,17226.66
299,2020,4,2024,5,294.38,17517.9
300,2020,0,2020,1,12393.18,12393.18
300,2020,1,2021,2,5951.61,18344.79
300,2020,2,2022,3,2294.45,20639.24
300,2020,3,2023,4,561.34,21200.58
300,2020,4,2024,5,393.31,21593.89
302,2020,0,2020,1,12608.3,12125.65
302,2020,1,2021,2,4475.35,16429.68
302,2020,2,2022,3,1429.92,17804.86
302,2020,3,2023,4,643.87,18424.08
302,2020,4,2024,5,26.63,18449.69
303,2020,0,2020,1,6003.55,5994.56
303,2020,1,2021,2,2422.27,8413.21
303,2020,2,2022,3,808.61,9220.6
303,2020,3,2023,4,619.15,9838.83
303,2020,4,2024,5,71.33,9910.05
305,2020,0,2020,1,18027.3,18027.3
305,2020,1,2021,2,7150.42,25177.72
305,2020,2,2022,3,2847.6,28025.31
305,2020,3,2023,4,1142.04,29167.36
305,2020,4,2024,5,596.22,29763.58
306,2020,0,2020,1,14220.39,14220.39
306,2020,1,2021,2,5463.82,19684.21
306,2020,2,2022,3,3052.58,22736.79
306,2020,3,2023,4,684.56,23421.35
306,2020,4,2024,5,321.15,23742.5
307,2020,0,2020,1,10551.95,10551.95
307,2020,1,2021,2,4301.48,14853.43
307,2020,2,2022,3,824.11,15677.54
307,2020,3,2023,4,819.49,16497.03
307,2020,4,2024,5,380.82,16877.85
309,2020,0,2020,1,7046.99,7046.99
309,2020,1,2021,2,2347.42,9394.41
309,2020,2,2022,3,1647.48,11041.89
309,2020,3,2023,4,428.96,11470.85
309,2020,4,2024,5,0,11470.85
310,2020,0,2020,1,8748.14,8748.14
310,2020,1,2021,2,3278.11,12026.26
310,2020,2,2022,3,1638.4,13664.66
310,2020,3,2023,4,554.97,14219.62
310,2020,4,2024,5,172.2,14391.82
311,2020,0,2020,1,7745.31,7745.31
311,2020,1,2021,2,2847.78,10593.09
311,2020,2,2022,3,1129.83,11722.92
311,2020,3,2023,4,121.21,11844.13
311,2020,4,2024,5,571.6,12415.73
312,2020,0,2020,1,8236.24,8236.24
312,2020,1,2021,2,4318,12554.25
312,2020,2,2022,3,370.94,12925.19
312,2020,3,2023,4,1044.29,13969.48
312,2020,4,2024,5,260.21,14229.69
313,2020,0,2020,1,11665.45,11665.45
313,2020,1,2021,2,3824.2,15489.65
313,2020,2,2022,3,1280.06,16769.71
313,2020,3,2023,4,957.67,17727.37
313,2020,4,2024,5,756.36,18483.73
314,2020,0,2020,1,76729.77,75487.97
314,2020,1,2021,2,25998.84,101066.05
314,2020,2,2022,3,19980.69,120723.36
314,2020,3,2023,4,466.17,121181.99
314,2020,4,2024,5,442.9,121617.72
315,2020,0,2020,1,11555.74,11555.74
315,2020,1,2021,2,5010.64,16566.39
315,2020,2,2022,3,2596.6,19162.98
315,2020,3,2023,4,26.46,19189.44
315,2020,4,2024,5,572.88,19762.32
316,2020,0,2020,1,13232.05,13232.05
316,2020,1,2021,2,6913.9,20145.94
316,2020,2,2022,3,1735.9,21881.85
316,2020,3,2023,4,493,22374.85
316,2020,4,2024,5,529.06,22903.91
317,2020,0,2020,1,34326.48,34326.48
317,2020,1,2021,2,15590.63,49917.1
317,2020,2,2022,3,3135.75,53052.85
317,2020,3,2023,4,987.16,54040.01
317,2020,4,2024,5,1958.41,55998.42
318,2020,0,2020,1,22507.4,22507.4
318,2020,1,2021,2,8967.99,31475.39
318,2020,2,2022,3,3958.76,35434.15
318,2020,3,2023,4,290.03,35724.19
318,2020,4,2024,5,128.19,35852.38
319,2020,0,2020,1,18382.46,18382.46
319,2020,1,2021,2,7564.49,25946.95
319,2020,2,2022,3,2755.61,28702.56
319,2020,3,2023,4,1394.07,30096.62
319,2020,4,2024,5,263.38,30360
320,2020,0,2020,1,15013.65,15013.65
320,2020,1,2021,2,6821.7,21835.35
320,2020,2,2022,3,3417.86,25253.2
320,2020,3,2023,4,362.34,25615.54
320,2020,4,2024,5,0,25615.54
322,2020,0,2020,1,9300.33,9245.48
322,2020,1,2021,2,2186.64,11419.23
322,2020,2,2022,3,2408.13,13813.16
322,2020,3,2023,4,369.42,14180.4
322,2020,4,2024,5,478.14,14655.72
323,2020,0,2020,1,9566.99,9566.99
323,2020,1,2021,2,2912.13,12479.12
323,2020,2,2022,3,2457.95,14937.07
323,2020,3,2023,4,260.62,15197.69
323,2020,4,2024,5,142.85,15340.54
324,2020,0,2020,1,13088.17,13070.36
324,2020,1,2021,2,4978.68,18042.26
324,2020,2,2022,3,1743.2,19783.09
324,2020,3,2023,4,1563.57,21344.53
324,2020,4,2024,5,185.59,21529.86
325,2020,0,2020,1,19398.05,19398.05
325,2020,1,2021,2,7367.22,26765.27
325,2020,2,2022,3,3419.9,30185.17
325,2020,3,2023,4,2834.33,33019.5
325,2020,4,2024,5,0,33019.5
326,2020,0,2020,1,9954.08,9954.08
326,2020,1,2021,2,4124.27,14078.35
326,2020,2,2022,3,2046.85,16125.21
326,2020,3,2023,4,360.17,16485.37
326,2020,4,2024,5,41.34,16526.71
327,2020,0,2020,1,9637.62,9563.86
327,2020,1,2021,2,2894.93,12436.63
327,2020,2,2022,3,1452.08,13877.6
327,2020,3,2023,4,671.98,14544.44
327,2020,4,2024,5,499.63,15040.24
328,2020,0,2020,1,19021.03,19021.03
328,2020,1,2021,2,8327.05,27348.08
328,2020,2,2022,3,3332.86,30680.94
328,2020,3,2023,4,1427.59,32108.53
328,2020,4,2024,5,0,32108.53
329,2020,0,2020,1,1534.2,1534.2
329,2020,1,2021,2,650.51,2184.71
329,2020,2,2022,3,384.12,2568.83
329,2020,3,2023,4,74.78,2643.61
329,2020,4,2024,5,0,2643.61
330,2020,0,2020,1,3310.87,3310.87
330,2020,1,2021,2,1477.22,4788.09
330,2020,2,2022,3,430.22,5218.31
330,2020,3,2023,4,352.06,5570.37
330,2020,4,2024,5,0,5570.37
331,2020,0,2020,1,2781.33,2781.33
331,2020,1,2021,2,1200.8,3982.13
331,2020,2,2022,3,211.41,4193.54
331,2020,3,2023,4,479.68,4673.22
331,2020,4,2024,5,13.26,4686.48
332,2020,0,2020,1,11118.17,11118.17
332,2020,1,2021,2,4647.42,15765.58
332,2020,2,2022,3,971.81,16737.39
332,2020,3,2023,4,618.49,17355.88
332,2020,4,2024,5,1150.92,18506.8
333,2020,0,2020,1,32013.46,31942.52
333,2020,1,2021,2,13194.39,45107.67
333,2020,2,2022,3,5018.8,50115.35
333,2020,3,2023,4,439.5,50553.88
333,2020,4,2024,5,1586.63,52136.99
334,2020,0,2020,1,429.14,426.35
334,2020,1,2021,2,158.6,583.91
334,2020,2,2022,3,88.13,671.47
334,2020,3,2023,4,13.25,684.63
334,2020,4,2024,5,0.17,684.8
336,2020,0,2020,1,6205.94,6158.45
336,2020,1,2021,2,2709.31,8847.03
336,2020,2,2022,3,596.68,9439.14
336,2020,3,2023,4,311.19,9747.95
336,2020,4,2024,5,233.28,9979.45
337,2020,0,2020,1,12127.78,12127.78
337,2020,1,2021,2,5213.49,17341.27
337,2020,2,2022,3,1432.67,18773.94
337,2020,3,2023,4,1342.74,20116.68
337,2020,4,2024,5,143.77,20260.45
338,2020,0,2020,1,5736.57,5736.57
338,2020,1,2021,2,2691.36,8427.93
338,2020,2,2022,3,501.68,8929.61
338,2020,3,2023,4,379.88,9309.49
338,2020,4,2024,5,129.6,9439.09
339,2020,0,2020,1,2822.65,2822.65
339,2020,1,2021,2,1057.16,3879.81
339,2020,2,2022,3,624.43,4504.24
339,2020,3,2023,4,100.63,4604.87
339,2020,4,2024,5,3.85,4608.72
340,2020,0,2020,1,74253.61,73783.08
340,2020,1,2021,2,32413.22,105990.91
340,2020,2,2022,3,11386.13,117304.88
340,2020,3,2023,4,3196.62,120481.25
340,2020,4,2024,5,2408.8,122874.79
342,2020,0,2020,1,8150.81,8150.81
342,2020,1,2021,2,3974.75,12125.55
342,2020,2,2022,3,1242.18,13367.73
342,2020,3,2023,4,950.94,14318.67
342,2020,4,2024,5,257.36,14576.03
344,2020,0,2020,1,5150.28,5150.28
344,2020,1,2021,2,1570.72,6721
344,2020,2,2022,3,1169.6,7890.6
344,2020,3,2023,4,267.93,8158.53
344,2020,4,2024,5,66.8,8225.33
346,2020,0,2020,1,8364.94,8053.56
346,2020,1,2021,2,3677.7,11594.36
346,2020,2,2022,3,469.03,12045.93
346,2020,3,2023,4,771.47,12788.68
346,2020,4,2024,5,191.75,12973.29
347,2020,0,2020,1,13309.41,13213.71
347,2020,1,2021,2,5038.58,18216.06
347,2020,2,2022,3,1776.51,19979.79
347,2020,3,2023,4,399.14,20376.06
347,2020,4,2024,5,508.43,20880.83
348,2020,0,2020,1,12243.37,12243.37
348,2020,1,2021,2,6164.15,18407.52
348,2020,2,2022,3,1362.47,19769.99
348,2020,3,2023,4,901.31,20671.3
348,2020,4,2024,5,331.06,21002.36
352,2020,0,2020,1,22662.17,22662.17
352,2020,1,2021,2,9909.08,32571.25
352,2020,2,2022,3,3036.36,35607.61
352,2020,3,2023,4,2789.2,38396.81
352,2020,4,2024,5,0,38396.81
353,2020,0,2020,1,9098.04,9098.04
353,2020,1,2021,2,4345.15,13443.19
353,2020,2,2022,3,932.34,14375.53
353,2020,3,2023,4,1404.26,15779.79
353,2020,4,2024,5,0,15779.79
354,2020,0,2020,1,9828.54,9828.54
354,2020,1,2021,2,3555.24,13383.79
354,2020,2,2022,3,890.26,14274.04
354,2020,3,2023,4,1449.22,15723.26
354,2020,4,2024,5,318.73,16041.99
355,2020,0,2020,1,9627.8,9395.32
355,2020,1,2021,2,4519.57,13805.76
355,2020,2,2022,3,1432.17,15203.34
355,2020,3,2023,4,391.46,15585.35
355,2020,4,2024,5,48.21,15632.39
356,2020,0,2020,1,19914.31,19597.03
356,2020,1,2021,2,9663.14,29106.22
356,2020,2,2022,3,1592.12,30672.98
356,2020,3,2023,4,1575.62,32223.49
356,2020,4,2024,5,548.71,32763.46
357,2020,0,2020,1,52592.4,52592.4
357,2020,1,2021,2,21420.52,74012.92
357,2020,2,2022,3,7287.38,81300.3
357,2020,3,2023,4,5291.35,86591.66
357,2020,4,2024,5,1865.37,88457.03
358,2020,0,2020,1,4328.67,4296.9
358,2020,1,2021,2,1969.17,6251.62
358,2020,2,2022,3,870.94,7116.16
358,2020,3,2023,4,43,7158.85
358,2020,4,2024,5,143.31,7301.11
359,2020,0,2020,1,19519.24,19519.24
359,2020,1,2021,2,7161.09,26680.33
359,2020,2,2022,3,4453.6,31133.93
359,2020,3,2023,4,434.12,31568.05
359,2020,4,2024,5,1259.88,32827.93
360,2020,0,2020,1,8324.75,8232.52
360,2020,1,2021,2,4042.27,12230.01
360,2020,2,2022,3,1385.14,13599.8
360,2020,3,2023,4,298.84,13895.33
360,2020,4,2024,5,58.65,13953.33
361,2020,0,2020,1,9462.19,9202.49
361,2020,1,2021,2,2998.55,12118.74
361,2020,2,2022,3,1488.8,13566.67
361,2020,3,2023,4,529.88,14082.01
361,2020,4,2024,5,22,14103.41
363,2020,0,2020,1,1639.16,1639.16
363,2020,1,2021,2,755.85,2395.02
363,2020,2,2022,3,321.94,2716.96
363,2020,3,2023,4,48.48,2765.43
363,2020,4,2024,5,147.12,2912.55
364,2020,0,2020,1,738.61,734.57
364,2020,1,2021,2,261.53,994.67
364,2020,2,2022,3,151.63,1145.47
364,2020,3,2023,4,9.24,1154.66
364,2020,4,2024,5,10.81,1165.41
366,2020,0,2020,1,7080.55,7080.55
366,2020,1,2021,2,2214.39,9294.95
366,2020,2,2022,3,1277.52,10572.46
366,2020,3,2023,4,346.35,10918.82
366,2020,4,2024,5,389.56,11308.38
367,2020,0,2020,1,15901.64,15901.64
367,2020,1,2021,2,7447.78,23349.42
367,2020,2,2022,3,3276.59,26626.02
367,2020,3,2023,4,842.06,27468.07
367,2020,4,2024,5,470.32,27938.39
369,2020,0,2020,1,8886.21,8886.21
369,2020,1,2021,2,3136.69,12022.9
369,2020,2,2022,3,1514.33,13537.23
369,2020,3,2023,4,817.62,14354.85
369,2020,4,2024,5,0,14354.85
371,2020,0,2020,1,7982.11,7982.11
371,2020,1,2021,2,3212.33,11194.45
371,2020,2,2022,3,633.64,11828.09
371,2020,3,2023,4,1091.33,12919.42
371,2020,4,2024,5,0,12919.42
372,2020,0,2020,1,9996.22,9996.22
372,2020,1,2021,2,2966.1,12962.32
372,2020,2,2022,3,3228.91,16191.23
372,2020,3,2023,4,341.78,16533.01
372,2020,4,2024,5,187.57,16720.58
373,2020,0,2020,1,16282.02,16282.02
373,2020,1,2021,2,5842.81,22124.83
373,2020,2,2022,3,3039.76,25164.59
373,2020,3,2023,4,1703.58,26868.17
373,2020,4,2024,5,725.27,27593.44
375,2020,0,2020,1,11412.73,11412.73
375,2020,1,2021,2,5126.8,16539.53
375,2020,2,2022,3,2433.17,18972.7
375,2020,3,2023,4,983.88,19956.58
375,2020,4,2024,5,0,19956.58
376,2020,0,2020,1,1058.94,1058.94
376,2020,1,2021,2,320.82,1379.75
376,2020,2,2022,3,275.26,1655.01
376,2020,3,2023,4,27.58,1682.59
376,2020,4,2024,5,73.28,1755.87
377,2020,0,2020,1,16416.7,15955.72
377,2020,1,2021,2,9526.06,25214.28
377,2020,2,2022,3,1606.9,26776.05
377,2020,3,2023,4,179.69,26950.7
377,2020,4,2024,5,15.31,26965.58
378,2020,0,2020,1,3396.71,3396.71
378,2020,1,2021,2,1335.31,4732.02
378,2020,2,2022,3,478.32,5210.33
378,2020,3,2023,4,231.89,5442.23
378,2020,4,2024,5,58.99,5501.22
379,2020,0,2020,1,7165.64,7165.64
379,2020,1,2021,2,3014.71,10180.35
379,2020,2,2022,3,845.45,11025.8
379,2020,3,2023,4,369.37,11395.17
379,2020,4,2024,5,205.78,11600.95
382,2020,0,2020,1,17764.66,17501.98
382,2020,1,2021,2,7414.75,24807.1
382,2020,2,2022,3,3066.75,27828.51
382,2020,3,2023,4,819.08,28635.48
382,2020,4,2024,5,337.42,28967.91
383,2020,0,2020,1,19498.03,19498.03
383,2020,1,2021,2,8140.13,27638.16
383,2020,2,2022,3,3926.74,31564.9
383,2020,3,2023,4,584.18,32149.08
383,2020,4,2024,5,126.39,32275.47
388,2020,0,2020,1,9981.28,9981.28
388,2020,1,2021,2,3918.22,13899.5
388,2020,2,2022,3,1224.83,15124.33
388,2020,3,2023,4,564.62,15688.95
388,2020,4,2024,5,857.11,16546.06
389,2020,0,2020,1,68775.62,68775.62
389,2020,1,2021,2,37771.25,106546.87
389,2020,2,2022,3,10196.4,116743.27
389,2020,3,2023,4,4202.63,120945.9
389,2020,4,2024,5,3205.33,124151.23
390,2020,0,2020,1,12.83,12.83
390,2020,1,2021,2,6.02,18.85
390,2020,2,2022,3,0.97,19.82
390,2020,3,2023,4,0.93,20.75
390,2020,4,2024,5,0.31,21.06
391,2020,0,2020,1,2095.94,2095.94
391,2020,1,2021,2,1110.93,3206.86
391,2020,2,2022,3,311.36,3518.22
391,2020,3,2023,4,146.29,3664.51
391,2020,4,2024,5,0,3664.51
392,2020,0,2020,1,12004.47,11904.5
392,2020,1,2021,2,4103.24,15973.56
392,2020,2,2022,3,1648.04,17607.88
392,2020,3,2023,4,1121.61,18720.15
392,2020,4,2024,5,338.92,19056.25
393,2020,0,2020,1,19284.51,19284.51
393,2020,1,2021,2,8167.41,27451.92
393,2020,2,2022,3,3383.25,30835.18
393,2020,3,2023,4,1466.38,32301.56
393,2020,4,2024,5,0,32301.56
394,2020,0,2020,1,4814.07,4814.07
394,2020,1,2021,2,2569.16,7383.23
394,2020,2,2022,3,756.7,8139.93
394,2020,3,2023,4,10.57,8150.5
394,2020,4,2024,5,158.6,8309.1
395,2020,0,2020,1,14456.49,14456.49
395,2020,1,2021,2,6338.82,20795.3
395,2020,2,2022,3,2463.31,23258.61
395,2020,3,2023,4,113.01,23371.62
395,2020,4,2024,5,1944.31,25315.93
396,2020,0,2020,1,4152.71,3967.23
396,2020,1,2021,2,1522.05,5421.3
396,2020,2,2022,3,891.81,6273.28
396,2020,3,2023,4,17.05,6289.56
396,2020,4,2024,5,12.95,6301.94
397,2020,0,2020,1,11666.74,11666.74
397,2020,1,2021,2,4742.53,16409.27
397,2020,2,2022,3,2626.55,19035.82
397,2020,3,2023,4,800.11,19835.93
397,2020,4,2024,5,0,19835.93
398,2020,0,2020,1,7638.36,7618.38
398,2020,1,2021,2,3003.88,10614.42
398,2020,2,2022,3,449.76,11063
398,2020,3,2023,4,548.43,11609.99
398,2020,4,2024,5,810.74,12418.62
401,2020,0,2020,1,3657.3,3657.3
401,2020,1,2021,2,1424.98,5082.28
401,2020,2,2022,3,685.09,5767.37
401,2020,3,2023,4,216.42,5983.79
401,2020,4,2024,5,131.37,6115.16
403,2020,0,2020,1,2816.08,2812.61
403,2020,1,2021,2,1005.71,3817.08
403,2020,2,2022,3,642.91,4459.19
403,2020,3,2023,4,159.53,4618.53
403,2020,4,2024,5,48.52,4666.99
405,2020,0,2020,1,12653.99,12653.99
405,2020,1,2021,2,5555.76,18209.75
405,2020,2,2022,3,2811.93,21021.68
405,2020,3,2023,4,761.88,21783.56
405,2020,4,2024,5,0,21783.56
406,2020,0,2020,1,14959.42,14694.3
406,2020,1,2021,2,8158.9,22708.61
406,2020,2,2022,3,309.26,23012.39
406,2020,3,2023,4,869.7,23866.67
406,2020,4,2024,5,776.93,24629.83
407,2020,0,2020,1,11653.43,11653.43
407,2020,1,2021,2,4946.33,16599.76
407,2020,2,2022,3,1781.94,18381.71
407,2020,3,2023,4,309.81,18691.52
407,2020,4,2024,5,259.46,18950.98
408,2020,0,2020,1,8040.04,8005.03
408,2020,1,2021,2,3057.61,11049.32
408,2020,2,2022,3,1662.12,12704.2
408,2020,3,2023,4,62.75,12766.68
408,2020,4,2024,5,90.86,12857.15
409,2020,0,2020,1,12988.64,12988.64
409,2020,1,2021,2,4689.45,17678.09
409,2020,2,2022,3,3225.47,20903.55
409,2020,3,2023,4,752.75,21656.3
409,2020,4,2024,5,0,21656.3
410,2020,0,2020,1,12289.31,12289.31
410,2020,1,2021,2,4325.56,16614.87
410,2020,2,2022,3,2761.68,19376.55
410,2020,3,2023,4,582.69,19959.24
410,2020,4,2024,5,0,19959.24
411,2020,0,2020,1,6114.44,6114.44
411,2020,1,2021,2,2270.59,8385.03
411,2020,2,2022,3,1245.74,9630.77
411,2020,3,2023,4,58.59,9689.36
411,2020,4,2024,5,637.03,10326.39
412,2020,0,2020,1,5954.21,5947.25
412,2020,1,2021,2,2503.06,8447.39
412,2020,2,2022,3,926.7,9373.01
412,2020,3,2023,4,421.02,9793.54
412,2020,4,2024,5,14.55,9808.07
413,2020,0,2020,1,79444.1,79444.1
413,2020,1,2021,2,34058.23,113502.33
413,2020,2,2022,3,14586.29,128088.62
413,2020,3,2023,4,4868.47,132957.09
413,2020,4,2024,5,0,132957.09
414,2020,0,2020,1,8325.77,8325.77
414,2020,1,2021,2,3312.26,11638.03
414,2020,2,2022,3,790,12428.02
414,2020,3,2023,4,679.05,13107.07
414,2020,4,2024,5,78.71,13185.78
415,2020,0,2020,1,10626.76,10626.76
415,2020,1,2021,2,4277.01,14903.76
415,2020,2,2022,3,1454.81,16358.58
415,2020,3,2023,4,61.13,16419.7
415,2020,4,2024,5,272.31,16692.01
416,2020,0,2020,1,6345.12,6140.37
416,2020,1,2021,2,2318.25,8383.82
416,2020,2,2022,3,1291.83,9633.96
416,2020,3,2023,4,262.77,9888.25
416,2020,4,2024,5,13.36,9901.18
417,2020,0,2020,1,81977.02,81977.02
417,2020,1,2021,2,39767.97,121744.99
417,2020,2,2022,3,10956.27,132701.26
417,2020,3,2023,4,7195.32,139896.58
417,2020,4,2024,5,0,139896.58
418,2020,0,2020,1,60938.08,60938.08
418,2020,1,2021,2,25401.88,86339.96
418,2020,2,2022,3,5486.5,91826.46
418,2020,3,2023,4,8453.7,100280.16
418,2020,4,2024,5,0,100280.16
419,2020,0,2020,1,10269.94,10269.94
419,2020,1,2021,2,4179.99,14449.92
419,2020,2,2022,3,1570.62,16020.55
419,2020,3,2023,4,608.21,16628.76
419,2020,4,2024,5,83.49,16712.25
420,2020,0,2020,1,21082.12,20974.87
420,2020,1,2021,2,8159.92,29093.28
420,2020,2,2022,3,3216.96,32293.87
420,2020,3,2023,4,1724.98,34010.08
420,2020,4,2024,5,968.74,34973.89
421,2020,0,2020,1,6825.92,6825.92
421,2020,1,2021,2,3037.37,9863.29
421,2020,2,2022,3,1538.65,11401.94
421,2020,3,2023,4,49.96,11451.9
421,2020,4,2024,5,293.72,11745.62
422,2020,0,2020,1,406.53,406.53
422,2020,1,2021,2,122.9,529.43
422,2020,2,2022,3,79.7,609.13
422,2020,3,2023,4,33.09,642.22
422,2020,4,2024,5,0,642.22
423,2020,0,2020,1,241.19,241.19
423,2020,1,2021,2,91.32,332.5
423,2020,2,2022,3,40.95,373.46
423,2020,3,2023,4,9.38,382.84
423,2020,4,2024,5,6.32,389.16
424,2020,0,2020,1,1048.56,1048.56
424,2020,1,2021,2,428.4,1476.96
424,2020,2,2022,3,181.24,1658.2
424,2020,3,2023,4,32.28,1690.48
424,2020,4,2024,5,18.67,1709.15
427,2020,0,2020,1,5836.65,5836.65
427,2020,1,2021,2,2430.39,8267.05
427,2020,2,2022,3,1151.17,9418.21
427,2020,3,2023,4,298.01,9716.22
427,2020,4,2024,5,0,9716.22
428,2020,0,2020,1,3274.42,3274.42
428,2020,1,2021,2,1211.05,4485.47
428,2020,2,2022,3,797.8,5283.27
428,2020,3,2023,4,71,5354.27
428,2020,4,2024,5,158.64,5512.91
430,2020,0,2020,1,9651.7,9651.7
430,2020,1,2021,2,4228.58,13880.28
430,2020,2,2022,3,1719.66,15599.94
430,2020,3,2023,4,560.95,16160.89
430,2020,4,2024,5,29.74,16190.63
431,2020,0,2020,1,17768.29,17701.56
431,2020,1,2021,2,7134.85,24809.62
431,2020,2,2022,3,2712.58,27512.01
431,2020,3,2023,4,568.71,28078.59
431,2020,4,2024,5,1149.39,29223.66
432,2020,0,2020,1,516.48,496.46
432,2020,1,2021,2,226,713.7
432,2020,2,2022,3,70.38,781.35
432,2020,3,2023,4,7.17,788.25
432,2020,4,2024,5,6.99,794.96
433,2020,0,2020,1,5383.9,5383.9
433,2020,1,2021,2,2820.46,8204.36
433,2020,2,2022,3,709.35,8913.71
433,2020,3,2023,4,291.88,9205.59
433,2020,4,2024,5,417.5,9623.09
434,2020,0,2020,1,6620.51,6620.51
434,2020,1,2021,2,2597.11,9217.62
434,2020,2,2022,3,1070.71,10288.33
434,2020,3,2023,4,179.23,10467.56
434,2020,4,2024,5,630.54,11098.1
435,2020,0,2020,1,9317.37,9317.37
435,2020,1,2021,2,4791.83,14109.2
435,2020,2,2022,3,1529.57,15638.77
435,2020,3,2023,4,383.37,16022.14
435,2020,4,2024,5,99.22,16121.36
436,2020,0,2020,1,1153.92,1153.92
436,2020,1,2021,2,408.32,1562.24
436,2020,2,2022,3,180.62,1742.86
436,2020,3,2023,4,132.04,1874.9
436,2020,4,2024,5,2.02,1876.92
437,2020,0,2020,1,36353.9,36154.82
437,2020,1,2021,2,17182.36,53243.08
437,2020,2,2022,3,3515.12,56738.95
437,2020,3,2023,4,188.09,56926.01
437,2020,4,2024,5,3735.77,60641.32
438,2020,0,2020,1,9752.23,9752.23
438,2020,1,2021,2,3679.99,13432.21
438,2020,2,2022,3,991.71,14423.93
438,2020,3,2023,4,1313.63,15737.56
438,2020,4,2024,5,0,15737.56
439,2020,0,2020,1,18293.96,18293.96
439,2020,1,2021,2,7602.26,25896.22
439,2020,2,2022,3,3228.18,29124.4
439,2020,3,2023,4,1126.95,30251.35
439,2020,4,2024,5,0,30251.35
440,2020,0,2020,1,968.41,968.41
440,2020,1,2021,2,373.93,1342.35
440,2020,2,2022,3,139.48,1481.82
440,2020,3,2023,4,93.06,1574.88
440,2020,4,2024,5,30.76,1605.64
441,2020,0,2020,1,12141.31,12141.31
441,2020,1,2021,2,3984.74,16126.05
441,2020,2,2022,3,2082.94,18208.99
441,2020,3,2023,4,871.43,19080.42
441,2020,4,2024,5,503.6,19584.02
443,2020,0,2020,1,2210.35,2210.35
443,2020,1,2021,2,829.16,3039.51
443,2020,2,2022,3,521.53,3561.04
443,2020,3,2023,4,46.06,3607.11
443,2020,4,2024,5,78.83,3685.94
444,2020,0,2020,1,137442.06,135408.35
444,2020,1,2021,2,59967.51,194488.53
444,2020,2,2022,3,9267.45,203618.85
444,2020,3,2023,4,6264.69,209790.84
444,2020,4,2024,5,2168.66,211927.41
445,2020,0,2020,1,13109.22,13109.22
445,2020,1,2021,2,4702.04,17811.26
445,2020,2,2022,3,2244.91,20056.17
445,2020,3,2023,4,83.46,20139.63
445,2020,4,2024,5,908.01,21047.64
446,2020,0,2020,1,6565.46,6565.46
446,2020,1,2021,2,2099.45,8664.91
446,2020,2,2022,3,1730.94,10395.85
446,2020,3,2023,4,386.59,10782.44
446,2020,4,2024,5,0,10782.44
447,2020,0,2020,1,6645.04,6645.04
447,2020,1,2021,2,2740.36,9385.41
447,2020,2,2022,3,139.95,9525.35
447,2020,3,2023,4,1378.55,10903.9
447,2020,4,2024,5,0,10903.9
448,2020,0,2020,1,2674.5,2674.5
448,2020,1,2021,2,920.83,3595.33
448,2020,2,2022,3,543.1,4138.43
448,2020,3,2023,4,153.36,4291.79
448,2020,4,2024,5,0,4291.79
449,2020,0,2020,1,5659.49,5659.49
449,2020,1,2021,2,2235.91,7895.4
449,2020,2,2022,3,1489.07,9384.47
449,2020,3,2023,4,118.56,9503.03
449,2020,4,2024,5,0,9503.03
450,2020,0,2020,1,20628.01,20458.34
450,2020,1,2021,2,8451.97,28840.79
450,2020,2,2022,3,3791.56,32601.16
450,2020,3,2023,4,302.62,32901.3
450,2020,4,2024,5,812.46,33707.07
452,2020,0,2020,1,2255.69,2255.69
452,2020,1,2021,2,973.79,3229.49
452,2020,2,2022,3,524.59,3754.08
452,2020,3,2023,4,57.12,3811.2
452,2020,4,2024,5,0,3811.2
453,2020,0,2020,1,12317.12,11854.05
453,2020,1,2021,2,6260.1,17878.8
453,2020,2,2022,3,1191.48,19025.48
453,2020,3,2023,4,1078.67,20063.6
453,2020,4,2024,5,26.85,20089.44
454,2020,0,2020,1,13842.7,13842.7
454,2020,1,2021,2,6192.69,20035.4
454,2020,2,2022,3,3601.02,23636.41
454,2020,3,2023,4,612.31,24248.72
454,2020,4,2024,5,0,24248.72
455,2020,0,2020,1,5811.7,5811.7
455,2020,1,2021,2,1813.51,7625.22
455,2020,2,2022,3,511.24,8136.46
455,2020,3,2023,4,581.96,8718.42
455,2020,4,2024,5,439.46,9157.88
456,2020,0,2020,1,16881.35,16881.35
456,2020,1,2021,2,7357.56,24238.91
456,2020,2,2022,3,2724.17,26963.09
456,2020,3,2023,4,1334.26,28297.34
456,2020,4,2024,5,168.67,28466.01
457,2020,0,2020,1,15213.37,14844.66
457,2020,1,2021,2,7326.56,21993.65
457,2020,2,2022,3,1715.65,23667.72
457,2020,3,2023,4,132.13,23796.65
457,2020,4,2024,5,557.48,24340.61
458,2020,0,2020,1,11538.43,11538.43
458,2020,1,2021,2,6036.11,17574.54
458,2020,2,2022,3,2066.01,19640.55
458,2020,3,2023,4,784.7,20425.25
458,2020,4,2024,5,0,20425.25
461,2020,0,2020,1,9722.98,9722.98
461,2020,1,2021,2,4478.05,14201.02
461,2020,2,2022,3,2151.5,16352.52
461,2020,3,2023,4,0,16352.52
461,2020,4,2024,5,0,16352.52
463,2020,0,2020,1,12411.89,12411.89
463,2020,1,2021,2,4241.81,16653.7
463,2020,2,2022,3,3484.82,20138.52
463,2020,3,2023,4,199.04,20337.57
463,2020,4,2024,5,82.07,20419.64
464,2020,0,2020,1,9013.92,9013.92
464,2020,1,2021,2,4238.7,13252.63
464,2020,2,2022,3,1173.8,14426.43
464,2020,3,2023,4,181.87,14608.3
464,2020,4,2024,5,535.04,15143.34
467,2020,0,2020,1,7290.81,7290.81
467,2020,1,2021,2,2867.16,10157.97
467,2020,2,2022,3,1779.51,11937.48
467,2020,3,2023,4,7.76,11945.24
467,2020,4,2024,5,492.33,12437.57
468,2020,0,2020,1,209.18,209.18
468,2020,1,2021,2,102.87,312.05
468,2020,2,2022,3,42.33,354.38
468,2020,3,2023,4,11.36,365.74
468,2020,4,2024,5,0,365.74
469,2020,0,2020,1,5390.4,5390.4
469,2020,1,2021,2,1913.04,7303.44
469,2020,2,2022,3,502.04,7805.48
469,2020,3,2023,4,629.58,8435.06
469,2020,4,2024,5,369.82,8804.88
470,2020,0,2020,1,9404.52,9390.33
470,2020,1,2021,2,4124.57,13508.67
470,2020,2,2022,3,897.9,14405.22
470,2020,3,2023,4,648.05,15052.29
470,2020,4,2024,5,457.47,15509.07
471,2020,0,2020,1,22123.62,22123.62
471,2020,1,2021,2,7748.73,29872.34
471,2020,2,2022,3,5082.82,34955.17
471,2020,3,2023,4,111.44,35066.61
471,2020,4,2024,5,136.43,35203.04
472,2020,0,2020,1,19412.52,19412.52
472,2020,1,2021,2,6567.79,25980.31
472,2020,2,2022,3,2707.85,28688.16
472,2020,3,2023,4,728.79,29416.95
472,2020,4,2024,5,1854.08,31271.03
473,2020,0,2020,1,7530.43,7530.43
473,2020,1,2021,2,3397.5,10927.93
473,2020,2,2022,3,1488.39,12416.32
473,2020,3,2023,4,252.12,12668.45
473,2020,4,2024,5,390.83,13059.28
474,2020,0,2020,1,23122.34,23122.34
474,2020,1,2021,2,10754.16,33876.5
474,2020,2,2022,3,4840.49,38716.99
474,2020,3,2023,4,702.24,39419.23
474,2020,4,2024,5,138.21,39557.44
475,2020,0,2020,1,14958.43,14958.43
475,2020,1,2021,2,5631.93,20590.36
475,2020,2,2022,3,2668.27,23258.63
475,2020,3,2023,4,1028.62,24287.25
475,2020,4,2024,5,0,24287.25
476,2020,0,2020,1,6048.17,6048.17
476,2020,1,2021,2,2329.73,8377.9
476,2020,2,2022,3,598.52,8976.42
476,2020,3,2023,4,512.8,9489.22
476,2020,4,2024,5,380.59,9869.81
477,2020,0,2020,1,13521.86,13320.57
477,2020,1,2021,2,6311.78,19538.39
477,2020,2,2022,3,1222.5,20742.69
477,2020,3,2023,4,2.47,20745.13
477,2020,4,2024,5,1154.87,21882.8
478,2020,0,2020,1,2364.35,2364.35
478,2020,1,2021,2,808.5,3172.85
478,2020,2,2022,3,313.14,3485.99
478,2020,3,2023,4,222,3707.99
478,2020,4,2024,5,136.21,3844.2
479,2020,0,2020,1,7241.2,7241.2
479,2020,1,2021,2,3188.81,10430.01
479,2020,2,2022,3,665.35,11095.36
479,2020,3,2023,4,892.33,11987.69
479,2020,4,2024,5,46.01,12033.7
480,2020,0,2020,1,12438.44,12438.44
480,2020,1,2021,2,5796.28,18234.73
480,2020,2,2022,3,2785.93,21020.66
480,2020,3,2023,4,37.62,21058.28
480,2020,4,2024,5,161,21219.28
482,2020,0,2020,1,6278.58,6278.58
482,2020,1,2021,2,3072.24,9350.82
482,2020,2,2022,3,1140.64,10491.46
482,2020,3,2023,4,245.41,10736.87
482,2020,4,2024,5,107.59,10844.46
483,2020,0,2020,1,506.21,500.65
483,2020,1,2021,2,293.02,790.45
483,2020,2,2022,3,16.4,806.67
483,2020,3,2023,4,5.84,812.44
483,2020,4,2024,5,24.25,836.42
486,2020,0,2020,1,37976.22,37976.22
486,2020,1,2021,2,16838.64,54814.86
486,2020,2,2022,3,4934.29,59749.15
486,2020,3,2023,4,2937.5,62686.65
486,2020,4,2024,5,0,62686.65
490,2020,0,2020,1,1341.67,1341.67
490,2020,1,2021,2,666.54,2008.21
490,2020,2,2022,3,176.4,2184.61
490,2020,3,2023,4,132.69,2317.3
490,2020,4,2024,5,0.83,2318.13
491,2020,0,2020,1,8457.75,8351.41
491,2020,1,2021,2,3518.23,11825.41
491,2020,2,2022,3,797.92,12613.3
491,2020,3,2023,4,366.51,12975.2
491,2020,4,2024,5,472.7,13441.96
492,2020,0,2020,1,879.92,864.65
492,2020,1,2021,2,391.09,1248.95
492,2020,2,2022,3,172.8,1418.75
492,2020,3,2023,4,28.38,1446.64
492,2020,4,2024,5,5.25,1451.8
493,2020,0,2020,1,4434.32,4434.32
493,2020,1,2021,2,1880.25,6314.58
493,2020,2,2022,3,700.92,7015.5
493,2020,3,2023,4,692.42,7707.92
493,2020,4,2024,5,25.75,7733.67
495,2020,0,2020,1,5238.5,5238.5
495,2020,1,2021,2,2141.35,7379.85
495,2020,2,2022,3,892.26,8272.11
495,2020,3,2023,4,429.31,8701.42
495,2020,4,2024,5,0,8701.42
496,2020,0,2020,1,9080.79,9080.79
496,2020,1,2021,2,4370.5,13451.29
496,2020,2,2022,3,288.81,13740.1
496,2020,3,2023,4,1065.69,14805.79
496,2020,4,2024,5,285.16,15090.95
497,2020,0,2020,1,6138.92,6138.92
497,2020,1,2021,2,2583.23,8722.15
497,2020,2,2022,3,837.9,9560.06
497,2020,3,2023,4,661.6,10221.66
497,2020,4,2024,5,0,10221.66
498,2020,0,2020,1,29116.82,29116.82
498,2020,1,2021,2,11808.87,40925.69
498,2020,2,2022,3,5251.69,46177.38
498,2020,3,2023,4,651.03,46828.41
498,2020,4,2024,5,2132.41,48960.82
499,2020,0,2020,1,1560.86,1560.86
499,2020,1,2021,2,548.06,2108.91
499,2020,2,2022,3,424.79,2533.7
499,2020,3,2023,4,79.29,2612.99
499,2020,4,2024,5,12.28,2625.27
501,2020,0,2020,1,3852.36,3809.25
501,2020,1,2021,2,1599.55,5390.9
501,2020,2,2022,3,86.46,5476.39
501,2020,3,2023,4,672.91,6141.78
501,2020,4,2024,5,28.11,6169.57
502,2020,0,2020,1,7148.46,7148.46
502,2020,1,2021,2,3070.06,10218.52
502,2020,2,2022,3,1380.02,11598.54
502,2020,3,2023,4,544.39,12142.93
502,2020,4,2024,5,69.87,12212.8
505,2020,0,2020,1,15020.21,14909.22
505,2020,1,2021,2,5900.31,20765.93
505,2020,2,2022,3,2243.19,22992.54
505,2020,3,2023,4,107.5,23099.24
505,2020,4,2024,5,610.7,23705.43
507,2020,0,2020,1,8448.01,8448.01
507,2020,1,2021,2,3025.21,11473.22
507,2020,2,2022,3,1645.23,13118.45
507,2020,3,2023,4,73.69,13192.13
507,2020,4,2024,5,394.4,13586.53
508,2020,0,2020,1,35838.18,35838.18
508,2020,1,2021,2,14677.51,50515.7
508,2020,2,2022,3,9691.58,60207.28
508,2020,3,2023,4,625.46,60832.74
508,2020,4,2024,5,1011.72,61844.46
509,2020,0,2020,1,3783.7,3783.7
509,2020,1,2021,2,1652.92,5436.62
509,2020,2,2022,3,701.21,6137.83
509,2020,3,2023,4,3.94,6141.76
509,2020,4,2024,5,265.97,6407.73
512,2020,0,2020,1,14532.32,14494.55
512,2020,1,2021,2,5525.11,20005.3
512,2020,2,2022,3,2303.52,22302.82
512,2020,3,2023,4,618.03,22919.24
512,2020,4,2024,5,597.3,23514.99
513,2020,0,2020,1,13550.62,13550.62
513,2020,1,2021,2,4733.03,18283.65
513,2020,2,2022,3,2730.73,21014.38
513,2020,3,2023,4,1205.73,22220.11
513,2020,4,2024,5,0,22220.11
514,2020,0,2020,1,9234.38,9234.38
514,2020,1,2021,2,3804.17,13038.55
514,2020,2,2022,3,1881.24,14919.79
514,2020,3,2023,4,412.31,15332.1
514,2020,4,2024,5,409.77,15741.87
515,2020,0,2020,1,95582.29,95582.29
515,2020,1,2021,2,49727.12,145309.41
515,2020,2,2022,3,5251.59,150561
515,2020,3,2023,4,11477.11,162038.11
515,2020,4,2024,5,1659.9,163698.01
516,2020,0,2020,1,18059.15,18059.15
516,2020,1,2021,2,6309.8,24368.95
516,2020,2,2022,3,4397.49,28766.44
516,2020,3,2023,4,45.79,28812.23
516,2020,4,2024,5,0,28812.23
517,2020,0,2020,1,12560.59,12496.19
517,2020,1,2021,2,4036.59,16512.08
517,2020,2,2022,3,1530.13,18034.37
517,2020,3,2023,4,695.57,18726.38
517,2020,4,2024,5,496.95,19220.77
519,2020,0,2020,1,8413.86,8413.86
519,2020,1,2021,2,4219.69,12633.56
519,2020,2,2022,3,1545.28,14178.84
519,2020,3,2023,4,134.9,14313.73
519,2020,4,2024,5,301.21,14614.94
520,2020,0,2020,1,18753.72,18753.72
520,2020,1,2021,2,8551.33,27305.06
520,2020,2,2022,3,2239.54,29544.59
520,2020,3,2023,4,1666.53,31211.12
520,2020,4,2024,5,551.27,31762.39
522,2020,0,2020,1,10775.73,10617.62
522,2020,1,2021,2,3697.08,14260.45
522,2020,2,2022,3,773.49,15022.59
522,2020,3,2023,4,968.26,15976.65
522,2020,4,2024,5,166.43,16140.64
523,2020,0,2020,1,20382.06,19694.38
523,2020,1,2021,2,7954.06,27380.07
523,2020,2,2022,3,1605.36,28931.27
523,2020,3,2023,4,2094.79,30955.38
523,2020,4,2024,5,172.1,31121.67
525,2020,0,2020,1,3432.52,3432.52
525,2020,1,2021,2,1356.48,4789.01
525,2020,2,2022,3,944.68,5733.69
525,2020,3,2023,4,143.19,5876.88
525,2020,4,2024,5,0,5876.88
526,2020,0,2020,1,23636.86,23636.86
526,2020,1,2021,2,8322.68,31959.54
526,2020,2,2022,3,4254.39,36213.93
526,2020,3,2023,4,995.66,37209.59
526,2020,4,2024,5,361.3,37570.89
530,2020,0,2020,1,14234.97,13794.01
530,2020,1,2021,2,5729.23,19345.75
530,2020,2,2022,3,1611.34,20907.18
530,2020,3,2023,4,704.14,21589.5
530,2020,4,2024,5,88.21,21674.98
531,2020,0,2020,1,5830.86,5825.35
531,2020,1,2021,2,2798.7,8621.4
531,2020,2,2022,3,529.11,9150.01
531,2020,3,2023,4,506.58,9656.1
531,2020,4,2024,5,274.59,9930.43
532,2020,0,2020,1,12879.97,12879.97
532,2020,1,2021,2,5050.15,17930.12
532,2020,2,2022,3,2245.73,20175.85
532,2020,3,2023,4,634.12,20809.97
532,2020,4,2024,5,1029.62,21839.59
535,2020,0,2020,1,9952.75,9952.75
535,2020,1,2021,2,5055.93,15008.68
535,2020,2,2022,3,1435.52,16444.2
535,2020,3,2023,4,328.78,16772.98
535,2020,4,2024,5,731.3,17504.28
537,2020,0,2020,1,24597.98,24597.98
537,2020,1,2021,2,10483.74,35081.73
537,2020,2,2022,3,2637.94,37719.66
537,2020,3,2023,4,2200.46,39920.12
537,2020,4,2024,5,1289.72,41209.84
538,2020,0,2020,1,127672.7,127672.7
538,2020,1,2021,2,47633.94,175306.64
538,2020,2,2022,3,27960.75,203267.4
538,2020,3,2023,4,2074.91,205342.31
538,2020,4,2024,5,4084.38,209426.69
539,2020,0,2020,1,17074.94,16961.86
539,2020,1,2021,2,6589.7,23507.92
539,2020,2,2022,3,1692.16,25188.88
539,2020,3,2023,4,1773.69,26950.82
539,2020,4,2024,5,481.58,27429.21
540,2020,0,2020,1,149.72,149.72
540,2020,1,2021,2,63.72,213.44
540,2020,2,2022,3,19.26,232.7
540,2020,3,2023,4,12.23,244.93
540,2020,4,2024,5,5.92,250.85
545,2020,0,2020,1,24057.72,23766.76
545,2020,1,2021,2,9477.98,33130.12
545,2020,2,2022,3,3981.55,37063.52
545,2020,3,2023,4,542.53,37599.49
545,2020,4,2024,5,1116.66,38702.65
546,2020,0,2020,1,1505.74,1505.74
546,2020,1,2021,2,495.18,2000.92
546,2020,2,2022,3,219,2219.91
546,2020,3,2023,4,152.39,2372.3
546,2020,4,2024,5,56.8,2429.1
547,2020,0,2020,1,13846.69,13846.69
547,2020,1,2021,2,6320.69,20167.38
547,2020,2,2022,3,2178.97,22346.35
547,2020,3,2023,4,258.15,22604.5
547,2020,4,2024,5,911.88,23516.38
549,2020,0,2020,1,7748.53,7748.53
549,2020,1,2021,2,3222.11,10970.64
549,2020,2,2022,3,1160.68,12131.32
549,2020,3,2023,4,365.99,12497.31
549,2020,4,2024,5,0,12497.31
550,2020,0,2020,1,2206.99,2206.99
550,2020,1,2021,2,1094.29,3301.28
550,2020,2,2022,3,420.18,3721.46
550,2020,3,2023,4,145.44,3866.9
550,2020,4,2024,5,0,3866.9
551,2020,0,2020,1,4847.92,4847.92
551,2020,1,2021,2,2198.42,7046.34
551,2020,2,2022,3,1155.81,8202.14
551,2020,3,2023,4,25.94,8228.08
551,2020,4,2024,5,341.76,8569.84
552,2020,0,2020,1,2808.06,2768.27
552,2020,1,2021,2,1439.35,4187.22
552,2020,2,2022,3,173.86,4358.61
552,2020,3,2023,4,247.76,4602.86
552,2020,4,2024,5,154.3,4754.98
554,2020,0,2020,1,2765.78,2765.78
554,2020,1,2021,2,948.41,3714.19
554,2020,2,2022,3,422.73,4136.92
554,2020,3,2023,4,268.07,4404.99
554,2020,4,2024,5,142.24,4547.23
556,2020,0,2020,1,6643.44,6643.44
556,2020,1,2021,2,2545.01,9188.45
556,2020,2,2022,3,861.32,10049.77
556,2020,3,2023,4,546.45,10596.22
556,2020,4,2024,5,507.24,11103.46
557,2020,0,2020,1,1495.33,1495.33
557,2020,1,2021,2,781.88,2277.22
557,2020,2,2022,3,146.1,2423.32
557,2020,3,2023,4,115.22,2538.54
557,2020,4,2024,5,0,2538.54
559,2020,0,2020,1,22692.63,22692.63
559,2020,1,2021,2,9160.5,31853.14
559,2020,2,2022,3,4039.7,35892.84
559,2020,3,2023,4,464.75,36357.59
559,2020,4,2024,5,0,36357.59
560,2020,0,2020,1,29937.38,29937.38
560,2020,1,2021,2,10390.04,40327.42
560,2020,2,2022,3,7435.09,47762.5
560,2020,3,2023,4,695.75,48458.25
560,2020,4,2024,5,748.67,49206.92
561,2020,0,2020,1,13040,13040
561,2020,1,2021,2,4612.72,17652.72
561,2020,2,2022,3,1760.74,19413.46
561,2020,3,2023,4,222.42,19635.88
561,2020,4,2024,5,1009.67,20645.55
562,2020,0,2020,1,16249.27,16249.27
562,2020,1,2021,2,7867.09,24116.37
562,2020,2,2022,3,2062.42,26178.79
562,2020,3,2023,4,1173.25,27352.04
562,2020,4,2024,5,0,27352.04
564,2020,0,2020,1,8873.51,8873.51
564,2020,1,2021,2,3181.08,12054.6
564,2020,2,2022,3,1228.89,13283.48
564,2020,3,2023,4,1153.92,14437.4
564,2020,4,2024,5,0,14437.4
565,2020,0,2020,1,3855.63,3810.44
565,2020,1,2021,2,1700.35,5490.87
565,2020,2,2022,3,441.07,5926.77
565,2020,3,2023,4,93.91,6019.58
565,2020,4,2024,5,218.11,6235.14
566,2020,0,2020,1,2365.1,2350.33
566,2020,1,2021,2,1177.31,3520.29
566,2020,2,2022,3,169.71,3688.94
566,2020,3,2023,4,298.62,3985.69
566,2020,4,2024,5,3.9,3989.56
567,2020,0,2020,1,9817.41,9772.99
567,2020,1,2021,2,4071.02,13825.6
567,2020,2,2022,3,1771.91,15589.49
567,2020,3,2023,4,302.37,15890.49
567,2020,4,2024,5,258.16,16147.49
568,2020,0,2020,1,15140.71,15140.71
568,2020,1,2021,2,7241.11,22381.82
568,2020,2,2022,3,1731.28,24113.1
568,2020,3,2023,4,1697.13,25810.23
568,2020,4,2024,5,50.16,25860.39
569,2020,0,2020,1,14653.41,14653.41
569,2020,1,2021,2,6740.29,21393.71
569,2020,2,2022,3,1541.04,22934.75
569,2020,3,2023,4,1207.8,24142.55
569,2020,4,2024,5,298.71,24441.26
570,2020,0,2020,1,24983.61,24983.61
570,2020,1,2021,2,9979.92,34963.53
570,2020,2,2022,3,2894.18,37857.71
570,2020,3,2023,4,3765.6,41623.31
570,2020,4,2024,5,0,41623.31
571,2020,0,2020,1,12820.64,12820.64
571,2020,1,2021,2,5836.78,18657.42
571,2020,2,2022,3,1487.64,20145.06
571,2020,3,2023,4,1100.94,21246
571,2020,4,2024,5,823.06,22069.06
572,2020,0,2020,1,6032.82,6032.82
572,2020,1,2021,2,2934.61,8967.44
572,2020,2,2022,3,855.86,9823.3
572,2020,3,2023,4,327.68,10150.98
572,2020,4,2024,5,0,10150.98
573,2020,0,2020,1,35700.94,35700.94
573,2020,1,2021,2,12242.48,47943.42
573,2020,2,2022,3,7286.52,55229.94
573,2020,3,2023,4,1508.55,56738.49
573,2020,4,2024,5,1155.92,57894.41
574,2020,0,2020,1,4831.43,4815.72
574,2020,1,2021,2,2529.97,7337.46
574,2020,2,2022,3,610.14,7945.62
574,2020,3,2023,4,192.34,8137.33
574,2020,4,2024,5,236.32,8372.88
576,2020,0,2020,1,9968.59,9968.59
576,2020,1,2021,2,3925.67,13894.26
576,2020,2,2022,3,2175.19,16069.46
576,2020,3,2023,4,715.32,16784.78
576,2020,4,2024,5,540.77,17325.55
577,2020,0,2020,1,2302.88,2302.88
577,2020,1,2021,2,826.64,3129.52
577,2020,2,2022,3,397.7,3527.22
577,2020,3,2023,4,78.37,3605.59
577,2020,4,2024,5,139.75,3745.34
579,2020,0,2020,1,18147.3,18147.3
579,2020,1,2021,2,6511.53,24658.83
579,2020,2,2022,3,3959.38,28618.21
579,2020,3,2023,4,1261.33,29879.54
579,2020,4,2024,5,0,29879.54
581,2020,0,2020,1,13353.78,13353.78
581,2020,1,2021,2,4953.81,18307.59
581,2020,2,2022,3,1384.05,19691.64
581,2020,3,2023,4,1708.38,21400.02
581,2020,4,2024,5,174.68,21574.7
582,2020,0,2020,1,16532.21,16532.21
582,2020,1,2021,2,8582.61,25114.82
582,2020,2,2022,3,756.39,25871.21
582,2020,3,2023,4,1293.56,27164.78
582,2020,4,2024,5,638.28,27803.06
583,2020,0,2020,1,1915.06,1871.77
583,2020,1,2021,2,825.73,2678.83
583,2020,2,2022,3,297.5,2969.6
583,2020,3,2023,4,37.63,3006.38
583,2020,4,2024,5,54.28,3059.44
584,2020,0,2020,1,4537.08,4537.08
584,2020,1,2021,2,1760.31,6297.39
584,2020,2,2022,3,637.88,6935.26
584,2020,3,2023,4,431.46,7366.72
584,2020,4,2024,5,175.52,7542.24
586,2020,0,2020,1,1399.86,1389.13
586,2020,1,2021,2,594.98,1979.55
586,2020,2,2022,3,268.18,2245.67
586,2020,3,2023,4,44.32,2289.65
586,2020,4,2024,5,15.43,2304.97
587,2020,0,2020,1,15741.61,15483.48
587,2020,1,2021,2,5673.5,21063.94
587,2020,2,2022,3,1897.26,22930.09
587,2020,3,2023,4,1768.2,24669.3
587,2020,4,2024,5,447.04,25109.02
588,2020,0,2020,1,3376.45,3376.45
588,2020,1,2021,2,1583.78,4960.23
588,2020,2,2022,3,337.33,5297.56
588,2020,3,2023,4,384.07,5681.63
588,2020,4,2024,5,0,5681.63
589,2020,0,2020,1,12576.9,12059.34
589,2020,1,2021,2,5822.42,17642.16
589,2020,2,2022,3,1278.61,18868.16
589,2020,3,2023,4,937.25,19766.84
589,2020,4,2024,5,315.58,20069.44
590,2020,0,2020,1,7151.37,7151.37
590,2020,1,2021,2,2196.98,9348.35
590,2020,2,2022,3,1965.23,11313.58
590,2020,3,2023,4,150.89,11464.47
590,2020,4,2024,5,0,11464.47
591,2020,0,2020,1,2078.61,2078.61
591,2020,1,2021,2,880.77,2959.39
591,2020,2,2022,3,547.48,3506.87
591,2020,3,2023,4,0,3506.87
591,2020,4,2024,5,0,3506.87
592,2020,0,2020,1,3928.35,3928.35
592,2020,1,2021,2,1184.42,5112.77
592,2020,2,2022,3,1070.96,6183.73
592,2020,3,2023,4,163.61,6347.34
592,2020,4,2024,5,0,6347.34
593,2020,0,2020,1,2275.93,2148.86
593,2020,1,2021,2,1088.34,3176.43
593,2020,2,2022,3,252.33,3414.68
593,2020,3,2023,4,55.17,3466.77
593,2020,4,2024,5,17.17,3482.98
594,2020,0,2020,1,3681.42,3681.42
594,2020,1,2021,2,1507.72,5189.15
594,2020,2,2022,3,757.17,5946.31
594,2020,3,2023,4,104.54,6050.85
594,2020,4,2024,5,58.52,6109.37
596,2020,0,2020,1,7920.69,7817.57
596,2020,1,2021,2,2858.37,10638.73
596,2020,2,2022,3,2223.95,12833.72
596,2020,3,2023,4,211.94,13042.9
596,2020,4,2024,5,80.01,13121.87
597,2020,0,2020,1,14912.87,14912.87
597,2020,1,2021,2,5029.02,19941.89
597,2020,2,2022,3,3851.19,23793.08
597,2020,3,2023,4,830.57,24623.65
597,2020,4,2024,5,220.25,24843.9
598,2020,0,2020,1,10596.18,10531.47
598,2020,1,2021,2,4507.33,15011.28
598,2020,2,2022,3,1445.71,16448.16
598,2020,3,2023,4,1041.68,17483.48
598,2020,4,2024,5,319.49,17801.02
599,2020,0,2020,1,6485.3,6485.3
599,2020,1,2021,2,3409.13,9894.43
599,2020,2,2022,3,448.83,10343.26
599,2020,3,2023,4,495.52,10838.78
599,2020,4,2024,5,98.39,10937.17
601,2020,0,2020,1,4699.69,4699.69
601,2020,1,2021,2,1692.41,6392.1
601,2020,2,2022,3,749.55,7141.65
601,2020,3,2023,4,263.51,7405.16
601,2020,4,2024,5,313.79,7718.95
603,2020,0,2020,1,6957.36,6896.88
603,2020,1,2021,2,2759.96,9632.85
603,2020,2,2022,3,1220.17,10842.41
603,2020,3,2023,4,53.2,10895.15
603,2020,4,2024,5,329.98,11222.27
605,2020,0,2020,1,13188.89,13188.89
605,2020,1,2021,2,8033.67,21222.56
605,2020,2,2022,3,2132.58,23355.14
605,2020,3,2023,4,735.87,24091.01
605,2020,4,2024,5,357.62,24448.63
606,2020,0,2020,1,5086.18,5086.18
606,2020,1,2021,2,2110.53,7196.71
606,2020,2,2022,3,766.45,7963.16
606,2020,3,2023,4,369.53,8332.69
606,2020,4,2024,5,0,8332.69
607,2020,0,2020,1,12901.68,12761.88
607,2020,1,2021,2,4095.95,16813.44
607,2020,2,2022,3,2827.22,19610.03
607,2020,3,2023,4,739.97,20341.98
607,2020,4,2024,5,271.53,20610.57
608,2020,0,2020,1,6652.26,6652.26
608,2020,1,2021,2,2694.8,9347.05
608,2020,2,2022,3,1071.62,10418.68
608,2020,3,2023,4,955.44,11374.12
608,2020,4,2024,5,0,11374.12
609,2020,0,2020,1,2795.1,2795.1
609,2020,1,2021,2,1149.58,3944.68
609,2020,2,2022,3,596.3,4540.98
609,2020,3,2023,4,111.78,4652.76
609,2020,4,2024,5,37.76,4690.52
612,2020,0,2020,1,10847.09,10847.09
612,2020,1,2021,2,5436.89,16283.98
612,2020,2,2022,3,1365.91,17649.89
612,2020,3,2023,4,1184.46,18834.35
612,2020,4,2024,5,0,18834.35
613,2020,0,2020,1,14467.63,14467.63
613,2020,1,2021,2,7244.62,21712.25
613,2020,2,2022,3,2275.04,23987.3
613,2020,3,2023,4,530.64,24517.94
613,2020,4,2024,5,0,24517.94
614,2020,0,2020,1,87675.18,85672.84
614,2020,1,2021,2,29209.98,114215.72
614,2020,2,2022,3,16294.74,130138.32
614,2020,3,2023,4,2277.85,132364.15
614,2020,4,2024,5,2699.25,135001.75
617,2020,0,2020,1,16052.76,16046.4
617,2020,1,2021,2,5525.57,21569.78
617,2020,2,2022,3,3679.04,25247.36
617,2020,3,2023,4,1165.36,26412.26
617,2020,4,2024,5,76.94,26489.17
618,2020,0,2020,1,8780.45,8780.45
618,2020,1,2021,2,3261.08,12041.52
618,2020,2,2022,3,863.55,12905.07
618,2020,3,2023,4,1021.56,13926.63
618,2020,4,2024,5,405.74,14332.37
619,2020,0,2020,1,8272.22,8272.22
619,2020,1,2021,2,2231.1,10503.32
619,2020,2,2022,3,1343.58,11846.89
619,2020,3,2023,4,1360.14,13207.03
619,2020,4,2024,5,0,13207.03
620,2020,0,2020,1,9233.51,9233.51
620,2020,1,2021,2,4669.82,13903.34
620,2020,2,2022,3,1627.17,15530.51
620,2020,3,2023,4,207.31,15737.82
620,2020,4,2024,5,288.5,16026.32
621,2020,0,2020,1,11269.35,11244.16
621,2020,1,2021,2,4286.7,15521.28
621,2020,2,2022,3,2074.16,17590.8
621,2020,3,2023,4,783.28,18372.33
621,2020,4,2024,5,523.05,18894.21
622,2020,0,2020,1,8066.22,8066.22
622,2020,1,2021,2,3548.21,11614.44
622,2020,2,2022,3,661.72,12276.15
622,2020,3,2023,4,888.17,13164.32
622,2020,4,2024,5,34.18,13198.5
624,2020,0,2020,1,10715.75,10657.28
624,2020,1,2021,2,4804.62,15435.69
624,2020,2,2022,3,2435.13,17857.53
624,2020,3,2023,4,342.32,18197.99
624,2020,4,2024,5,26.01,18223.85
625,2020,0,2020,1,103197.24,103197.24
625,2020,1,2021,2,48061.24,151258.48
625,2020,2,2022,3,10352.71,161611.19
625,2020,3,2023,4,10966.66,172577.86
625,2020,4,2024,5,578.08,173155.94
626,2020,0,2020,1,18198.01,18198.01
626,2020,1,2021,2,7929.36,26127.37
626,2020,2,2022,3,2515.53,28642.9
626,2020,3,2023,4,872.28,29515.18
626,2020,4,2024,5,798.08,30313.26
628,2020,0,2020,1,1915.37,1915.37
628,2020,1,2021,2,632.27,2547.64
628,2020,2,2022,3,501.5,3049.14
628,2020,3,2023,4,88.31,3137.45
628,2020,4,2024,5,0,3137.45
629,2020,0,2020,1,99670.89,99670.89
629,2020,1,2021,2,45601.76,145272.65
629,2020,2,2022,3,19799.38,165072.03
629,2020,3,2023,4,6411.83,171483.86
629,2020,4,2024,5,0,171483.86
630,2020,0,2020,1,37392.65,36490.05
630,2020,1,2021,2,16282.88,52379.89
630,2020,2,2022,3,5601.92,57846.59
630,2020,3,2023,4,232.42,58073.4
630,2020,4,2024,5,1117.03,59163.46
631,2020,0,2020,1,9603.48,9603.48
631,2020,1,2021,2,4630,14233.48
631,2020,2,2022,3,1686.45,15919.93
631,2020,3,2023,4,776.56,16696.49
631,2020,4,2024,5,0,16696.49
632,2020,0,2020,1,15622.9,15342.16
632,2020,1,2021,2,6449.33,21675.6
632,2020,2,2022,3,3112.18,24731.86
632,2020,3,2023,4,56.84,24787.69
632,2020,4,2024,5,141.99,24927.13
633,2020,0,2020,1,4312.93,4312.93
633,2020,1,2021,2,1497.87,5810.8
633,2020,2,2022,3,636.76,6447.56
633,2020,3,2023,4,357.78,6805.34
633,2020,4,2024,5,320.21,7125.55
634,2020,0,2020,1,5338.53,5287.54
634,2020,1,2021,2,2365.42,7630.37
634,2020,2,2022,3,1083.81,8703.83
634,2020,3,2023,4,14.32,8718.02
634,2020,4,2024,5,106.68,8823.68
635,2020,0,2020,1,2711.89,2711.89
635,2020,1,2021,2,1348.58,4060.47
635,2020,2,2022,3,356.91,4417.38
635,2020,3,2023,4,171.34,4588.72
635,2020,4,2024,5,0,4588.72
636,2020,0,2020,1,38276.05,38276.05
636,2020,1,2021,2,16047.61,54323.66
636,2020,2,2022,3,2868.89,57192.55
636,2020,3,2023,4,5267.09,62459.64
636,2020,4,2024,5,0,62459.64
638,2020,0,2020,1,10472.62,10472.62
638,2020,1,2021,2,4395.65,14868.27
638,2020,2,2022,3,1519.69,16387.96
638,2020,3,2023,4,1138.89,17526.85
638,2020,4,2024,5,68.55,17595.4
639,2020,0,2020,1,427.2,422.52
639,2020,1,2021,2,218.15,638.28
639,2020,2,2022,3,62.04,699.64
639,2020,3,2023,4,7.39,706.95
639,2020,4,2024,5,14.18,720.97
640,2020,0,2020,1,3672.72,3606.14
640,2020,1,2021,2,1700.84,5276.15
640,2020,2,2022,3,552.83,5818.96
640,2020,3,2023,4,177.43,5993.17
640,2020,4,2024,5,4.84,5997.92
641,2020,0,2020,1,6905.41,6905.41
641,2020,1,2021,2,2740.98,9646.39
641,2020,2,2022,3,1342.1,10988.5
641,2020,3,2023,4,348.35,11336.84
641,2020,4,2024,5,9.04,11345.88
642,2020,0,2020,1,10821.63,10802.86
642,2020,1,2021,2,4143.38,14939.05
642,2020,2,2022,3,716.21,15654.02
642,2020,3,2023,4,970.34,16622.68
642,2020,4,2024,5,681.21,17302.71
643,2020,0,2020,1,47147.76,47147.76
643,2020,1,2021,2,23534.24,70682
643,2020,2,2022,3,12981.92,83663.92
643,2020,3,2023,4,1344.15,85008.07
643,2020,4,2024,5,0,85008.07
645,2020,0,2020,1,6528.43,6500.21
645,2020,1,2021,2,3886.27,10369.69
645,2020,2,2022,3,451.49,10819.23
645,2020,3,2023,4,464.08,11281.31
645,2020,4,2024,5,249.43,11529.66
647,2020,0,2020,1,665.09,665.09
647,2020,1,2021,2,266.23,931.31
647,2020,2,2022,3,110.2,1041.51
647,2020,3,2023,4,50.26,1091.77
647,2020,4,2024,5,0,1091.77
650,2020,0,2020,1,29978.91,29978.91
650,2020,1,2021,2,12526.03,42504.93
650,2020,2,2022,3,4332.9,46837.84
650,2020,3,2023,4,106.73,46944.57
650,2020,4,2024,5,2107.74,49052.31
652,2020,0,2020,1,121124.93,121124.93
652,2020,1,2021,2,38640.31,159765.25
652,2020,2,2022,3,32697.78,192463.03
652,2020,3,2023,4,0,192463.03
652,2020,4,2024,5,0,192463.03
653,2020,0,2020,1,36345.14,36345.14
653,2020,1,2021,2,16799.55,53144.69
653,2020,2,2022,3,7718.65,60863.34
653,2020,3,2023,4,0,60863.34
653,2020,4,2024,5,0,60863.34
654,2020,0,2020,1,27247.74,27247.74
654,2020,1,2021,2,13645.28,40893.02
654,2020,2,2022,3,5900.76,46793.78
654,2020,3,2023,4,1283.57,48077.35
654,2020,4,2024,5,753.07,48830.42
655,2020,0,2020,1,18448.14,18448.14
655,2020,1,2021,2,5410.01,23858.15
655,2020,2,2022,3,5067.49,28925.64
655,2020,3,2023,4,105.09,29030.73
655,2020,4,2024,5,0,29030.73
656,2020,0,2020,1,6833.35,6833.35
656,2020,1,2021,2,3014.28,9847.63
656,2020,2,2022,3,764.49,10612.12
656,2020,3,2023,4,53.12,10665.25
656,2020,4,2024,5,571.29,11236.54
657,2020,0,2020,1,5800.05,5800.05
657,2020,1,2021,2,2595.36,8395.41
657,2020,2,2022,3,663.15,9058.56
657,2020,3,2023,4,637.57,9696.13
657,2020,4,2024,5,0,9696.13
658,2020,0,2020,1,628.4,614.37
658,2020,1,2021,2,250.27,859.06
658,2020,2,2022,3,88.73,945.81
658,2020,3,2023,4,8.46,954.07
658,2020,4,2024,5,11.84,965.65
659,2020,0,2020,1,507.58,507.58
659,2020,1,2021,2,195.7,703.28
659,2020,2,2022,3,76.69,779.97
659,2020,3,2023,4,52.29,832.26
659,2020,4,2024,5,0,832.26
662,2020,0,2020,1,3662.01,3662.01
662,2020,1,2021,2,1649.04,5311.06
662,2020,2,2022,3,676.54,5987.59
662,2020,3,2023,4,209.94,6197.53
662,2020,4,2024,5,83.53,6281.06
665,2020,0,2020,1,1474.45,1441.44
665,2020,1,2021,2,565.23,1994.02
665,2020,2,2022,3,329.9,2316.54
665,2020,3,2023,4,20.22,2336.3
665,2020,4,2024,5,25.88,2361.6
666,2020,0,2020,1,25495.77,25375.22
666,2020,1,2021,2,13105.21,38418.47
666,2020,2,2022,3,3572.79,41974.36
666,2020,3,2023,4,811.16,42781.69
666,2020,4,2024,5,1511.58,44286.12
667,2020,0,2020,1,1821.19,1821.19
667,2020,1,2021,2,949.2,2770.39
667,2020,2,2022,3,7.79,2778.18
667,2020,3,2023,4,132.36,2910.54
667,2020,4,2024,5,198.85,3109.39
668,2020,0,2020,1,8088.52,8088.52
668,2020,1,2021,2,4067.39,12155.91
668,2020,2,2022,3,1105.61,13261.52
668,2020,3,2023,4,122.52,13384.04
668,2020,4,2024,5,538.8,13922.84
670,2020,0,2020,1,18825.19,18352.41
670,2020,1,2021,2,7064.59,25239.58
670,2020,2,2022,3,4020.91,29159.51
670,2020,3,2023,4,483.93,29631.28
670,2020,4,2024,5,193.19,29819.62
671,2020,0,2020,1,12254.09,12254.09
671,2020,1,2021,2,6437.67,18691.76
671,2020,2,2022,3,1596.77,20288.53
671,2020,3,2023,4,293.15,20581.68
671,2020,4,2024,5,608.68,21190.36
672,2020,0,2020,1,13281.35,13281.35
672,2020,1,2021,2,3877.82,17159.17
672,2020,2,2022,3,2402.49,19561.65
672,2020,3,2023,4,976.69,20538.34
672,2020,4,2024,5,314.66,20853
673,2020,0,2020,1,10190.62,10190.62
673,2020,1,2021,2,4876.9,15067.52
673,2020,2,2022,3,1096.52,16164.04
673,2020,3,2023,4,1025.66,17189.71
673,2020,4,2024,5,154.31,17344.02
674,2020,0,2020,1,13491.61,13491.61
674,2020,1,2021,2,6288.17,19779.78
674,2020,2,2022,3,2119.23,21899.01
674,2020,3,2023,4,1611.23,23510.24
674,2020,4,2024,5,380.43,23890.67
676,2020,0,2020,1,2700.45,2688.81
676,2020,1,2021,2,1247.15,3930.58
676,2020,2,2022,3,256.15,4185.63
676,2020,3,2023,4,21.18,4206.72
676,2020,4,2024,5,224.42,4430.17
677,2020,0,2020,1,12744.74,12551.68
677,2020,1,2021,2,5465.76,17934.63
677,2020,2,2022,3,2766.3,20659.02
677,2020,3,2023,4,370.06,21023.48
677,2020,4,2024,5,487.55,21503.65
678,2020,0,2020,1,3917.94,3917.94
678,2020,1,2021,2,1623.84,5541.78
678,2020,2,2022,3,616.2,6157.98
678,2020,3,2023,4,174.46,6332.44
678,2020,4,2024,5,208.17,6540.61
679,2020,0,2020,1,11878.87,11878.87
679,2020,1,2021,2,5024.27,16903.15
679,2020,2,2022,3,2861.73,19764.87
679,2020,3,2023,4,703.82,20468.69
679,2020,4,2024,5,274.34,20743.03
680,2020,0,2020,1,56888.95,55941.77
680,2020,1,2021,2,23828.6,79373.63
680,2020,2,2022,3,5453.16,84735.99
680,2020,3,2023,4,3034.34,87719.81
680,2020,4,2024,5,4921.68,92559.55
681,2020,0,2020,1,12952.33,12952.33
681,2020,1,2021,2,5248.33,18200.66
681,2020,2,2022,3,2724.7,20925.36
681,2020,3,2023,4,721.72,21647.08
681,2020,4,2024,5,0,21647.08
682,2020,0,2020,1,20665.56,20665.56
682,2020,1,2021,2,9222.21,29887.77
682,2020,2,2022,3,4975.07,34862.84
682,2020,3,2023,4,1152.17,36015.01
682,2020,4,2024,5,741.11,36756.12
683,2020,0,2020,1,866.74,866.74
683,2020,1,2021,2,284.84,1151.58
683,2020,2,2022,3,171.31,1322.9
683,2020,3,2023,4,54.27,1377.17
683,2020,4,2024,5,20.5,1397.67
684,2020,0,2020,1,7348.01,7288.25
684,2020,1,2021,2,2859.38,10124.38
684,2020,2,2022,3,744.77,10863.09
684,2020,3,2023,4,993.79,11848.8
684,2020,4,2024,5,96.57,11944.59
685,2020,0,2020,1,9450.54,9429.58
685,2020,1,2021,2,3588.98,13010.59
685,2020,2,2022,3,1937.23,14943.53
685,2020,3,2023,4,353.97,15296.71
685,2020,4,2024,5,394.76,15690.59
686,2020,0,2020,1,8515.28,8372.15
686,2020,1,2021,2,3275.76,11592.86
686,2020,2,2022,3,1137.95,12711.68
686,2020,3,2023,4,675.57,13375.9
686,2020,4,2024,5,282.81,13653.95
687,2020,0,2020,1,2593.97,2593.97
687,2020,1,2021,2,1194.91,3788.88
687,2020,2,2022,3,290.28,4079.16
687,2020,3,2023,4,184.45,4263.61
687,2020,4,2024,5,46.92,4310.53
688,2020,0,2020,1,2407.21,2315.02
688,2020,1,2021,2,1067.93,3342.05
688,2020,2,2022,3,399.13,3725.89
688,2020,3,2023,4,106.15,3827.98
688,2020,4,2024,5,1.58,3829.5
689,2020,0,2020,1,2977.08,2977.08
689,2020,1,2021,2,1110.64,4087.73
689,2020,2,2022,3,476.15,4563.88
689,2020,3,2023,4,81.91,4645.79
689,2020,4,2024,5,159.93,4805.72
690,2020,0,2020,1,17016.3,16927.56
690,2020,1,2021,2,7129.42,24019.8
690,2020,2,2022,3,3835.8,27835.59
690,2020,3,2023,4,930.9,28761.64
690,2020,4,2024,5,398.51,29158.07
691,2020,0,2020,1,5374.99,5279.82
691,2020,1,2021,2,2823.88,8053.71
691,2020,2,2022,3,53.14,8105.91
691,2020,3,2023,4,440.03,8538.15
691,2020,4,2024,5,54.42,8591.61
692,2020,0,2020,1,6523.15,6523.15
692,2020,1,2021,2,2724.71,9247.86
692,2020,2,2022,3,914.71,10162.57
692,2020,3,2023,4,171.32,10333.89
692,2020,4,2024,5,103.08,10436.97
695,2020,0,2020,1,2630.42,2630.42
695,2020,1,2021,2,991.22,3621.64
695,2020,2,2022,3,286.73,3908.37
695,2020,3,2023,4,189.67,4098.04
695,2020,4,2024,5,34.42,4132.46
696,2020,0,2020,1,7830.62,7830.62
696,2020,1,2021,2,2779.37,10609.98
696,2020,2,2022,3,1561.06,12171.05
696,2020,3,2023,4,477.79,12648.84
696,2020,4,2024,5,225.88,12874.72
697,2020,0,2020,1,1891.4,1882.3
697,2020,1,2021,2,721.52,2600.35
697,2020,2,2022,3,269.06,2868.11
697,2020,3,2023,4,164.55,3031.87
697,2020,4,2024,5,44.27,3075.93
698,2020,0,2020,1,81769.81,80845.4
698,2020,1,2021,2,32747.14,113222.33
698,2020,2,2022,3,12962.2,126037.99
698,2020,3,2023,4,6890.23,132850.32
698,2020,4,2024,5,3315.15,136127.99
699,2020,0,2020,1,14548.84,14548.84
699,2020,1,2021,2,6149.27,20698.11
699,2020,2,2022,3,1330.99,22029.1
699,2020,3,2023,4,1563.32,23592.42
699,2020,4,2024,5,0,23592.42
700,2020,0,2020,1,15447.9,15447.9
700,2020,1,2021,2,5713.88,21161.78
700,2020,2,2022,3,3137.86,24299.64
700,2020,3,2023,4,1263.98,25563.62
700,2020,4,2024,5,0,25563.62
701,2020,0,2020,1,9247.54,9247.54
701,2020,1,2021,2,3521.91,12769.44
701,2020,2,2022,3,1187.28,13956.73
701,2020,3,2023,4,312.97,14269.7
701,2020,4,2024,5,912.69,15182.39
702,2020,0,2020,1,7374.72,7374.72
702,2020,1,2021,2,3081.93,10456.65
702,2020,2,2022,3,426.08,10882.73
702,2020,3,2023,4,756.88,11639.61
702,2020,4,2024,5,222.53,11862.14
704,2020,0,2020,1,11976.27,11976.27
704,2020,1,2021,2,5272.28,17248.56
704,2020,2,2022,3,745.86,17994.42
704,2020,3,2023,4,1574.51,19568.93
704,2020,4,2024,5,0,19568.93
705,2020,0,2020,1,6984.31,6951.93
705,2020,1,2021,2,3009.03,9947
705,2020,2,2022,3,1204.1,11145.52
705,2020,3,2023,4,302.39,11446.5
705,2020,4,2024,5,90.46,11536.54
706,2020,0,2020,1,3688.04,3688.04
706,2020,1,2021,2,1758.19,5446.23
706,2020,2,2022,3,814.45,6260.68
706,2020,3,2023,4,0,6260.68
706,2020,4,2024,5,0,6260.68
707,2020,0,2020,1,16072.52,16072.52
707,2020,1,2021,2,6557.27,22629.79
707,2020,2,2022,3,2574.09,25203.88
707,2020,3,2023,4,1982.39,27186.27
707,2020,4,2024,5,0,27186.27
708,2020,0,2020,1,9837.81,9837.81
708,2020,1,2021,2,3606.27,13444.08
708,2020,2,2022,3,939.73,14383.81
708,2020,3,2023,4,937.34,15321.16
708,2020,4,2024,5,158.79,15479.95
709,2020,0,2020,1,16744.74,16154.33
709,2020,1,2021,2,8273.45,24136.06
709,2020,2,2022,3,1117.38,25214.04
709,2020,3,2023,4,366.93,25568.03
709,2020,4,2024,5,1013.06,26545.37
710,2020,0,2020,1,6856.85,6856.85
710,2020,1,2021,2,2664.79,9521.64
710,2020,2,2022,3,988.12,10509.76
710,2020,3,2023,4,694.05,11203.81
710,2020,4,2024,5,205.54,11409.35
712,2020,0,2020,1,5803.71,5803.71
712,2020,1,2021,2,2455.38,8259.09
712,2020,2,2022,3,832.29,9091.37
712,2020,3,2023,4,586.21,9677.58
712,2020,4,2024,5,0,9677.58
714,2020,0,2020,1,6009.37,5998.44
714,2020,1,2021,2,2723.69,8717.17
714,2020,2,2022,3,812.89,9528.58
714,2020,3,2023,4,270.72,9798.81
714,2020,4,2024,5,232.62,10031.01
716,2020,0,2020,1,96802.9,96802.9
716,2020,1,2021,2,37135.31,133938.2
716,2020,2,2022,3,22437.35,156375.55
716,2020,3,2023,4,2423.18,158798.73
716,2020,4,2024,5,2927.59,161726.32
718,2020,0,2020,1,5430.09,5430.09
718,2020,1,2021,2,2317.71,7747.79
718,2020,2,2022,3,717.53,8465.33
718,2020,3,2023,4,129.66,8594.99
718,2020,4,2024,5,322.16,8917.15
719,2020,0,2020,1,13207.18,13207.18
719,2020,1,2021,2,6293.89,19501.06
719,2020,2,2022,3,2211.77,21712.83
719,2020,3,2023,4,1448.92,23161.75
719,2020,4,2024,5,319.53,23481.28
720,2020,0,2020,1,75914.95,73768.73
720,2020,1,2021,2,29931.73,102854.25
720,2020,2,2022,3,8362.91,110980.73
720,2020,3,2023,4,6676.58,117468.55
720,2020,4,2024,5,1006.73,118446.82
722,2020,0,2020,1,11724.75,11724.75
722,2020,1,2021,2,5021.49,16746.25
722,2020,2,2022,3,1529.69,18275.94
722,2020,3,2023,4,1706.82,19982.76
722,2020,4,2024,5,55.24,20038
723,2020,0,2020,1,3379.81,3311.82
723,2020,1,2021,2,1491.46,4773.28
723,2020,2,2022,3,453.97,5218.12
723,2020,3,2023,4,145.34,5360.53
723,2020,4,2024,5,97.97,5456.53
724,2020,0,2020,1,11111.3,11111.3
724,2020,1,2021,2,4228.25,15339.55
724,2020,2,2022,3,1595.4,16934.95
724,2020,3,2023,4,1258.65,18193.6
724,2020,4,2024,5,74.43,18268.03
725,2020,0,2020,1,6339.65,6259.95
725,2020,1,2021,2,3115.42,9336.2
725,2020,2,2022,3,768.2,10094.74
725,2020,3,2023,4,606.78,10693.9
725,2020,4,2024,5,125.46,10817.78
726,2020,0,2020,1,45623.04,45623.04
726,2020,1,2021,2,22543.23,68166.27
726,2020,2,2022,3,1394.29,69560.56
726,2020,3,2023,4,7757.41,77317.97
726,2020,4,2024,5,1694.65,79012.62
727,2020,0,2020,1,2561.23,2496.3
727,2020,1,2021,2,750.79,3228.06
727,2020,2,2022,3,452.86,3669.44
727,2020,3,2023,4,28.54,3697.25
727,2020,4,2024,5,124.51,3818.6
728,2020,0,2020,1,9078.23,9078.23
728,2020,1,2021,2,3190.35,12268.59
728,2020,2,2022,3,1456.22,13724.8
728,2020,3,2023,4,785.31,14510.12
728,2020,4,2024,5,660.07,15170.19
729,2020,0,2020,1,3622.61,3622.61
729,2020,1,2021,2,1044.5,4667.11
729,2020,2,2022,3,749.95,5417.06
729,2020,3,2023,4,224.85,5641.9
729,2020,4,2024,5,71.49,5713.39
730,2020,0,2020,1,2499.05,2499.05
730,2020,1,2021,2,933.06,3432.11
730,2020,2,2022,3,514.66,3946.77
730,2020,3,2023,4,92.68,4039.45
730,2020,4,2024,5,120.31,4159.76
731,2020,0,2020,1,169082.84,169082.84
731,2020,1,2021,2,69260.44,238343.28
731,2020,2,2022,3,16494.48,254837.76
731,2020,3,2023,4,23962.44,278800.2
731,2020,4,2024,5,342.91,279143.11
732,2020,0,2020,1,15371.99,15371.99
732,2020,1,2021,2,6488.63,21860.62
732,2020,2,2022,3,1344.05,23204.67
732,2020,3,2023,4,835.44,24040.11
732,2020,4,2024,5,850.9,24891.01
733,2020,0,2020,1,551.15,536.1
733,2020,1,2021,2,241.99,771.48
733,2020,2,2022,3,118.01,886.27
733,2020,3,2023,4,8.27,894.32
733,2020,4,2024,5,0.2,894.51
734,2020,0,2020,1,4267.92,4228.02
734,2020,1,2021,2,2217.89,6425.18
734,2020,2,2022,3,371.79,6793.49
734,2020,3,2023,4,24.14,6817.4
734,2020,4,2024,5,515.43,7328.02
735,2020,0,2020,1,37677.37,37677.37
735,2020,1,2021,2,20606.13,58283.5
735,2020,2,2022,3,1766.82,60050.32
735,2020,3,2023,4,3627.68,63678
735,2020,4,2024,5,0,63678
737,2020,0,2020,1,2829.76,2829.76
737,2020,1,2021,2,1211.12,4040.89
737,2020,2,2022,3,557.29,4598.18
737,2020,3,2023,4,135.45,4733.63
737,2020,4,2024,5,175.35,4908.98
738,2020,0,2020,1,17583.68,17447.63
738,2020,1,2021,2,7383.63,24774.13
738,2020,2,2022,3,2506.58,27261.32
738,2020,3,2023,4,134.68,27394.95
738,2020,4,2024,5,338.27,27730.61
739,2020,0,2020,1,2341.46,2341.46
739,2020,1,2021,2,1098.61,3440.07
739,2020,2,2022,3,293.53,3733.6
739,2020,3,2023,4,35.76,3769.36
739,2020,4,2024,5,46.14,3815.5
740,2020,0,2020,1,4315.67,4315.67
740,2020,1,2021,2,1619.84,5935.51
740,2020,2,2022,3,495.65,6431.17
740,2020,3,2023,4,188.38,6619.55
740,2020,4,2024,5,255.87,6875.42
741,2020,0,2020,1,8796.58,8796.58
741,2020,1,2021,2,4378.13,13174.71
741,2020,2,2022,3,961.24,14135.95
741,2020,3,2023,4,756.96,14892.91
741,2020,4,2024,5,91.96,14984.87
742,2020,0,2020,1,18719.64,18719.64
742,2020,1,2021,2,6826.28,25545.92
742,2020,2,2022,3,2474.69,28020.6
742,2020,3,2023,4,810.16,28830.77
742,2020,4,2024,5,1581.71,30412.48
743,2020,0,2020,1,18135.14,18135.14
743,2020,1,2021,2,7204.98,25340.12
743,2020,2,2022,3,1799.13,27139.25
743,2020,3,2023,4,2352.94,29492.19
743,2020,4,2024,5,0,29492.19
745,2020,0,2020,1,4839.65,4839.65
745,2020,1,2021,2,2457.18,7296.82
745,2020,2,2022,3,1003.55,8300.37
745,2020,3,2023,4,13.26,8313.64
745,2020,4,2024,5,87.03,8400.67
747,2020,0,2020,1,8552.41,8443.64
747,2020,1,2021,2,3722.02,12118.32
747,2020,2,2022,3,174.53,12290.63
747,2020,3,2023,4,1287.7,13561.95
747,2020,4,2024,5,14.92,13576.68
748,2020,0,2020,1,2554.25,2554.25
748,2020,1,2021,2,1271.91,3826.16
748,2020,2,2022,3,582.47,4408.63
748,2020,3,2023,4,57.68,4466.31
748,2020,4,2024,5,0,4466.31
749,2020,0,2020,1,27750.48,27750.48
749,2020,1,2021,2,12254.6,40005.09
749,2020,2,2022,3,7601.62,47606.7
749,2020,3,2023,4,721.61,48328.31
749,2020,4,2024,5,0,48328.31
750,2020,0,2020,1,30956,30956
750,2020,1,2021,2,11183.91,42139.91
750,2020,2,2022,3,5525.46,47665.37
750,2020,3,2023,4,1739.4,49404.78
750,2020,4,2024,5,562.08,49966.86
751,2020,0,2020,1,10693.73,10693.73
751,2020,1,2021,2,4104.88,14798.62
751,2020,2,2022,3,1973.26,16771.88
751,2020,3,2023,4,27.03,16798.91
751,2020,4,2024,5,453.67,17252.58
752,2020,0,2020,1,6531.31,6530.99
752,2020,1,2021,2,2631.05,9161.91
752,2020,2,2022,3,563.83,9725.7
752,2020,3,2023,4,680.45,10406.12
752,2020,4,2024,5,410.49,10816.59
754,2020,0,2020,1,2680.27,2641.22
754,2020,1,2021,2,1089.78,3715.12
754,2020,2,2022,3,557.85,4264.84
754,2020,3,2023,4,66.59,4330.47
754,2020,4,2024,5,15,4345.25
756,2020,0,2020,1,4509.9,4509.9
756,2020,1,2021,2,2396.04,6905.95
756,2020,2,2022,3,23.43,6929.37
756,2020,3,2023,4,586.96,7516.33
756,2020,4,2024,5,142.61,7658.94
758,2020,0,2020,1,2563.98,2563.98
758,2020,1,2021,2,1449.74,4013.71
758,2020,2,2022,3,11.36,4025.07
758,2020,3,2023,4,228.86,4253.94
758,2020,4,2024,5,93.88,4347.82
760,2020,0,2020,1,19748.54,19638.59
760,2020,1,2021,2,8106.11,27699.57
760,2020,2,2022,3,4102.76,31779.48
760,2020,3,2023,4,32.97,31812.27
760,2020,4,2024,5,502.55,32312.03
761,2020,0,2020,1,1570.62,1570.62
761,2020,1,2021,2,668.28,2238.9
761,2020,2,2022,3,318.24,2557.14
761,2020,3,2023,4,99.45,2656.59
761,2020,4,2024,5,0,2656.59
762,2020,0,2020,1,12577.74,12394.87
762,2020,1,2021,2,4414.61,16745.3
762,2020,2,2022,3,2640.11,19347.03
762,2020,3,2023,4,350.08,19692.02
762,2020,4,2024,5,65.98,19757.04
763,2020,0,2020,1,4270.34,4270.34
763,2020,1,2021,2,2025.2,6295.54
763,2020,2,2022,3,464.69,6760.23
763,2020,3,2023,4,333.4,7093.63
763,2020,4,2024,5,111.24,7204.87
765,2020,0,2020,1,7239.68,7239.68
765,2020,1,2021,2,2894.4,10134.07
765,2020,2,2022,3,1026.15,11160.22
765,2020,3,2023,4,265.54,11425.76
765,2020,4,2024,5,687.9,12113.66
766,2020,0,2020,1,7235.38,7235.38
766,2020,1,2021,2,2438.99,9674.37
766,2020,2,2022,3,1892.32,11566.69
766,2020,3,2023,4,7.95,11574.64
766,2020,4,2024,5,58.6,11633.24
768,2020,0,2020,1,15165.12,15165.12
768,2020,1,2021,2,5913.55,21078.68
768,2020,2,2022,3,3454.22,24532.9
768,2020,3,2023,4,239.62,24772.51
768,2020,4,2024,5,175.91,24948.42
769,2020,0,2020,1,3534.35,3534.35
769,2020,1,2021,2,1808.34,5342.69
769,2020,2,2022,3,362.26,5704.95
769,2020,3,2023,4,136.43,5841.38
769,2020,4,2024,5,268.76,6110.14
770,2020,0,2020,1,4693.33,4693.33
770,2020,1,2021,2,2055.79,6749.13
770,2020,2,2022,3,357.01,7106.13
770,2020,3,2023,4,273.57,7379.71
770,2020,4,2024,5,280.98,7660.69
771,2020,0,2020,1,10882.41,10812.79
771,2020,1,2021,2,3808.58,14597.01
771,2020,2,2022,3,2241.74,16824.41
771,2020,3,2023,4,432.06,17253.7
771,2020,4,2024,5,231.49,17483.71
772,2020,0,2020,1,4847.95,4847.95
772,2020,1,2021,2,2086.5,6934.46
772,2020,2,2022,3,791.55,7726.01
772,2020,3,2023,4,290.94,8016.95
772,2020,4,2024,5,34.37,8051.32
773,2020,0,2020,1,923.49,923.49
773,2020,1,2021,2,445.82,1369.31
773,2020,2,2022,3,40.49,1409.8
773,2020,3,2023,4,126.94,1536.74
773,2020,4,2024,5,25.51,1562.25
774,2020,0,2020,1,16521.33,16521.33
774,2020,1,2021,2,6138.09,22659.42
774,2020,2,2022,3,1971.2,24630.62
774,2020,3,2023,4,1757.39,26388.01
774,2020,4,2024,5,281.72,26669.73
777,2020,0,2020,1,14926.13,14926.13
777,2020,1,2021,2,6915.06,21841.18
777,2020,2,2022,3,2544.25,24385.44
777,2020,3,2023,4,227.76,24613.2
777,2020,4,2024,5,953.9,25567.1
778,2020,0,2020,1,8070.5,8070.5
778,2020,1,2021,2,3306.03,11376.52
778,2020,2,2022,3,1293.95,12670.47
778,2020,3,2023,4,176.03,12846.5
778,2020,4,2024,5,775.12,13621.62
779,2020,0,2020,1,19839.73,19369.68
779,2020,1,2021,2,7837.36,27021.36
779,2020,2,2022,3,2427.04,29390.9
779,2020,3,2023,4,1685.35,31036.32
779,2020,4,2024,5,86.81,31121.07
780,2020,0,2020,1,13090.07,13090.07
780,2020,1,2021,2,6346.67,19436.74
780,2020,2,2022,3,276.01,19712.75
780,2020,3,2023,4,637.68,20350.43
780,2020,4,2024,5,1765.43,22115.86
781,2020,0,2020,1,677.4,677.4
781,2020,1,2021,2,264.96,942.36
781,2020,2,2022,3,121.96,1064.32
781,2020,3,2023,4,30.79,1095.11
781,2020,4,2024,5,39.34,1134.45
782,2020,0,2020,1,9371.21,9371.21
782,2020,1,2021,2,4253.89,13625.11
782,2020,2,2022,3,780.41,14405.52
782,2020,3,2023,4,885.24,15290.75
782,2020,4,2024,5,112.77,15403.52
783,2020,0,2020,1,16.52,16.33
783,2020,1,2021,2,6.06,22.32
783,2020,2,2022,3,3.97,26.25
783,2020,3,2023,4,0.81,27.05
783,2020,4,2024,5,0.47,27.51
785,2020,0,2020,1,8250.67,8235.52
785,2020,1,2021,2,3482.02,11711.16
785,2020,2,2022,3,1201.65,12910.6
785,2020,3,2023,4,599.47,13508.97
785,2020,4,2024,5,370.81,13879.1
786,2020,0,2020,1,10161.95,10161.95
786,2020,1,2021,2,4245.2,14407.15
786,2020,2,2022,3,1800.12,16207.28
786,2020,3,2023,4,418.32,16625.6
786,2020,4,2024,5,777.92,17403.52
788,2020,0,2020,1,13772.15,13689.64
788,2020,1,2021,2,5604.82,19260.88
788,2020,2,2022,3,454.47,19712.63
788,2020,3,2023,4,1183.13,20888.67
788,2020,4,2024,5,1662.54,22541.25
790,2020,0,2020,1,4136.46,4136.46
790,2020,1,2021,2,1717.61,5854.07
790,2020,2,2022,3,391.91,6245.98
790,2020,3,2023,4,86.27,6332.26
790,2020,4,2024,5,178.67,6510.93
791,2020,0,2020,1,14645.48,14510.22
791,2020,1,2021,2,6059.73,20513.99
791,2020,2,2022,3,1387.43,21888.6
791,2020,3,2023,4,1477.16,23352.12
791,2020,4,2024,5,245.69,23595.54
792,2020,0,2020,1,1261.42,1251.84
792,2020,1,2021,2,460.58,1708.92
792,2020,2,2022,3,247.75,1954.79
792,2020,3,2023,4,24.3,1978.91
792,2020,4,2024,5,40.38,2018.97
793,2020,0,2020,1,2207.32,2207.32
793,2020,1,2021,2,1076.38,3283.7
793,2020,2,2022,3,321.77,3605.47
793,2020,3,2023,4,169.67,3775.14
793,2020,4,2024,5,0,3775.14
794,2020,0,2020,1,12897.41,12891.83
794,2020,1,2021,2,4407.58,17297.5
794,2020,2,2022,3,3376.54,20672.59
794,2020,3,2023,4,883.05,21555.25
794,2020,4,2024,5,234.84,21790
796,2020,0,2020,1,2925.18,2925.18
796,2020,1,2021,2,755.16,3680.34
796,2020,2,2022,3,434.52,4114.86
796,2020,3,2023,4,287.81,4402.67
796,2020,4,2024,5,0,4402.67
797,2020,0,2020,1,8388.06,8388.06
797,2020,1,2021,2,3066.13,11454.19
797,2020,2,2022,3,1771.87,13226.06
797,2020,3,2023,4,276.76,13502.82
797,2020,4,2024,5,572.56,14075.38
798,2020,0,2020,1,4239.05,4239.05
798,2020,1,2021,2,1575.17,5814.22
798,2020,2,2022,3,666.35,6480.58
798,2020,3,2023,4,688.47,7169.05
798,2020,4,2024,5,0,7169.05
799,2020,0,2020,1,2472.66,2413.93
799,2020,1,2021,2,1060.55,3449.3
799,2020,2,2022,3,19.34,3468.17
799,2020,3,2023,4,325.93,3786.36
799,2020,4,2024,5,32.15,3817.75
801,2020,0,2020,1,18495.11,18334.95
801,2020,1,2021,2,8779.56,27038.48
801,2020,2,2022,3,3117.77,30129.25
801,2020,3,2023,4,835.05,30957.07
801,2020,4,2024,5,169.86,31125.47
803,2020,0,2020,1,4251.61,4251.61
803,2020,1,2021,2,1613.96,5865.57
803,2020,2,2022,3,904.08,6769.65
803,2020,3,2023,4,310.32,7079.97
803,2020,4,2024,5,27.94,7107.91
805,2020,0,2020,1,18267.7,18267.7
805,2020,1,2021,2,8536.32,26804.02
805,2020,2,2022,3,2238.72,29042.75
805,2020,3,2023,4,1800.44,30843.19
805,2020,4,2024,5,0,30843.19
806,2020,0,2020,1,15379.8,15047.68
806,2020,1,2021,2,6180.96,21095.16
806,2020,2,2022,3,112.92,21205.65
806,2020,3,2023,4,2989.82,24130.9
806,2020,4,2024,5,106.04,24234.65
807,2020,0,2020,1,9180.52,9006.46
807,2020,1,2021,2,4829.17,13744.06
807,2020,2,2022,3,1145.84,14868.17
807,2020,3,2023,4,273.94,15136.92
807,2020,4,2024,5,720.42,15843.68
809,2020,0,2020,1,8467.01,8467.01
809,2020,1,2021,2,2919.53,11386.55
809,2020,2,2022,3,2202.82,13589.37
809,2020,3,2023,4,179.56,13768.93
809,2020,4,2024,5,303.5,14072.43
810,2020,0,2020,1,22669.01,22669.01
810,2020,1,2021,2,7804.63,30473.65
810,2020,2,2022,3,5776.41,36250.06
810,2020,3,2023,4,1577.11,37827.17
810,2020,4,2024,5,0,37827.17
811,2020,0,2020,1,9170.71,9060.71
811,2020,1,2021,2,4674.6,13679.24
811,2020,2,2022,3,677.18,14348.3
811,2020,3,2023,4,279.75,14624.69
811,2020,4,2024,5,489.5,15108.32
812,2020,0,2020,1,8989.43,8989.43
812,2020,1,2021,2,3423.19,12412.62
812,2020,2,2022,3,1137.06,13549.68
812,2020,3,2023,4,582.08,14131.76
812,2020,4,2024,5,668.47,14800.23
814,2020,0,2020,1,24221.26,24221.26
814,2020,1,2021,2,10966.97,35188.22
814,2020,2,2022,3,3458.25,38646.48
814,2020,3,2023,4,1598.08,40244.56
814,2020,4,2024,5,976.41,41220.97
815,2020,0,2020,1,6565.06,6565.06
815,2020,1,2021,2,3091.92,9656.98
815,2020,2,2022,3,754.61,10411.59
815,2020,3,2023,4,577.05,10988.64
815,2020,4,2024,5,0,10988.64
816,2020,0,2020,1,16849.06,16849.06
816,2020,1,2021,2,7317.02,24166.08
816,2020,2,2022,3,1591.83,25757.91
816,2020,3,2023,4,1833.6,27591.51
816,2020,4,2024,5,0,27591.51
821,2020,0,2020,1,8363.53,8363.53
821,2020,1,2021,2,4190.78,12554.31
821,2020,2,2022,3,541.58,13095.89
821,2020,3,2023,4,1136.25,14232.14
821,2020,4,2024,5,0,14232.14
823,2020,0,2020,1,13161.83,13161.83
823,2020,1,2021,2,6088.02,19249.85
823,2020,2,2022,3,2248.55,21498.4
823,2020,3,2023,4,509.6,22008
823,2020,4,2024,5,405.1,22413.1
824,2020,0,2020,1,8771.04,8581.27
824,2020,1,2021,2,3734.3,12234.77
824,2020,2,2022,3,591.24,12813.22
824,2020,3,2023,4,935.81,13728.79
824,2020,4,2024,5,71.69,13798.92
825,2020,0,2020,1,18960.21,18648.92
825,2020,1,2021,2,6273.92,24819.82
825,2020,2,2022,3,3099.08,27868.02
825,2020,3,2023,4,1582.37,29424.41
825,2020,4,2024,5,433.59,29850.88
826,2020,0,2020,1,10055.8,10055.8
826,2020,1,2021,2,3583.75,13639.55
826,2020,2,2022,3,2235.54,15875.09
826,2020,3,2023,4,44.46,15919.55
826,2020,4,2024,5,425.35,16344.9
829,2020,0,2020,1,6142.39,6142.39
829,2020,1,2021,2,1480.63,7623.02
829,2020,2,2022,3,1856.11,9479.14
829,2020,3,2023,4,42.3,9521.44
829,2020,4,2024,5,220.61,9742.05
831,2020,0,2020,1,9688.75,9688.75
831,2020,1,2021,2,3668.09,13356.84
831,2020,2,2022,3,1102.14,14458.98
831,2020,3,2023,4,446.25,14905.23
831,2020,4,2024,5,663.85,15569.08
832,2020,0,2020,1,77706.98,75874.25
832,2020,1,2021,2,27252.77,102484.25
832,2020,2,2022,3,12814.81,114996.82
832,2020,3,2023,4,3803.67,118710.78
832,2020,4,2024,5,133.56,118841.19
833,2020,0,2020,1,3202.57,3202.57
833,2020,1,2021,2,1224.3,4426.87
833,2020,2,2022,3,639.44,5066.3
833,2020,3,2023,4,54.39,5120.69
833,2020,4,2024,5,222.34,5343.03
836,2020,0,2020,1,21066.56,21066.56
836,2020,1,2021,2,7110.53,28177.09
836,2020,2,2022,3,3503.33,31680.43
836,2020,3,2023,4,1560.8,33241.23
836,2020,4,2024,5,650.13,33891.36
837,2020,0,2020,1,5614.73,5614.73
837,2020,1,2021,2,2315.29,7930.01
837,2020,2,2022,3,1445.83,9375.84
837,2020,3,2023,4,90.33,9466.17
837,2020,4,2024,5,53.8,9519.97
838,2020,0,2020,1,7569.79,7520.48
838,2020,1,2021,2,2560.13,10063.94
838,2020,2,2022,3,1721.8,11774.52
838,2020,3,2023,4,270.85,12043.6
838,2020,4,2024,5,293.53,12335.22
840,2020,0,2020,1,13200.31,13012.22
840,2020,1,2021,2,5702.21,18633.18
840,2020,2,2022,3,2269.99,20870.83
840,2020,3,2023,4,163.21,21031.71
840,2020,4,2024,5,224.95,21253.46
841,2020,0,2020,1,7014.73,7014.73
841,2020,1,2021,2,2939.23,9953.96
841,2020,2,2022,3,889.97,10843.93
841,2020,3,2023,4,470.23,11314.16
841,2020,4,2024,5,396.86,11711.02
842,2020,0,2020,1,8213.13,8213.13
842,2020,1,2021,2,3230.49,11443.62
842,2020,2,2022,3,1945.19,13388.81
842,2020,3,2023,4,197.51,13586.32
842,2020,4,2024,5,0,13586.32
843,2020,0,2020,1,2150.32,2131.03
843,2020,1,2021,2,816.81,2940.52
843,2020,2,2022,3,559.06,3494.56
843,2020,3,2023,4,58.64,3552.67
843,2020,4,2024,5,19.47,3571.97
844,2020,0,2020,1,14722.61,14722.61
844,2020,1,2021,2,5566.66,20289.27
844,2020,2,2022,3,1815.65,22104.91
844,2020,3,2023,4,834.23,22939.14
844,2020,4,2024,5,826.41,23765.55
845,2020,0,2020,1,5284.49,5125.44
845,2020,1,2021,2,2286.74,7343.36
845,2020,2,2022,3,629.2,7953.62
845,2020,3,2023,4,349.97,8293.06
845,2020,4,2024,5,163.96,8452.09
847,2020,0,2020,1,3872.78,3872.78
847,2020,1,2021,2,1561.34,5434.12
847,2020,2,2022,3,830.93,6265.05
847,2020,3,2023,4,65.35,6330.4
847,2020,4,2024,5,92.62,6423.02
848,2020,0,2020,1,86947.14,86947.14
848,2020,1,2021,2,32429.92,119377.07
848,2020,2,2022,3,21239.76,140616.83
848,2020,3,2023,4,2731.25,143348.08
848,2020,4,2024,5,0,143348.08
849,2020,0,2020,1,5184.56,5184.56
849,2020,1,2021,2,2931.54,8116.11
849,2020,2,2022,3,56.13,8172.23
849,2020,3,2023,4,142.14,8314.38
849,2020,4,2024,5,591.57,8905.95
852,2020,0,2020,1,49539.95,48996.66
852,2020,1,2021,2,15001.3,63833.45
852,2020,2,2022,3,5776.56,69546.66
852,2020,3,2023,4,3300.68,72811.15
852,2020,4,2024,5,3269.2,76044.5
853,2020,0,2020,1,10041.65,9689.2
853,2020,1,2021,2,3950.74,13501.28
853,2020,2,2022,3,1706.92,15148.29
853,2020,3,2023,4,383.63,15518.45
853,2020,4,2024,5,83.19,15598.72
855,2020,0,2020,1,7657.15,7657.15
855,2020,1,2021,2,3321.79,10978.94
855,2020,2,2022,3,102.67,11081.61
855,2020,3,2023,4,1184.23,12265.84
855,2020,4,2024,5,0,12265.84
856,2020,0,2020,1,2022.16,2014.93
856,2020,1,2021,2,829.26,2841.22
856,2020,2,2022,3,325.85,3165.9
856,2020,3,2023,4,48.99,3214.71
856,2020,4,2024,5,2.48,3217.18
858,2020,0,2020,1,11242.57,11242.57
858,2020,1,2021,2,4550.2,15792.77
858,2020,2,2022,3,1854.02,17646.78
858,2020,3,2023,4,261.86,17908.65
858,2020,4,2024,5,546.84,18455.49
861,2020,0,2020,1,3968.61,3866.05
861,2020,1,2021,2,1861.04,5678.99
861,2020,2,2022,3,575.1,6239.23
861,2020,3,2023,4,53.86,6291.7
861,2020,4,2024,5,231.64,6517.35
862,2020,0,2020,1,4850.64,4819.33
862,2020,1,2021,2,1926.09,6732.99
862,2020,2,2022,3,1139.31,7864.94
862,2020,3,2023,4,293.17,8156.22
862,2020,4,2024,5,44.25,8200.18
865,2020,0,2020,1,20876.17,20540.75
865,2020,1,2021,2,7312.38,27735.64
865,2020,2,2022,3,5500.53,33147.79
865,2020,3,2023,4,7.69,33155.36
865,2020,4,2024,5,1119.01,34256.39
866,2020,0,2020,1,25043.13,25043.13
866,2020,1,2021,2,9737.19,34780.32
866,2020,2,2022,3,4094.93,38875.25
866,2020,3,2023,4,2775,41650.25
866,2020,4,2024,5,491.44,42141.69
867,2020,0,2020,1,9660.48,9660.48
867,2020,1,2021,2,3203.59,12864.07
867,2020,2,2022,3,2176.41,15040.48
867,2020,3,2023,4,480.66,15521.14
867,2020,4,2024,5,0,15521.14
870,2020,0,2020,1,12164.7,12164.7
870,2020,1,2021,2,5971.88,18136.58
870,2020,2,2022,3,1807.65,19944.23
870,2020,3,2023,4,1042.27,20986.5
870,2020,4,2024,5,0,20986.5
871,2020,0,2020,1,4624.96,4624.96
871,2020,1,2021,2,1386.84,6011.79
871,2020,2,2022,3,686.93,6698.72
871,2020,3,2023,4,561.96,7260.68
871,2020,4,2024,5,138.3,7398.98
872,2020,0,2020,1,12683.09,12498.53
872,2020,1,2021,2,5138.42,17562.18
872,2020,2,2022,3,1412.08,18953.71
872,2020,3,2023,4,815.57,19757.42
872,2020,4,2024,5,622.03,20370.4
873,2020,0,2020,1,6362.25,6246.32
873,2020,1,2021,2,2488.23,8689.21
873,2020,2,2022,3,1426.69,10089.9
873,2020,3,2023,4,105.23,10193.21
873,2020,4,2024,5,266.63,10454.98
874,2020,0,2020,1,3028.14,3028.14
874,2020,1,2021,2,1196.47,4224.61
874,2020,2,2022,3,482.56,4707.17
874,2020,3,2023,4,85.77,4792.93
874,2020,4,2024,5,84.76,4877.69
875,2020,0,2020,1,11026.71,11026.71
875,2020,1,2021,2,3921.26,14947.98
875,2020,2,2022,3,1537.28,16485.26
875,2020,3,2023,4,293.93,16779.19
875,2020,4,2024,5,828.2,17607.39
876,2020,0,2020,1,8198.58,8198.58
876,2020,1,2021,2,3992.83,12191.4
876,2020,2,2022,3,656.52,12847.92
876,2020,3,2023,4,924.6,13772.52
876,2020,4,2024,5,0,13772.52
877,2020,0,2020,1,16238.93,16238.93
877,2020,1,2021,2,7541.65,23780.58
877,2020,2,2022,3,2848.79,26629.37
877,2020,3,2023,4,311.1,26940.47
877,2020,4,2024,5,121.15,27061.62
878,2020,0,2020,1,10712.99,10712.99
878,2020,1,2021,2,4592.07,15305.06
878,2020,2,2022,3,1079.91,16384.97
878,2020,3,2023,4,1215.17,17600.14
878,2020,4,2024,5,45.47,17645.61
880,2020,0,2020,1,2368.86,2368.86
880,2020,1,2021,2,978.12,3346.98
880,2020,2,2022,3,205.33,3552.31
880,2020,3,2023,4,332.51,3884.82
880,2020,4,2024,5,0,3884.82
881,2020,0,2020,1,6983.35,6983.35
881,2020,1,2021,2,3321.45,10304.8
881,2020,2,2022,3,548.94,10853.74
881,2020,3,2023,4,608.01,11461.75
881,2020,4,2024,5,129.07,11590.82
882,2020,0,2020,1,10136.37,10136.37
882,2020,1,2021,2,5351.53,15487.9
882,2020,2,2022,3,1293.61,16781.51
882,2020,3,2023,4,607.28,17388.78
882,2020,4,2024,5,73.46,17462.24
883,2020,0,2020,1,16611.6,16611.6
883,2020,1,2021,2,7929.99,24541.59
883,2020,2,2022,3,2146.78,26688.37
883,2020,3,2023,4,1272.69,27961.05
883,2020,4,2024,5,889.16,28850.21
884,2020,0,2020,1,12895.59,12774.26
884,2020,1,2021,2,4342.96,17076.36
884,2020,2,2022,3,3061.91,20109.45
884,2020,3,2023,4,659.74,20762.99
884,2020,4,2024,5,378.44,21137.87
885,2020,0,2020,1,25867.31,25060.55
885,2020,1,2021,2,8705.27,33494.31
885,2020,2,2022,3,5213.71,38545.41
885,2020,3,2023,4,1533.71,40031.28
885,2020,4,2024,5,820.01,40825.72
886,2020,0,2020,1,22667.3,22548.07
886,2020,1,2021,2,9577.03,32074.73
886,2020,2,2022,3,4038.46,36091.95
886,2020,3,2023,4,1693.37,37776.41
886,2020,4,2024,5,387.74,38162.11
887,2020,0,2020,1,14227.65,14227.65
887,2020,1,2021,2,5493.01,19720.66
887,2020,2,2022,3,2712.36,22433.02
887,2020,3,2023,4,439.07,22872.09
887,2020,4,2024,5,304.57,23176.66
888,2020,0,2020,1,4652.36,4652.36
888,2020,1,2021,2,2137.16,6789.52
888,2020,2,2022,3,402.96,7192.48
888,2020,3,2023,4,402.08,7594.56
888,2020,4,2024,5,128.9,7723.46
889,2020,0,2020,1,15954.26,15847.5
889,2020,1,2021,2,6876.98,22678.46
889,2020,2,2022,3,2223.08,24886.66
889,2020,3,2023,4,132.41,25018.19
889,2020,4,2024,5,678.82,25692.47
890,2020,0,2020,1,5406.91,5406.91
890,2020,1,2021,2,1776.96,7183.87
890,2020,2,2022,3,1319.34,8503.22
890,2020,3,2023,4,61.58,8564.8
890,2020,4,2024,5,140.48,8705.28
891,2020,0,2020,1,3907.76,3907.76
891,2020,1,2021,2,1889.17,5796.93
891,2020,2,2022,3,733.72,6530.66
891,2020,3,2023,4,24.33,6554.99
891,2020,4,2024,5,0,6554.99
892,2020,0,2020,1,2478.94,2475.35
892,2020,1,2021,2,1041.09,3514.93
892,2020,2,2022,3,560.08,4074.2
892,2020,3,2023,4,31.07,4105.22
892,2020,4,2024,5,95.15,4200.24
893,2020,0,2020,1,145793.48,145793.48
893,2020,1,2021,2,57150.36,202943.84
893,2020,2,2022,3,16663.72,219607.56
893,2020,3,2023,4,22429.27,242036.83
893,2020,4,2024,5,1710.86,243747.69
894,2020,0,2020,1,12712.02,12712.02
894,2020,1,2021,2,4519.97,17231.99
894,2020,2,2022,3,3071.57,20303.56
894,2020,3,2023,4,429.44,20733
894,2020,4,2024,5,36.26,20769.26
895,2020,0,2020,1,4368.17,4368.17
895,2020,1,2021,2,1633.97,6002.14
895,2020,2,2022,3,761.99,6764.13
895,2020,3,2023,4,237.42,7001.54
895,2020,4,2024,5,477.22,7478.76
896,2020,0,2020,1,3745.66,3745.66
896,2020,1,2021,2,1431.18,5176.84
896,2020,2,2022,3,1215.85,6392.69
896,2020,3,2023,4,0,6392.69
896,2020,4,2024,5,0,6392.69
897,2020,0,2020,1,3996.87,3996.87
897,2020,1,2021,2,1598.53,5595.4
897,2020,2,2022,3,412.27,6007.67
897,2020,3,2023,4,158.06,6165.73
897,2020,4,2024,5,275.01,6440.74
898,2020,0,2020,1,12915.43,12915.43
898,2020,1,2021,2,6841.21,19756.64
898,2020,2,2022,3,951.94,20708.58
898,2020,3,2023,4,623.34,21331.93
898,2020,4,2024,5,654.18,21986.11
899,2020,0,2020,1,11150.27,11150.27
899,2020,1,2021,2,4266.26,15416.53
899,2020,2,2022,3,1620.4,17036.93
899,2020,3,2023,4,965.58,18002.51
899,2020,4,2024,5,258.72,18261.23
901,2020,0,2020,1,8556.59,8374.63
901,2020,1,2021,2,4066.87,12355.02
901,2020,2,2022,3,1581.04,13902.44
901,2020,3,2023,4,39.95,13941.55
901,2020,4,2024,5,71.98,14011.99
903,2020,0,2020,1,15859.3,15859.3
903,2020,1,2021,2,6123.02,21982.33
903,2020,2,2022,3,1789.69,23772.01
903,2020,3,2023,4,986.81,24758.83
903,2020,4,2024,5,514.52,25273.35
906,2020,0,2020,1,4435.51,4152.51
906,2020,1,2021,2,2077.2,6097.18
906,2020,2,2022,3,304.86,6382.59
906,2020,3,2023,4,58.76,6437.6
906,2020,4,2024,5,68.98,6502.18
907,2020,0,2020,1,9764.98,9764.98
907,2020,1,2021,2,3969.66,13734.65
907,2020,2,2022,3,1880.9,15615.55
907,2020,3,2023,4,300.6,15916.15
907,2020,4,2024,5,839.01,16755.16
908,2020,0,2020,1,4391.15,4391.15
908,2020,1,2021,2,1682.15,6073.31
908,2020,2,2022,3,1148.45,7221.76
908,2020,3,2023,4,63.11,7284.86
908,2020,4,2024,5,185.8,7470.66
909,2020,0,2020,1,14065.95,14065.95
909,2020,1,2021,2,6284.67,20350.62
909,2020,2,2022,3,2506.84,22857.47
909,2020,3,2023,4,976.15,23833.62
909,2020,4,2024,5,0,23833.62
910,2020,0,2020,1,13159.52,13159.52
910,2020,1,2021,2,6441.75,19601.26
910,2020,2,2022,3,927.15,20528.41
910,2020,3,2023,4,1035.49,21563.9
910,2020,4,2024,5,0,21563.9
911,2020,0,2020,1,6679.25,6679.25
911,2020,1,2021,2,3014.31,9693.56
911,2020,2,2022,3,753.27,10446.84
911,2020,3,2023,4,666.81,11113.64
911,2020,4,2024,5,163.53,11277.17
913,2020,0,2020,1,7097.72,7023.24
913,2020,1,2021,2,3326.14,10314.48
913,2020,2,2022,3,725.08,11031.95
913,2020,3,2023,4,57.29,11088.65
913,2020,4,2024,5,730.71,11811.69
914,2020,0,2020,1,12250.67,12250.67
914,2020,1,2021,2,6226.36,18477.04
914,2020,2,2022,3,2071.64,20548.67
914,2020,3,2023,4,59.82,20608.49
914,2020,4,2024,5,396.05,21004.54
915,2020,0,2020,1,47209.62,47209.62
915,2020,1,2021,2,25507.73,72717.35
915,2020,2,2022,3,5924.12,78641.46
915,2020,3,2023,4,423.33,79064.8
915,2020,4,2024,5,3641.12,82705.92
916,2020,0,2020,1,13625.46,13575.19
916,2020,1,2021,2,5868.74,19422.28
916,2020,2,2022,3,3214.62,22625.04
916,2020,3,2023,4,339.88,22963.66
916,2020,4,2024,5,222.4,23185.24
917,2020,0,2020,1,1623.19,1623.19
917,2020,1,2021,2,613.21,2236.4
917,2020,2,2022,3,295.47,2531.87
917,2020,3,2023,4,34.79,2566.66
917,2020,4,2024,5,117.86,2684.52
918,2020,0,2020,1,5996.3,5996.3
918,2020,1,2021,2,2882.36,8878.66
918,2020,2,2022,3,1215,10093.66
918,2020,3,2023,4,302.63,10396.29
918,2020,4,2024,5,80.17,10476.46
920,2020,0,2020,1,3798.95,3798.95
920,2020,1,2021,2,1287.68,5086.63
920,2020,2,2022,3,540.87,5627.5
920,2020,3,2023,4,43.87,5671.37
920,2020,4,2024,5,363.41,6034.78
921,2020,0,2020,1,14799.04,14740.96
921,2020,1,2021,2,7987.06,22696.67
921,2020,2,2022,3,1323.23,24014.71
921,2020,3,2023,4,868.33,24879.63
921,2020,4,2024,5,804.7,25681.18
922,2020,0,2020,1,10038.64,10038.64
922,2020,1,2021,2,4332.1,14370.74
922,2020,2,2022,3,1053.04,15423.78
922,2020,3,2023,4,1147.6,16571.38
922,2020,4,2024,5,0,16571.38
924,2020,0,2020,1,10150.71,10016.89
924,2020,1,2021,2,4355,14314.48
924,2020,2,2022,3,396.98,14706.23
924,2020,3,2023,4,1222.27,15912.38
924,2020,4,2024,5,374.83,16282.26
925,2020,0,2020,1,22607.06,22607.06
925,2020,1,2021,2,9186.52,31793.58
925,2020,2,2022,3,4483.1,36276.68
925,2020,3,2023,4,2708.75,38985.43
925,2020,4,2024,5,0,38985.43
926,2020,0,2020,1,10332.44,10332.44
926,2020,1,2021,2,6076.09,16408.52
926,2020,2,2022,3,766.55,17175.07
926,2020,3,2023,4,441.64,17616.71
926,2020,4,2024,5,807.53,18424.24
927,2020,0,2020,1,1892.24,1892.24
927,2020,1,2021,2,767.37,2659.62
927,2020,2,2022,3,180.18,2839.8
927,2020,3,2023,4,159.8,2999.6
927,2020,4,2024,5,118.65,3118.25
928,2020,0,2020,1,17845.39,17845.39
928,2020,1,2021,2,5984.99,23830.38
928,2020,2,2022,3,4761.83,28592.21
928,2020,3,2023,4,669.22,29261.43
928,2020,4,2024,5,0,29261.43
932,2020,0,2020,1,38904.82,38338.63
932,2020,1,2021,2,15575.15,53687.12
932,2020,2,2022,3,7283.08,60864.21
932,2020,3,2023,4,65.64,60928.89
932,2020,4,2024,5,883.44,61799.47
936,2020,0,2020,1,25530.76,25530.76
936,2020,1,2021,2,11006.89,36537.65
936,2020,2,2022,3,1061.37,37599.03
936,2020,3,2023,4,1832.84,39431.87
936,2020,4,2024,5,594.38,40026.25
937,2020,0,2020,1,8679.01,8591.74
937,2020,1,2021,2,2927.32,11489.63
937,2020,2,2022,3,931.79,12412.05
937,2020,3,2023,4,652.9,13058.39
937,2020,4,2024,5,395.56,13449.97
938,2020,0,2020,1,11005.05,11005.05
938,2020,1,2021,2,4166.72,15171.77
938,2020,2,2022,3,1917.6,17089.36
938,2020,3,2023,4,976.32,18065.68
938,2020,4,2024,5,0,18065.68
940,2020,0,2020,1,9062.51,9005.83
940,2020,1,2021,2,3553.3,12536.91
940,2020,2,2022,3,623.97,13156.98
940,2020,3,2023,4,584.66,13737.99
940,2020,4,2024,5,96.93,13834.31
941,2020,0,2020,1,6331.61,6331.61
941,2020,1,2021,2,2811.97,9143.58
941,2020,2,2022,3,779.92,9923.5
941,2020,3,2023,4,349.1,10272.59
941,2020,4,2024,5,311.28,10583.87
942,2020,0,2020,1,27655.53,27655.53
942,2020,1,2021,2,12491.51,40147.04
942,2020,2,2022,3,5794.25,45941.29
942,2020,3,2023,4,2115.41,48056.7
942,2020,4,2024,5,0,48056.7
943,2020,0,2020,1,13133.3,13040.11
943,2020,1,2021,2,6524.85,19518.67
943,2020,2,2022,3,2344.17,21846.21
943,2020,3,2023,4,222.05,22066.68
943,2020,4,2024,5,223.6,22288.7
944,2020,0,2020,1,4216.76,4216.76
944,2020,1,2021,2,1926.79,6143.56
944,2020,2,2022,3,138.93,6282.48
944,2020,3,2023,4,413.89,6696.37
944,2020,4,2024,5,261.49,6957.86
945,2020,0,2020,1,5085.69,5085.69
945,2020,1,2021,2,2500.02,7585.71
945,2020,2,2022,3,523.23,8108.94
945,2020,3,2023,4,604.23,8713.17
945,2020,4,2024,5,8.26,8721.43
946,2020,0,2020,1,7914.63,7914.63
946,2020,1,2021,2,3234.42,11149.04
946,2020,2,2022,3,1441.63,12590.67
946,2020,3,2023,4,729.03,13319.7
946,2020,4,2024,5,0,13319.7
947,2020,0,2020,1,5766.43,5666.2
947,2020,1,2021,2,2359.11,7984.3
947,2020,2,2022,3,791.98,8762.52
947,2020,3,2023,4,260.76,9018.75
947,2020,4,2024,5,306.55,9319.97
948,2020,0,2020,1,81408.56,81408.56
948,2020,1,2021,2,32531.97,113940.53
948,2020,2,2022,3,17071.86,131012.39
948,2020,3,2023,4,1717.21,132729.6
948,2020,4,2024,5,0,132729.6
949,2020,0,2020,1,20233.19,20233.19
949,2020,1,2021,2,7793.6,28026.8
949,2020,2,2022,3,4389.05,32415.85
949,2020,3,2023,4,710.72,33126.57
949,2020,4,2024,5,409.82,33536.39
950,2020,0,2020,1,15100.87,15067.8
950,2020,1,2021,2,4416.58,19474.7
950,2020,2,2022,3,3765.52,23231.97
950,2020,3,2023,4,573.27,23803.99
950,2020,4,2024,5,253.61,24057.04
951,2020,0,2020,1,5251.38,5251.38
951,2020,1,2021,2,2247.34,7498.71
951,2020,2,2022,3,1089,8587.72
951,2020,3,2023,4,92.45,8680.17
951,2020,4,2024,5,69.41,8749.58
953,2020,0,2020,1,11668.91,11668.91
953,2020,1,2021,2,4803.92,16472.83
953,2020,2,2022,3,2442.57,18915.4
953,2020,3,2023,4,382.41,19297.81
953,2020,4,2024,5,25.75,19323.56
954,2020,0,2020,1,7174.99,7174.99
954,2020,1,2021,2,2710.59,9885.58
954,2020,2,2022,3,711.02,10596.6
954,2020,3,2023,4,781.61,11378.21
954,2020,4,2024,5,330.35,11708.56
955,2020,0,2020,1,16836.51,16836.51
955,2020,1,2021,2,6560.4,23396.91
955,2020,2,2022,3,3259.42,26656.33
955,2020,3,2023,4,1824.87,28481.2
955,2020,4,2024,5,0,28481.2
956,2020,0,2020,1,9480.8,9344.66
956,2020,1,2021,2,3598.51,12891.5
956,2020,2,2022,3,2059.13,14921.06
956,2020,3,2023,4,28.87,14949.52
956,2020,4,2024,5,86.69,15034.96
957,2020,0,2020,1,12718.36,12718.36
957,2020,1,2021,2,6350.28,19068.64
957,2020,2,2022,3,1356.28,20424.92
957,2020,3,2023,4,435.37,20860.28
957,2020,4,2024,5,632.27,21492.55
958,2020,0,2020,1,1746.28,1746.28
958,2020,1,2021,2,671.46,2417.74
958,2020,2,2022,3,386.86,2804.6
958,2020,3,2023,4,113.46,2918.06
958,2020,4,2024,5,9.2,2927.26
959,2020,0,2020,1,8585.91,8585.91
959,2020,1,2021,2,3363.58,11949.49
959,2020,2,2022,3,1972.73,13922.22
959,2020,3,2023,4,222.24,14144.45
959,2020,4,2024,5,0.48,14144.93
960,2020,0,2020,1,20539.12,20539.12
960,2020,1,2021,2,9732.27,30271.39
960,2020,2,2022,3,3117.64,33389.03
960,2020,3,2023,4,764.33,34153.35
960,2020,4,2024,5,622.47,34775.82
961,2020,0,2020,1,12129.74,12129.74
961,2020,1,2021,2,4693.21,16822.95
961,2020,2,2022,3,1977.55,18800.49
961,2020,3,2023,4,1266.54,20067.04
961,2020,4,2024,5,19.98,20087.02
962,2020,0,2020,1,10098,10098
962,2020,1,2021,2,3882.4,13980.4
962,2020,2,2022,3,1376.07,15356.47
962,2020,3,2023,4,476.03,15832.5
962,2020,4,2024,5,582.58,16415.08
963,2020,0,2020,1,6953.49,6953.49
963,2020,1,2021,2,2367.13,9320.62
963,2020,2,2022,3,1046.05,10366.67
963,2020,3,2023,4,319.95,10686.62
963,2020,4,2024,5,624.52,11311.14
964,2020,0,2020,1,8740.75,8740.75
964,2020,1,2021,2,3429.81,12170.56
964,2020,2,2022,3,1616.24,13786.8
964,2020,3,2023,4,396.1,14182.9
964,2020,4,2024,5,0,14182.9
965,2020,0,2020,1,14676.17,14676.17
965,2020,1,2021,2,4845.9,19522.07
965,2020,2,2022,3,2634.59,22156.66
965,2020,3,2023,4,1016.04,23172.71
965,2020,4,2024,5,230.32,23403.03
966,2020,0,2020,1,16603.11,16536.05
966,2020,1,2021,2,6859.92,23368.26
966,2020,2,2022,3,2920.12,26276.59
966,2020,3,2023,4,43.55,26319.96
966,2020,4,2024,5,825.35,27141.98
967,2020,0,2020,1,3929.56,3914.28
967,2020,1,2021,2,1162.08,5071.84
967,2020,2,2022,3,828.94,5897.56
967,2020,3,2023,4,204.42,6101.19
967,2020,4,2024,5,191.45,6291.9
968,2020,0,2020,1,42214.2,42214.2
968,2020,1,2021,2,16120.16,58334.36
968,2020,2,2022,3,9250.76,67585.12
968,2020,3,2023,4,385.57,67970.69
968,2020,4,2024,5,0,67970.69
969,2020,0,2020,1,18666.3,18666.3
969,2020,1,2021,2,7675.98,26342.28
969,2020,2,2022,3,1354.54,27696.82
969,2020,3,2023,4,2112.85,29809.67
969,2020,4,2024,5,536.07,30345.74
971,2020,0,2020,1,4727.93,4624.06
971,2020,1,2021,2,1954.69,6535.81
971,2020,2,2022,3,990.79,7504.83
971,2020,3,2023,4,112.89,7615.24
971,2020,4,2024,5,44.57,7658.83
972,2020,0,2020,1,7725.14,7725.14
972,2020,1,2021,2,3855.45,11580.59
972,2020,2,2022,3,410.46,11991.05
972,2020,3,2023,4,1335.84,13326.89
972,2020,4,2024,5,0,13326.89
974,2020,0,2020,1,10235.03,10235.03
974,2020,1,2021,2,2944.98,13180.01
974,2020,2,2022,3,2238.03,15418.04
974,2020,3,2023,4,787.02,16205.06
974,2020,4,2024,5,0,16205.06
975,2020,0,2020,1,1673.68,1673.68
975,2020,1,2021,2,627,2300.68
975,2020,2,2022,3,414.33,2715.01
975,2020,3,2023,4,59.78,2774.79
975,2020,4,2024,5,0,2774.79
976,2020,0,2020,1,10742.42,10742.42
976,2020,1,2021,2,5979.94,16722.35
976,2020,2,2022,3,307.97,17030.32
976,2020,3,2023,4,1624.47,18654.79
976,2020,4,2024,5,142.43,18797.22
977,2020,0,2020,1,24007.39,24007.39
977,2020,1,2021,2,14433.25,38440.65
977,2020,2,2022,3,2804.08,41244.73
977,2020,3,2023,4,1969.87,43214.6
977,2020,4,2024,5,515.83,43730.43
978,2020,0,2020,1,4933.46,4933.46
978,2020,1,2021,2,1937.97,6871.42
978,2020,2,2022,3,1167.43,8038.85
978,2020,3,2023,4,45.31,8084.16
978,2020,4,2024,5,0,8084.16
979,2020,0,2020,1,5298.93,5298.93
979,2020,1,2021,2,2098.68,7397.61
979,2020,2,2022,3,811.43,8209.04
979,2020,3,2023,4,413.33,8622.37
979,2020,4,2024,5,0,8622.37
980,2020,0,2020,1,16095.44,16095.44
980,2020,1,2021,2,6121.39,22216.83
980,2020,2,2022,3,3096.42,25313.26
980,2020,3,2023,4,946.81,26260.07
980,2020,4,2024,5,0,26260.07
981,2020,0,2020,1,691.66,691.66
981,2020,1,2021,2,239.71,931.37
981,2020,2,2022,3,128.4,1059.77
981,2020,3,2023,4,39.97,1099.74
981,2020,4,2024,5,40.14,1139.88
982,2020,0,2020,1,3382.16,3382.16
982,2020,1,2021,2,1570.76,4952.91
982,2020,2,2022,3,613.55,5566.47
982,2020,3,2023,4,27.52,5593.98
982,2020,4,2024,5,87.49,5681.47
983,2020,0,2020,1,6240.58,6240.58
983,2020,1,2021,2,3533.59,9774.18
983,2020,2,2022,3,1112.55,10886.72
983,2020,3,2023,4,136.88,11023.6
983,2020,4,2024,5,162.05,11185.65
984,2020,0,2020,1,12309.32,12309.32
984,2020,1,2021,2,5995.6,18304.92
984,2020,2,2022,3,1834.69,20139.6
984,2020,3,2023,4,1152.53,21292.13
984,2020,4,2024,5,574.3,21866.43
985,2020,0,2020,1,6173.39,6173.39
985,2020,1,2021,2,2802.65,8976.04
985,2020,2,2022,3,1530.51,10506.55
985,2020,3,2023,4,229.15,10735.7
985,2020,4,2024,5,3.59,10739.29
986,2020,0,2020,1,20270.17,20270.17
986,2020,1,2021,2,7815.8,28085.97
986,2020,2,2022,3,3792.67,31878.64
986,2020,3,2023,4,1390.06,33268.7
986,2020,4,2024,5,0,33268.7
987,2020,0,2020,1,2755.06,2755.06
987,2020,1,2021,2,999.9,3754.97
987,2020,2,2022,3,406.36,4161.33
987,2020,3,2023,4,427.58,4588.91
987,2020,4,2024,5,0,4588.91
988,2020,0,2020,1,1238.14,1238.14
988,2020,1,2021,2,494.35,1732.49
988,2020,2,2022,3,245.71,1978.2
988,2020,3,2023,4,15.04,1993.24
988,2020,4,2024,5,95.94,2089.18
990,2020,0,2020,1,8024.86,7981.8
990,2020,1,2021,2,3414.16,11377.64
990,2020,2,2022,3,1117.42,12489.05
990,2020,3,2023,4,972.38,13456.22
990,2020,4,2024,5,54.53,13510.45
991,2020,0,2020,1,6007.89,6007.89
991,2020,1,2021,2,2787.34,8795.22
991,2020,2,2022,3,1292.35,10087.58
991,2020,3,2023,4,211.56,10299.14
991,2020,4,2024,5,226.74,10525.88
992,2020,0,2020,1,11475.74,11475.74
992,2020,1,2021,2,4094.36,15570.09
992,2020,2,2022,3,2662.07,18232.16
992,2020,3,2023,4,360.4,18592.57
992,2020,4,2024,5,300.38,18892.95
993,2020,0,2020,1,17119.81,17119.81
993,2020,1,2021,2,5753.18,22873
993,2020,2,2022,3,5480.14,28353.14
993,2020,3,2023,4,149.78,28502.91
993,2020,4,2024,5,426.01,28928.92
994,2020,0,2020,1,11320.69,11320.69
994,2020,1,2021,2,5061.3,16381.99
994,2020,2,2022,3,2340.59,18722.58
994,2020,3,2023,4,370.45,19093.02
994,2020,4,2024,5,305.52,19398.54
995,2020,0,2020,1,8390.59,8390.59
995,2020,1,2021,2,3048.59,11439.18
995,2020,2,2022,3,1258.76,12697.95
995,2020,3,2023,4,653.37,13351.31
995,2020,4,2024,5,190.2,13541.51
996,2020,0,2020,1,61113.5,61113.5
996,2020,1,2021,2,28167.98,89281.48
996,2020,2,2022,3,12142.32,101423.8
996,2020,3,2023,4,770.05,102193.85
996,2020,4,2024,5,3183.56,105377.41
997,2020,0,2020,1,1746.27,1746.27
997,2020,1,2021,2,764.43,2510.7
997,2020,2,2022,3,218.47,2729.17
997,2020,3,2023,4,55.81,2784.98
997,2020,4,2024,5,160.08,2945.06
998,2020,0,2020,1,7820.4,7820.4
998,2020,1,2021,2,3197.93,11018.32
998,2020,2,2022,3,1538.91,12557.23
998,2020,3,2023,4,216.75,12773.98
998,2020,4,2024,5,0,12773.98
999,2020,0,2020,1,6496.71,6376.21
999,2020,1,2021,2,2687.85,9014.2
999,2020,2,2022,3,1316.52,10306.3
999,2020,3,2023,4,198.29,10500.91
999,2020,4,2024,5,109.36,10608.25
1001,2020,0,2020,1,19660.18,19660.18
1001,2020,1,2021,2,6571.9,26232.08
1001,2020,2,2022,3,2898.01,29130.09
1001,2020,3,2023,4,2388.81,31518.9
1001,2020,4,2024,5,0,31518.9
1002,2020,0,2020,1,4676.06,4597.15
1002,2020,1,2021,2,2484.78,7040
1002,2020,2,2022,3,985.24,8008.61
1002,2020,3,2023,4,96.21,8103.2
1002,2020,4,2024,5,26.72,8129.47
1003,2020,0,2020,1,8289.75,8289.75
1003,2020,1,2021,2,3465,11754.75
1003,2020,2,2022,3,1840.26,13595.01
1003,2020,3,2023,4,459.52,14054.53
1003,2020,4,2024,5,0,14054.53
1004,2020,0,2020,1,4528.12,4527.05
1004,2020,1,2021,2,2362.17,6888.67
1004,2020,2,2022,3,441.94,7330.5
1004,2020,3,2023,4,363.13,7693.55
1004,2020,4,2024,5,60.19,7753.73
1005,2020,0,2020,1,13776.75,13739.48
1005,2020,1,2021,2,6659.75,20381.2
1005,2020,2,2022,3,1607.27,21984.13
1005,2020,3,2023,4,469.46,22452.31
1005,2020,4,2024,5,383.38,22834.66
1006,2020,0,2020,1,12010.76,12010.76
1006,2020,1,2021,2,3731.43,15742.19
1006,2020,2,2022,3,3129.76,18871.95
1006,2020,3,2023,4,233.31,19105.26
1006,2020,4,2024,5,448.19,19553.45
1007,2020,0,2020,1,2901.6,2901.6
1007,2020,1,2021,2,1446.07,4347.66
1007,2020,2,2022,3,395.14,4742.8
1007,2020,3,2023,4,222.18,4964.98
1007,2020,4,2024,5,22.58,4987.56
1009,2020,0,2020,1,13905.22,13751.94
1009,2020,1,2021,2,4956.3,18653.6
1009,2020,2,2022,3,2010.31,20641.75
1009,2020,3,2023,4,968.97,21600.04
1009,2020,4,2024,5,235.23,21832.68
1010,2020,0,2020,1,143401.98,143401.98
1010,2020,1,2021,2,61174.63,204576.61
1010,2020,2,2022,3,23416.46,227993.07
1010,2020,3,2023,4,22587.59,250580.66
1010,2020,4,2024,5,0,250580.66
1011,2020,0,2020,1,113739.63,113739.63
1011,2020,1,2021,2,46491.1,160230.73
1011,2020,2,2022,3,18789.72,179020.45
1011,2020,3,2023,4,4340.51,183360.96
1011,2020,4,2024,5,2257.78,185618.74
1012,2020,0,2020,1,18155.19,18155.19
1012,2020,1,2021,2,7383.02,25538.22
1012,2020,2,2022,3,2571.83,28110.05
1012,2020,3,2023,4,1306.32,29416.37
1012,2020,4,2024,5,1.08,29417.45
1013,2020,0,2020,1,18265.46,18265.46
1013,2020,1,2021,2,6991.23,25256.7
1013,2020,2,2022,3,3967.84,29224.54
1013,2020,3,2023,4,413.17,29637.71
1013,2020,4,2024,5,658.57,30296.28
1014,2020,0,2020,1,63188.26,63188.26
1014,2020,1,2021,2,28899.19,92087.46
1014,2020,2,2022,3,4065.27,96152.73
1014,2020,3,2023,4,7032.75,103185.48
1014,2020,4,2024,5,2950.21,106135.69
1016,2020,0,2020,1,20034.27,20034.27
1016,2020,1,2021,2,9901.64,29935.91
1016,2020,2,2022,3,3579.41,33515.32
1016,2020,3,2023,4,283.56,33798.88
1016,2020,4,2024,5,0,33798.88
1017,2020,0,2020,1,6764.16,6606.48
1017,2020,1,2021,2,2956.5,9494.06
1017,2020,2,2022,3,255.57,9743.66
1017,2020,3,2023,4,99.01,9840.36
1017,2020,4,2024,5,839.84,10660.63
1018,2020,0,2020,1,19977.4,19959.04
1018,2020,1,2021,2,7212.89,27165.31
1018,2020,2,2022,3,1462.09,28626.05
1018,2020,3,2023,4,1490.14,30114.83
1018,2020,4,2024,5,1072.29,31186.14
1019,2020,0,2020,1,6561.24,6561.24
1019,2020,1,2021,2,2878.01,9439.26
1019,2020,2,2022,3,744.3,10183.56
1019,2020,3,2023,4,768.61,10952.17
1019,2020,4,2024,5,338.67,11290.84
1021,2020,0,2020,1,4335.13,4333.63
1021,2020,1,2021,2,1555.98,5889.08
1021,2020,2,2022,3,1011.04,6899.76
1021,2020,3,2023,4,28.54,6928.29
1021,2020,4,2024,5,105.47,7033.72
1022,2020,0,2020,1,8463.66,8463.66
1022,2020,1,2021,2,3042.08,11505.75
1022,2020,2,2022,3,2095.82,13601.56
1022,2020,3,2023,4,494.45,14096.01
1022,2020,4,2024,5,218.49,14314.5
1023,2020,0,2020,1,11755.32,11755.32
1023,2020,1,2021,2,5284.33,17039.64
1023,2020,2,2022,3,2742.06,19781.71
1023,2020,3,2023,4,157.49,19939.2
1023,2020,4,2024,5,0,19939.2
1024,2020,0,2020,1,3718.4,3718.4
1024,2020,1,2021,2,1527.27,5245.67
1024,2020,2,2022,3,702.9,5948.58
1024,2020,3,2023,4,308.45,6257.03
1024,2020,4,2024,5,0,6257.03
1027,2020,0,2020,1,3259.71,3146.88
1027,2020,1,2021,2,1567.15,4659.78
1027,2020,2,2022,3,288.86,4938.64
1027,2020,3,2023,4,340.97,5267.81
1027,2020,4,2024,5,69.43,5334.83
1028,2020,0,2020,1,12054.14,12054.14
1028,2020,1,2021,2,4871.69,16925.83
1028,2020,2,2022,3,2668.32,19594.14
1028,2020,3,2023,4,218.04,19812.18
1028,2020,4,2024,5,29.05,19841.23
1029,2020,0,2020,1,3769.53,3769.53
1029,2020,1,2021,2,1350.01,5119.55
1029,2020,2,2022,3,814.19,5933.73
1029,2020,3,2023,4,232.57,6166.31
1029,2020,4,2024,5,61.17,6227.48
1030,2020,0,2020,1,18467.79,18444.72
1030,2020,1,2021,2,8429.68,26863.87
1030,2020,2,2022,3,2977.74,29837.9
1030,2020,3,2023,4,338.1,30175.57
1030,2020,4,2024,5,471.34,30646.32
1031,2020,0,2020,1,11124.83,11124.83
1031,2020,1,2021,2,4038.38,15163.2
1031,2020,2,2022,3,2408.68,17571.88
1031,2020,3,2023,4,305.51,17877.39
1031,2020,4,2024,5,434.44,18311.83
1032,2020,0,2020,1,5899.38,5899.38
1032,2020,1,2021,2,3291.06,9190.45
1032,2020,2,2022,3,516.93,9707.37
1032,2020,3,2023,4,148.57,9855.95
1032,2020,4,2024,5,124.5,9980.45
1033,2020,0,2020,1,17101.78,16721.4
1033,2020,1,2021,2,7553.29,24106.69
1033,2020,2,2022,3,1467.37,25541.42
1033,2020,3,2023,4,196.28,25733.34
1033,2020,4,2024,5,1195.75,26902.5
1034,2020,0,2020,1,8624.99,8624.99
1034,2020,1,2021,2,4388.73,13013.71
1034,2020,2,2022,3,1776.44,14790.15
1034,2020,3,2023,4,802.66,15592.81
1034,2020,4,2024,5,0,15592.81
1035,2020,0,2020,1,4815.69,4716.42
1035,2020,1,2021,2,2059.78,6733.74
1035,2020,2,2022,3,623.69,7344.57
1035,2020,3,2023,4,41.68,7385.39
1035,2020,4,2024,5,393.12,7770.4
1036,2020,0,2020,1,7745.65,7745.65
1036,2020,1,2021,2,3115.46,10861.1
1036,2020,2,2022,3,1051.59,11912.69
1036,2020,3,2023,4,709.59,12622.28
1036,2020,4,2024,5,298.29,12920.57
1037,2020,0,2020,1,10163.02,10163.02
1037,2020,1,2021,2,4860.4,15023.42
1037,2020,2,2022,3,1321.35,16344.77
1037,2020,3,2023,4,769.61,17114.38
1037,2020,4,2024,5,0,17114.38
1038,2020,0,2020,1,8354.48,8354.48
1038,2020,1,2021,2,2775.37,11129.84
1038,2020,2,2022,3,1469.12,12598.96
1038,2020,3,2023,4,1.94,12600.91
1038,2020,4,2024,5,808.25,13409.16
1039,2020,0,2020,1,8455.66,8455.66
1039,2020,1,2021,2,3563.21,12018.87
1039,2020,2,2022,3,905.65,12924.52
1039,2020,3,2023,4,897.49,13822
1039,2020,4,2024,5,384.44,14206.44
1040,2020,0,2020,1,7835.76,7835.76
1040,2020,1,2021,2,3186.61,11022.37
1040,2020,2,2022,3,1238.51,12260.88
1040,2020,3,2023,4,323.81,12584.69
1040,2020,4,2024,5,530.72,13115.41
1043,2020,0,2020,1,4533.62,4533.62
1043,2020,1,2021,2,2106.67,6640.3
1043,2020,2,2022,3,1008.92,7649.22
1043,2020,3,2023,4,161.55,7810.77
1043,2020,4,2024,5,0,7810.77
1044,2020,0,2020,1,13204.83,13204.83
1044,2020,1,2021,2,6480.16,19684.99
1044,2020,2,2022,3,1274.39,20959.38
1044,2020,3,2023,4,2161.55,23120.93
1044,2020,4,2024,5,347,23467.93
1045,2020,0,2020,1,34809.61,33919.8
1045,2020,1,2021,2,12038.84,45650.89
1045,2020,2,2022,3,7529.27,52987.7
1045,2020,3,2023,4,1123,54081.99
1045,2020,4,2024,5,144.83,54223.12
1046,2020,0,2020,1,6597.24,6597.24
1046,2020,1,2021,2,3127.05,9724.29
1046,2020,2,2022,3,1115.33,10839.62
1046,2020,3,2023,4,253.66,11093.29
1046,2020,4,2024,5,23.29,11116.58
1047,2020,0,2020,1,2290.07,2290.07
1047,2020,1,2021,2,800.66,3090.72
1047,2020,2,2022,3,242.87,3333.6
1047,2020,3,2023,4,234.24,3567.83
1047,2020,4,2024,5,160.91,3728.74
1048,2020,0,2020,1,15764.15,15764.15
1048,2020,1,2021,2,6541.62,22305.77
1048,2020,2,2022,3,1962.01,24267.78
1048,2020,3,2023,4,1634.03,25901.81
1048,2020,4,2024,5,348.92,26250.73
1049,2020,0,2020,1,23581.52,23581.52
1049,2020,1,2021,2,10179.58,33761.11
1049,2020,2,2022,3,2592.85,36353.95
1049,2020,3,2023,4,1585.63,37939.58
1049,2020,4,2024,5,1028.26,38967.84
1050,2020,0,2020,1,15934.84,15934.84
1050,2020,1,2021,2,6376.25,22311.08
1050,2020,2,2022,3,4449.14,26760.22
1050,2020,3,2023,4,135.45,26895.67
1050,2020,4,2024,5,475.79,27371.46
1051,2020,0,2020,1,3700.24,3700.24
1051,2020,1,2021,2,1161.53,4861.77
1051,2020,2,2022,3,866,5727.77
1051,2020,3,2023,4,67.7,5795.47
1051,2020,4,2024,5,4.68,5800.15
1052,2020,0,2020,1,8774.88,8667.17
1052,2020,1,2021,2,4112.96,12729.64
1052,2020,2,2022,3,477.59,13201.37
1052,2020,3,2023,4,1000.42,14189.51
1052,2020,4,2024,5,49.48,14238.38
1053,2020,0,2020,1,51147.13,51147.13
1053,2020,1,2021,2,21172.6,72319.72
1053,2020,2,2022,3,11523.87,83843.6
1053,2020,3,2023,4,3886.86,87730.46
1053,2020,4,2024,5,0,87730.46
1054,2020,0,2020,1,7675.96,7675.96
1054,2020,1,2021,2,3021.9,10697.86
1054,2020,2,2022,3,1082.69,11780.55
1054,2020,3,2023,4,973.9,12754.45
1054,2020,4,2024,5,125.37,12879.82
1055,2020,0,2020,1,4596.18,4542.18
1055,2020,1,2021,2,1945.74,6465.07
1055,2020,2,2022,3,405.86,6866.16
1055,2020,3,2023,4,58.14,6923.61
1055,2020,4,2024,5,301.3,7221.37
1056,2020,0,2020,1,17617.79,17617.79
1056,2020,1,2021,2,7932.37,25550.16
1056,2020,2,2022,3,2003.75,27553.91
1056,2020,3,2023,4,2027.41,29581.32
1056,2020,4,2024,5,0,29581.32
1057,2020,0,2020,1,6754.96,6754.96
1057,2020,1,2021,2,3241.94,9996.89
1057,2020,2,2022,3,832.38,10829.27
1057,2020,3,2023,4,475.93,11305.2
1057,2020,4,2024,5,0.52,11305.72
1059,2020,0,2020,1,15266.25,15266.25
1059,2020,1,2021,2,5406.65,20672.9
1059,2020,2,2022,3,942,21614.91
1059,2020,3,2023,4,3482.68,25097.59
1059,2020,4,2024,5,0,25097.59
1060,2020,0,2020,1,50080.66,50080.66
1060,2020,1,2021,2,20781.75,70862.41
1060,2020,2,2022,3,5518.17,76380.59
1060,2020,3,2023,4,3467.69,79848.28
1060,2020,4,2024,5,4550.94,84399.22
1062,2020,0,2020,1,18469.89,17969.84
1062,2020,1,2021,2,7024.43,24804.09
1062,2020,2,2022,3,2063.05,26811.29
1062,2020,3,2023,4,103.55,26912.03
1062,2020,4,2024,5,690.49,27583.83
1063,2020,0,2020,1,15774.37,15774.37
1063,2020,1,2021,2,7361.32,23135.69
1063,2020,2,2022,3,934.67,24070.36
1063,2020,3,2023,4,2073.48,26143.84
1063,2020,4,2024,5,0,26143.84
1064,2020,0,2020,1,5807.79,5807.79
1064,2020,1,2021,2,2137.15,7944.94
1064,2020,2,2022,3,405.15,8350.09
1064,2020,3,2023,4,417.12,8767.22
1064,2020,4,2024,5,572.16,9339.38
1065,2020,0,2020,1,76049.32,76049.32
1065,2020,1,2021,2,31855.69,107905.02
1065,2020,2,2022,3,16529.91,124434.92
1065,2020,3,2023,4,4729.39,129164.31
1065,2020,4,2024,5,0,129164.31
1066,2020,0,2020,1,14333.66,14333.66
1066,2020,1,2021,2,5074.14,19407.8
1066,2020,2,2022,3,3932.87,23340.67
1066,2020,3,2023,4,563.71,23904.38
1066,2020,4,2024,5,0,23904.38
1067,2020,0,2020,1,5601.11,5601.11
1067,2020,1,2021,2,2352.4,7953.51
1067,2020,2,2022,3,913.06,8866.57
1067,2020,3,2023,4,223.75,9090.31
1067,2020,4,2024,5,303.52,9393.83
1069,2020,0,2020,1,15611.86,15611.86
1069,2020,1,2021,2,6221.35,21833.21
1069,2020,2,2022,3,2043.74,23876.95
1069,2020,3,2023,4,706.56,24583.51
1069,2020,4,2024,5,127.28,24710.79
1070,2020,0,2020,1,7296.67,7296.67
1070,2020,1,2021,2,3354.08,10650.74
1070,2020,2,2022,3,1814.02,12464.77
1070,2020,3,2023,4,398.48,12863.25
1070,2020,4,2024,5,0,12863.25
1071,2020,0,2020,1,16674.83,16674.83
1071,2020,1,2021,2,6999.98,23674.81
1071,2020,2,2022,3,1008.43,24683.24
1071,2020,3,2023,4,2934.94,27618.17
1071,2020,4,2024,5,297.29,27915.46
1073,2020,0,2020,1,4444.3,4428.49
1073,2020,1,2021,2,1681.59,6104.1
1073,2020,2,2022,3,838.04,6939.16
1073,2020,3,2023,4,395.14,7332.89
1073,2020,4,2024,5,105.24,7437.75
1075,2020,0,2020,1,12952.75,12952.75
1075,2020,1,2021,2,5224.67,18177.43
1075,2020,2,2022,3,636.47,18813.89
1075,2020,3,2023,4,2235.22,21049.11
1075,2020,4,2024,5,0,21049.11
1076,2020,0,2020,1,7368.84,7368.84
1076,2020,1,2021,2,3253.54,10622.38
1076,2020,2,2022,3,1234.32,11856.7
1076,2020,3,2023,4,169.25,12025.96
1076,2020,4,2024,5,438.87,12464.83
1077,2020,0,2020,1,7179.53,7179.53
1077,2020,1,2021,2,2834.98,10014.51
1077,2020,2,2022,3,832.25,10846.76
1077,2020,3,2023,4,577.16,11423.92
1077,2020,4,2024,5,0,11423.92
1078,2020,0,2020,1,27508.53,27508.53
1078,2020,1,2021,2,8179.42,35687.95
1078,2020,2,2022,3,3722.55,39410.51
1078,2020,3,2023,4,3756.73,43167.24
1078,2020,4,2024,5,0,43167.24
1080,2020,0,2020,1,4264.76,4146.88
1080,2020,1,2021,2,1464.26,5570.67
1080,2020,2,2022,3,858.96,6405.89
1080,2020,3,2023,4,50.23,6454.73
1080,2020,4,2024,5,108.16,6559.9
1082,2020,0,2020,1,2737.08,2737.08
1082,2020,1,2021,2,1069.77,3806.85
1082,2020,2,2022,3,283.25,4090.09
1082,2020,3,2023,4,366.68,4456.77
1082,2020,4,2024,5,165.13,4621.9
1083,2020,0,2020,1,6992.78,6992.78
1083,2020,1,2021,2,2664.03,9656.81
1083,2020,2,2022,3,1576.96,11233.77
1083,2020,3,2023,4,548.44,11782.21
1083,2020,4,2024,5,0,11782.21
1085,2020,0,2020,1,16650.22,16650.22
1085,2020,1,2021,2,7087.61,23737.83
1085,2020,2,2022,3,1909.8,25647.63
1085,2020,3,2023,4,1866.22,27513.85
1085,2020,4,2024,5,0,27513.85
1086,2020,0,2020,1,6720.44,6720.44
1086,2020,1,2021,2,2938.41,9658.85
1086,2020,2,2022,3,1145.38,10804.23
1086,2020,3,2023,4,100.71,10904.94
1086,2020,4,2024,5,121.26,11026.2
1087,2020,0,2020,1,11923.65,11532.16
1087,2020,1,2021,2,5767.45,17110.24
1087,2020,2,2022,3,1737.65,18790.84
1087,2020,3,2023,4,875.45,19637.54
1087,2020,4,2024,5,21.39,19658.23
1091,2020,0,2020,1,4432.42,4432.42
1091,2020,1,2021,2,1919.58,6352
1091,2020,2,2022,3,610.02,6962.01
1091,2020,3,2023,4,393.63,7355.64
1091,2020,4,2024,5,113.18,7468.82
1092,2020,0,2020,1,14261.39,14261.39
1092,2020,1,2021,2,5493.68,19755.07
1092,2020,2,2022,3,2907.5,22662.57
1092,2020,3,2023,4,1405.15,24067.72
1092,2020,4,2024,5,0,24067.72
1093,2020,0,2020,1,9791.12,9791.12
1093,2020,1,2021,2,4486.35,14277.47
1093,2020,2,2022,3,1513.47,15790.94
1093,2020,3,2023,4,875.14,16666.08
1093,2020,4,2024,5,132.14,16798.22
1094,2020,0,2020,1,2584.53,2584.53
1094,2020,1,2021,2,1276.92,3861.45
1094,2020,2,2022,3,481.32,4342.77
1094,2020,3,2023,4,238.82,4581.59
1094,2020,4,2024,5,88.45,4670.04
1095,2020,0,2020,1,8038.7,8038.7
1095,2020,1,2021,2,3546.22,11584.92
1095,2020,2,2022,3,761.04,12345.96
1095,2020,3,2023,4,975.88,13321.84
1095,2020,4,2024,5,0,13321.84
1096,2020,0,2020,1,4237.61,4237.61
1096,2020,1,2021,2,1627.26,5864.87
1096,2020,2,2022,3,1061.37,6926.24
1096,2020,3,2023,4,281.35,7207.59
1096,2020,4,2024,5,0,7207.59
1098,2020,0,2020,1,20518.87,20518.87
1098,2020,1,2021,2,9066.81,29585.67
1098,2020,2,2022,3,3957.48,33543.15
1098,2020,3,2023,4,174.11,33717.26
1098,2020,4,2024,5,772.37,34489.63
1100,2020,0,2020,1,15193.97,15101.92
1100,2020,1,2021,2,4322.83,19398.56
1100,2020,2,2022,3,2563.01,21946.04
1100,2020,3,2023,4,1146.07,23085.16
1100,2020,4,2024,5,935.87,24015.36
1101,2020,0,2020,1,8170.12,8170.12
1101,2020,1,2021,2,2467.32,10637.44
1101,2020,2,2022,3,1720.64,12358.09
1101,2020,3,2023,4,429.79,12787.87
1101,2020,4,2024,5,178.78,12966.65
1102,2020,0,2020,1,6751.71,6751.71
1102,2020,1,2021,2,2883.96,9635.67
1102,2020,2,2022,3,1130.49,10766.15
1102,2020,3,2023,4,490.56,11256.71
1102,2020,4,2024,5,0,11256.71
1103,2020,0,2020,1,12100.03,12100.03
1103,2020,1,2021,2,5620.33,17720.36
1103,2020,2,2022,3,1348.69,19069.04
1103,2020,3,2023,4,1248.42,20317.47
1103,2020,4,2024,5,485.59,20803.06
1104,2020,0,2020,1,87461.59,87461.59
1104,2020,1,2021,2,35075.45,122537.04
1104,2020,2,2022,3,14603,137140.04
1104,2020,3,2023,4,5242.38,142382.42
1104,2020,4,2024,5,0,142382.42
1106,2020,0,2020,1,12915.02,12915.02
1106,2020,1,2021,2,4791,17706.02
1106,2020,2,2022,3,924.16,18630.18
1106,2020,3,2023,4,1614.75,20244.93
1106,2020,4,2024,5,448.16,20693.09
1107,2020,0,2020,1,5713.78,5713.11
1107,2020,1,2021,2,2198.18,7911.04
1107,2020,2,2022,3,1092.46,9003.37
1107,2020,3,2023,4,19.86,9023.24
1107,2020,4,2024,5,254.4,9277.61
1108,2020,0,2020,1,18877.3,18736.89
1108,2020,1,2021,2,6309.88,24999.84
1108,2020,2,2022,3,3318.86,28294.01
1108,2020,3,2023,4,835.66,29123.46
1108,2020,4,2024,5,63.57,29186.55
1109,2020,0,2020,1,20757.17,20757.17
1109,2020,1,2021,2,7978.15,28735.31
1109,2020,2,2022,3,5380.03,34115.34
1109,2020,3,2023,4,0,34115.34
1109,2020,4,2024,5,0,34115.34
1110,2020,0,2020,1,4295.45,4295.45
1110,2020,1,2021,2,1957.51,6252.96
1110,2020,2,2022,3,939.98,7192.94
1110,2020,3,2023,4,43.41,7236.35
1110,2020,4,2024,5,129.38,7365.73
1111,2020,0,2020,1,9412.69,9412.69
1111,2020,1,2021,2,4667.69,14080.38
1111,2020,2,2022,3,1004.18,15084.56
1111,2020,3,2023,4,938.99,16023.55
1111,2020,4,2024,5,0,16023.55
1112,2020,0,2020,1,1149.37,1149.37
1112,2020,1,2021,2,460.06,1609.43
1112,2020,2,2022,3,149.77,1759.2
1112,2020,3,2023,4,121.36,1880.56
1112,2020,4,2024,5,0.2,1880.76
1113,2020,0,2020,1,1915.79,1915.79
1113,2020,1,2021,2,851.34,2767.13
1113,2020,2,2022,3,117.21,2884.35
1113,2020,3,2023,4,296.95,3181.3
1113,2020,4,2024,5,0,3181.3
1114,2020,0,2020,1,15777.82,15777.82
1114,2020,1,2021,2,6482.42,22260.23
1114,2020,2,2022,3,1390.27,23650.51
1114,2020,3,2023,4,1390.26,25040.76
1114,2020,4,2024,5,303.93,25344.69
1116,2020,0,2020,1,90343.26,90343.26
1116,2020,1,2021,2,32552.65,122895.91
1116,2020,2,2022,3,28041.2,150937.11
1116,2020,3,2023,4,4684.81,155621.92
1116,2020,4,2024,5,2192.43,157814.35
1117,2020,0,2020,1,81033.64,80186.92
1117,2020,1,2021,2,37165.31,116963.88
1117,2020,2,2022,3,11517.98,128361.51
1117,2020,3,2023,4,4456.68,132771.62
1117,2020,4,2024,5,3339.36,136076.09
1118,2020,0,2020,1,7091.98,6947.66
1118,2020,1,2021,2,3396.31,10274.87
1118,2020,2,2022,3,881.95,11138.87
1118,2020,3,2023,4,102.95,11239.72
1118,2020,4,2024,5,133.88,11370.88
1119,2020,0,2020,1,10409.07,10409.07
1119,2020,1,2021,2,3500.44,13909.51
1119,2020,2,2022,3,2395.64,16305.15
1119,2020,3,2023,4,261.9,16567.05
1119,2020,4,2024,5,539.3,17106.35
1120,2020,0,2020,1,898.56,898.56
1120,2020,1,2021,2,446.06,1344.62
1120,2020,2,2022,3,163.37,1507.99
1120,2020,3,2023,4,32.99,1540.98
1120,2020,4,2024,5,16.85,1557.83
1121,2020,0,2020,1,2452.39,2452.39
1121,2020,1,2021,2,1055.38,3507.77
1121,2020,2,2022,3,444.46,3952.23
1121,2020,3,2023,4,139.6,4091.83
1121,2020,4,2024,5,30.24,4122.07
1122,2020,0,2020,1,3352.14,3352.14
1122,2020,1,2021,2,1616.21,4968.35
1122,2020,2,2022,3,673.94,5642.29
1122,2020,3,2023,4,89.97,5732.26
1122,2020,4,2024,5,51.18,5783.44
1123,2020,0,2020,1,8195.22,7988.14
1123,2020,1,2021,2,3601.22,11498.37
1123,2020,2,2022,3,1339.72,12804.23
1123,2020,3,2023,4,130.46,12931.4
1123,2020,4,2024,5,169.02,13096.14
1124,2020,0,2020,1,28368.01,28368.01
1124,2020,1,2021,2,10946.66,39314.67
1124,2020,2,2022,3,4396.06,43710.73
1124,2020,3,2023,4,1052.24,44762.97
1124,2020,4,2024,5,1967.74,46730.71
1126,2020,0,2020,1,5018.13,5018.13
1126,2020,1,2021,2,2364.77,7382.9
1126,2020,2,2022,3,806.14,8189.04
1126,2020,3,2023,4,195.24,8384.28
1126,2020,4,2024,5,0,8384.28
1127,2020,0,2020,1,19924.06,19670.14
1127,2020,1,2021,2,9938.75,29482.23
1127,2020,2,2022,3,2038.04,31494.29
1127,2020,3,2023,4,1315.79,32793.31
1127,2020,4,2024,5,398.24,33186.48
1129,2020,0,2020,1,2434.95,2434.95
1129,2020,1,2021,2,1112.91,3547.86
1129,2020,2,2022,3,458.47,4006.33
1129,2020,3,2023,4,55.43,4061.76
1129,2020,4,2024,5,0,4061.76
1131,2020,0,2020,1,9984.17,9865.07
1131,2020,1,2021,2,4605.25,14415.39
1131,2020,2,2022,3,1524.09,15921.31
1131,2020,3,2023,4,86.37,16006.65
1131,2020,4,2024,5,89.66,16095.24
1133,2020,0,2020,1,18246.62,18046.53
1133,2020,1,2021,2,8167.77,26124.73
1133,2020,2,2022,3,3226.79,29316.14
1133,2020,3,2023,4,349.79,29662.09
1133,2020,4,2024,5,757.44,30411.23
1134,2020,0,2020,1,1791.66,1773.15
1134,2020,1,2021,2,584.01,2351.13
1134,2020,2,2022,3,405.22,2752.17
1134,2020,3,2023,4,62.92,2814.44
1134,2020,4,2024,5,85.62,2899.17
1135,2020,0,2020,1,2471.19,2471.19
1135,2020,1,2021,2,925.11,3396.3
1135,2020,2,2022,3,275.72,3672.02
1135,2020,3,2023,4,162.28,3834.3
1135,2020,4,2024,5,84.23,3918.53
1137,2020,0,2020,1,6273.88,6273.88
1137,2020,1,2021,2,2341.67,8615.55
1137,2020,2,2022,3,1341.51,9957.07
1137,2020,3,2023,4,434.47,10391.54
1137,2020,4,2024,5,0,10391.54
1139,2020,0,2020,1,3488.95,3488.95
1139,2020,1,2021,2,1412.15,4901.11
1139,2020,2,2022,3,720.79,5621.9
1139,2020,3,2023,4,336.61,5958.51
1139,2020,4,2024,5,25.56,5984.07
1140,2020,0,2020,1,7307.51,7307.51
1140,2020,1,2021,2,2699.99,10007.5
1140,2020,2,2022,3,995.65,11003.15
1140,2020,3,2023,4,540.06,11543.21
1140,2020,4,2024,5,27.99,11571.2
1141,2020,0,2020,1,26001.6,25919.31
1141,2020,1,2021,2,12891.26,38769.76
1141,2020,2,2022,3,3231.81,41991.34
1141,2020,3,2023,4,1628.94,43615.12
1141,2020,4,2024,5,1295.82,44906.84
1142,2020,0,2020,1,6504.26,6504.26
1142,2020,1,2021,2,3138.91,9643.18
1142,2020,2,2022,3,1095.52,10738.7
1142,2020,3,2023,4,422.25,11160.95
1142,2020,4,2024,5,83.98,11244.93
1143,2020,0,2020,1,966.41,966.41
1143,2020,1,2021,2,385.65,1352.06
1143,2020,2,2022,3,94.94,1447.01
1143,2020,3,2023,4,35.31,1482.31
1143,2020,4,2024,5,86.08,1568.39
1144,2020,0,2020,1,21613.18,21548.62
1144,2020,1,2021,2,9281.47,30802.37
1144,2020,2,2022,3,2234.12,33029.81
1144,2020,3,2023,4,1722.88,34747.55
1144,2020,4,2024,5,113.21,34860.42
1145,2020,0,2020,1,17318.91,17318.91
1145,2020,1,2021,2,7475.75,24794.66
1145,2020,2,2022,3,2149.35,26944.02
1145,2020,3,2023,4,1485.19,28429.21
1145,2020,4,2024,5,0,28429.21
1147,2020,0,2020,1,15555.94,15555.94
1147,2020,1,2021,2,4694.21,20250.15
1147,2020,2,2022,3,4397.38,24647.53
1147,2020,3,2023,4,101.91,24749.44
1147,2020,4,2024,5,515.05,25264.49
1148,2020,0,2020,1,14219.63,14219.63
1148,2020,1,2021,2,4137.09,18356.72
1148,2020,2,2022,3,2483.66,20840.38
1148,2020,3,2023,4,1529.65,22370.03
1148,2020,4,2024,5,281.81,22651.84
1150,2020,0,2020,1,1317.42,1317.42
1150,2020,1,2021,2,534.47,1851.9
1150,2020,2,2022,3,260.59,2112.48
1150,2020,3,2023,4,19.78,2132.26
1150,2020,4,2024,5,91.26,2223.52
1151,2020,0,2020,1,13431.38,13193.21
1151,2020,1,2021,2,6928.74,19999.09
1151,2020,2,2022,3,998.36,20979.74
1151,2020,3,2023,4,283.21,21257.92
1151,2020,4,2024,5,402.37,21653.16
1152,2020,0,2020,1,22182.76,22182.76
1152,2020,1,2021,2,7196.37,29379.13
1152,2020,2,2022,3,3980.66,33359.79
1152,2020,3,2023,4,1948.95,35308.74
1152,2020,4,2024,5,0,35308.74
1155,2020,0,2020,1,11364.13,11364.13
1155,2020,1,2021,2,4869.26,16233.39
1155,2020,2,2022,3,915.72,17149.11
1155,2020,3,2023,4,1775.65,18924.76
1155,2020,4,2024,5,0,18924.76
1158,2020,0,2020,1,3701.9,3653.81
1158,2020,1,2021,2,1289.57,4926.63
1158,2020,2,2022,3,662.38,5580.4
1158,2020,3,2023,4,2.88,5583.24
1158,2020,4,2024,5,169.11,5750.16
1160,2020,0,2020,1,3231.21,3231.21
1160,2020,1,2021,2,1299.58,4530.79
1160,2020,2,2022,3,631.38,5162.17
1160,2020,3,2023,4,236.9,5399.06
1160,2020,4,2024,5,112.85,5511.91
1161,2020,0,2020,1,2330.76,2330.76
1161,2020,1,2021,2,1017.03,3347.79
1161,2020,2,2022,3,374.16,3721.95
1161,2020,3,2023,4,181.9,3903.85
1161,2020,4,2024,5,56.05,3959.9
1162,2020,0,2020,1,1821.03,1821.03
1162,2020,1,2021,2,823.66,2644.69
1162,2020,2,2022,3,248.36,2893.04
1162,2020,3,2023,4,131.18,3024.22
1162,2020,4,2024,5,80.41,3104.63
1164,2020,0,2020,1,7955.61,7955.61
1164,2020,1,2021,2,3245.72,11201.33
1164,2020,2,2022,3,1117.76,12319.09
1164,2020,3,2023,4,357.65,12676.74
1164,2020,4,2024,5,420.21,13096.95
1165,2020,0,2020,1,5013.77,5013.77
1165,2020,1,2021,2,2293.02,7306.79
1165,2020,2,2022,3,427.81,7734.6
1165,2020,3,2023,4,236.64,7971.24
1165,2020,4,2024,5,0,7971.24
1166,2020,0,2020,1,14621.53,14621.53
1166,2020,1,2021,2,6396.19,21017.72
1166,2020,2,2022,3,1684.23,22701.95
1166,2020,3,2023,4,361.83,23063.78
1166,2020,4,2024,5,1546.24,24610.02
1167,2020,0,2020,1,12999.58,12846.85
1167,2020,1,2021,2,4934.98,17723.86
1167,2020,2,2022,3,2329.7,20026.18
1167,2020,3,2023,4,173.92,20198.06
1167,2020,4,2024,5,558.37,20749.87
1168,2020,0,2020,1,16738.57,16738.57
1168,2020,1,2021,2,8992.21,25730.78
1168,2020,2,2022,3,2837.32,28568.11
1168,2020,3,2023,4,811.79,29379.9
1168,2020,4,2024,5,200.16,29580.06
1169,2020,0,2020,1,5024.21,4970.77
1169,2020,1,2021,2,1738.4,6690.68
1169,2020,2,2022,3,996.68,7676.76
1169,2020,3,2023,4,420.25,8092.54
1169,2020,4,2024,5,68.53,8160.34
1171,2020,0,2020,1,1423.25,1403.63
1171,2020,1,2021,2,745.48,2138.83
1171,2020,2,2022,3,96.3,2233.8
1171,2020,3,2023,4,105.81,2338.16
1171,2020,4,2024,5,46.07,2383.59
1172,2020,0,2020,1,16990.5,16990.5
1172,2020,1,2021,2,7159.58,24150.08
1172,2020,2,2022,3,2394.41,26544.49
1172,2020,3,2023,4,1103.74,27648.23
1172,2020,4,2024,5,0,27648.23
1173,2020,0,2020,1,1153.91,1153.91
1173,2020,1,2021,2,470.77,1624.68
1173,2020,2,2022,3,260.09,1884.77
1173,2020,3,2023,4,19.49,1904.26
1173,2020,4,2024,5,57.02,1961.28
1174,2020,0,2020,1,29895.81,29420.68
1174,2020,1,2021,2,10109.8,39369.81
1174,2020,2,2022,3,5429.05,44712.57
1174,2020,3,2023,4,985.42,45682.33
1174,2020,4,2024,5,762.99,46433.19
1175,2020,0,2020,1,5924.24,5924.24
1175,2020,1,2021,2,2608.03,8532.27
1175,2020,2,2022,3,1393.58,9925.85
1175,2020,3,2023,4,103.61,10029.46
1175,2020,4,2024,5,0,10029.46
1176,2021,0,2021,1,15577.99,15550.66
1176,2021,1,2022,2,5792.52,21333.02
1176,2021,2,2023,3,3375.37,24702.46
1176,2021,3,2024,4,673.04,25374.32
1177,2021,0,2021,1,291,291
1177,2021,1,2022,2,122.18,413.17
1177,2021,2,2023,3,61.61,474.78
1177,2021,3,2024,4,19.09,493.87
1180,2021,0,2021,1,21251.67,21025.28
1180,2021,1,2022,2,8779.43,29711.18
1180,2021,2,2023,3,4012.44,33680.87
1180,2021,3,2024,4,1674.71,35337.74
1181,2021,0,2021,1,88050.43,86265.69
1181,2021,1,2022,2,39972.01,125427.49
1181,2021,2,2023,3,11404.19,136600.51
1181,2021,3,2024,4,1893.51,138455.64
1182,2021,0,2021,1,10022.09,9798.25
1182,2021,1,2022,2,3993.46,13702.52
1182,2021,2,2023,3,1444.69,15114.95
1182,2021,3,2024,4,799.38,15896.47
1183,2021,0,2021,1,2381.97,2324.4
1183,2021,1,2022,2,1097.37,3395.24
1183,2021,2,2023,3,269.66,3658.38
1183,2021,3,2024,4,187.85,3841.69
1184,2021,0,2021,1,32243.36,32243.36
1184,2021,1,2022,2,12350.57,44593.93
1184,2021,2,2023,3,7213.61,51807.54
1184,2021,3,2024,4,875.82,52683.36
1186,2021,0,2021,1,9068.57,8974.25
1186,2021,1,2022,2,3302.34,12242.24
1186,2021,2,2023,3,2322.45,14540.54
1186,2021,3,2024,4,826.85,15358.79
1187,2021,0,2021,1,22053.47,22053.47
1187,2021,1,2022,2,8465.16,30518.64
1187,2021,2,2023,3,4751.01,35269.64
1187,2021,3,2024,4,2002.2,37271.84
1188,2021,0,2021,1,7823.53,7569.63
1188,2021,1,2022,2,3142.94,10610.57
1188,2021,2,2023,3,1564.7,12124.49
1188,2021,3,2024,4,275.98,12391.52
1189,2021,0,2021,1,11123.33,11082.82
1189,2021,1,2022,2,4097.09,15164.98
1189,2021,2,2023,3,2649.33,17804.67
1189,2021,3,2024,4,690.1,18492.25
1190,2021,0,2021,1,5017.9,4866.63
1190,2021,1,2022,2,2787.22,7569.83
1190,2021,2,2023,3,762.09,8308.94
1190,2021,3,2024,4,62.72,8369.77
1191,2021,0,2021,1,19275.06,19275.06
1191,2021,1,2022,2,7282.1,26557.15
1191,2021,2,2023,3,2555.04,29112.19
1191,2021,3,2024,4,2399.53,31511.72
1193,2021,0,2021,1,11597.02,11386.94
1193,2021,1,2022,2,4169.55,15480.95
1193,2021,2,2023,3,2738.22,18169.57
1193,2021,3,2024,4,7.17,18176.61
1195,2021,0,2021,1,72503.71,69198.35
1195,2021,1,2022,2,26765.28,94743.44
1195,2021,2,2023,3,14888.28,108952.98
1195,2021,3,2024,4,488.15,109418.87
1196,2021,0,2021,1,5294.62,5189.74
1196,2021,1,2022,2,2206.84,7352.87
1196,2021,2,2023,3,18.37,7370.87
1196,2021,3,2024,4,862.03,8215.83
1197,2021,0,2021,1,5582.14,5481.44
1197,2021,1,2022,2,2850.43,8280.45
1197,2021,2,2023,3,168.34,8445.75
1197,2021,3,2024,4,585.64,9020.83
1198,2021,0,2021,1,15120.21,14549.74
1198,2021,1,2022,2,5237.79,19589.91
1198,2021,2,2023,3,1908.67,21426.57
1198,2021,3,2024,4,1450.81,22822.65
1200,2021,0,2021,1,7996.14,7996.14
1200,2021,1,2022,2,2503.95,10500.09
1200,2021,2,2023,3,2030.1,12530.19
1200,2021,3,2024,4,831.51,13361.7
1201,2021,0,2021,1,5083.84,5083.84
1201,2021,1,2022,2,2260.02,7343.85
1201,2021,2,2023,3,434.09,7777.94
1201,2021,3,2024,4,660.9,8438.84
1204,2021,0,2021,1,24848.44,24222.15
1204,2021,1,2022,2,14146.6,38012.19
1204,2021,2,2023,3,3816.84,41732.83
1204,2021,3,2024,4,641.02,42357.7
1205,2021,0,2021,1,14257.78,14112.01
1205,2021,1,2022,2,7547.27,21582.12
1205,2021,2,2023,3,1716.14,23280.72
1205,2021,3,2024,4,724.09,23997.4
1206,2021,0,2021,1,9980.56,9980.56
1206,2021,1,2022,2,4621.59,14602.15
1206,2021,2,2023,3,823.89,15426.04
1206,2021,3,2024,4,848.02,16274.06
1207,2021,0,2021,1,7645.99,7538.02
1207,2021,1,2022,2,2611.55,10112.7
1207,2021,2,2023,3,1608.89,11698.87
1207,2021,3,2024,4,623.89,12313.95
1208,2021,0,2021,1,40.94,40.94
1208,2021,1,2022,2,16.42,57.36
1208,2021,2,2023,3,2.5,59.86
1208,2021,3,2024,4,6.01,65.87
1209,2021,0,2021,1,11635.19,11635.19
1209,2021,1,2022,2,4893.2,16528.39
1209,2021,2,2023,3,1332.23,17860.61
1209,2021,3,2024,4,1369.13,19229.74
1210,2021,0,2021,1,11841,11537.98
1210,2021,1,2022,2,4380.18,15806.07
1210,2021,2,2023,3,3101.81,18828.5
1210,2021,3,2024,4,229.81,19052.42
1211,2021,0,2021,1,68266,65810.28
1211,2021,1,2022,2,32682.89,97317.47
1211,2021,2,2023,3,8243.28,105264.22
1211,2021,3,2024,4,3844.01,108969.94
1212,2021,0,2021,1,9180.33,8781.51
1212,2021,1,2022,2,2547.78,11218.61
1212,2021,2,2023,3,1155.88,12324.27
1212,2021,3,2024,4,482.5,12785.81
1213,2021,0,2021,1,11592.08,11592.08
1213,2021,1,2022,2,5205.8,16797.87
1213,2021,2,2023,3,2466.88,19264.75
1213,2021,3,2024,4,502.94,19767.69
1214,2021,0,2021,1,3400.22,3367.45
1214,2021,1,2022,2,1319.68,4674.41
1214,2021,2,2023,3,403.33,5073.85
1214,2021,3,2024,4,264.61,5335.91
1215,2021,0,2021,1,1218.01,1218.01
1215,2021,1,2022,2,355.8,1573.81
1215,2021,2,2023,3,270.69,1844.5
1215,2021,3,2024,4,105.72,1950.22
1216,2021,0,2021,1,36109.58,35595.81
1216,2021,1,2022,2,13228.84,48636.43
1216,2021,2,2023,3,8495.98,57011.54
1216,2021,3,2024,4,282.76,57290.27
1217,2021,0,2021,1,7450.78,7325.46
1217,2021,1,2022,2,3176.78,10448.81
1217,2021,2,2023,3,1048,11479.18
1217,2021,3,2024,4,636.26,12104.74
1218,2021,0,2021,1,5924.27,5881.69
1218,2021,1,2022,2,2023.03,7890.17
1218,2021,2,2023,3,1166.12,9047.91
1218,2021,3,2024,4,189.5,9236.05
1219,2021,0,2021,1,7502.33,7159.59
1219,2021,1,2022,2,3231.36,10243.33
1219,2021,2,2023,3,795.84,11002.82
1219,2021,3,2024,4,551.04,11528.68
1220,2021,0,2021,1,6316.28,6316.28
1220,2021,1,2022,2,2746.05,9062.33
1220,2021,2,2023,3,1060.66,10122.99
1220,2021,3,2024,4,351.61,10474.6
1221,2021,0,2021,1,6295.18,6295.18
1221,2021,1,2022,2,2838.96,9134.14
1221,2021,2,2023,3,554.97,9689.11
1221,2021,3,2024,4,734.7,10423.81
1222,2021,0,2021,1,2107.27,2035.42
1222,2021,1,2022,2,844.67,2851.29
1222,2021,2,2023,3,431.99,3268.55
1222,2021,3,2024,4,42.77,3309.86
1223,2021,0,2021,1,8542.42,8253.76
1223,2021,1,2022,2,3772.89,11899.16
1223,2021,2,2023,3,631.69,12509.5
1223,2021,3,2024,4,510.22,13002.48
1224,2021,0,2021,1,2957.87,2957.87
1224,2021,1,2022,2,1166.39,4124.26
1224,2021,2,2023,3,533.82,4658.08
1224,2021,3,2024,4,244.54,4902.62
1225,2021,0,2021,1,27606.34,26589.16
1225,2021,1,2022,2,10210.54,36423.48
1225,2021,2,2023,3,3713.89,40000.53
1225,2021,3,2024,4,1468.12,41414.56
1226,2021,0,2021,1,13290.44,13289.65
1226,2021,1,2022,2,5479.91,18769.23
1226,2021,2,2023,3,1738.47,20507.59
1226,2021,3,2024,4,1735.39,22242.88
1227,2021,0,2021,1,9923.16,9274.68
1227,2021,1,2022,2,3567.27,12608.84
1227,2021,2,2023,3,1684.75,14183.49
1227,2021,3,2024,4,18.61,14200.88
1230,2021,0,2021,1,5516.35,5516.35
1230,2021,1,2022,2,1620.79,7137.14
1230,2021,2,2023,3,1003.32,8140.46
1230,2021,3,2024,4,674.14,8814.6
1231,2021,0,2021,1,9208.33,9208.33
1231,2021,1,2022,2,3226.96,12435.29
1231,2021,2,2023,3,1138.63,13573.92
1231,2021,3,2024,4,1081.5,14655.42
1232,2021,0,2021,1,2162.58,2140.64
1232,2021,1,2022,2,887.49,3019.13
1232,2021,2,2023,3,222.91,3239.78
1232,2021,3,2024,4,235.65,3473.04
1233,2021,0,2021,1,7736.29,7736.29
1233,2021,1,2022,2,3386.73,11123.02
1233,2021,2,2023,3,920.25,12043.28
1233,2021,3,2024,4,953.86,12997.14
1234,2021,0,2021,1,11306.35,11306.35
1234,2021,1,2022,2,4942.14,16248.49
1234,2021,2,2023,3,2187.6,18436.09
1234,2021,3,2024,4,613.96,19050.05
1235,2021,0,2021,1,4672.72,4610.07
1235,2021,1,2022,2,1930.48,6514.67
1235,2021,2,2023,3,854.61,7357.82
1235,2021,3,2024,4,291.36,7645.27
1236,2021,0,2021,1,5387.1,5387.1
1236,2021,1,2022,2,2304.03,7691.14
1236,2021,2,2023,3,968.06,8659.2
1236,2021,3,2024,4,304.24,8963.44
1238,2021,0,2021,1,2043.91,2043.91
1238,2021,1,2022,2,989.69,3033.6
1238,2021,2,2023,3,255.79,3289.38
1238,2021,3,2024,4,153.42,3442.8
1239,2021,0,2021,1,1000.21,970.54
1239,2021,1,2022,2,401.83,1360.45
1239,2021,2,2023,3,166.61,1522.12
1239,2021,3,2024,4,11.51,1533.29
1240,2021,0,2021,1,4918.13,4896.76
1240,2021,1,2022,2,1774.96,6664
1240,2021,2,2023,3,797.32,7457.85
1240,2021,3,2024,4,573.54,8028.9
1241,2021,0,2021,1,473.07,462.48
1241,2021,1,2022,2,221.62,679.13
1241,2021,2,2023,3,62.57,740.3
1241,2021,3,2024,4,6.3,746.46
1243,2021,0,2021,1,16717.84,16464.88
1243,2021,1,2022,2,5443.36,21825.88
1243,2021,2,2023,3,4638.9,26394.59
1243,2021,3,2024,4,157.53,26549.74
1244,2021,0,2021,1,6836.23,6836.23
1244,2021,1,2022,2,2909.81,9746.04
1244,2021,2,2023,3,1059.94,10805.98
1244,2021,3,2024,4,873.26,11679.24
1245,2021,0,2021,1,4654.6,4517.66
1245,2021,1,2022,2,1835.66,6299.31
1245,2021,2,2023,3,935.67,7207.45
1245,2021,3,2024,4,80.57,7285.65
1247,2021,0,2021,1,12476.45,11685.54
1247,2021,1,2022,2,5803.24,17120.9
1247,2021,2,2023,3,1770.26,18778.95
1247,2021,3,2024,4,844.04,19569.48
1250,2021,0,2021,1,959.06,936.23
1250,2021,1,2022,2,385.18,1312.24
1250,2021,2,2023,3,182.64,1490.53
1250,2021,3,2024,4,46.11,1535.54
1253,2021,0,2021,1,7741.43,7741.43
1253,2021,1,2022,2,2777.91,10519.34
1253,2021,2,2023,3,778.51,11297.85
1253,2021,3,2024,4,798.68,12096.53
1254,2021,0,2021,1,16204.42,15697.27
1254,2021,1,2022,2,6633.27,22122.94
1254,2021,2,2023,3,1867.56,23932.05
1254,2021,3,2024,4,1189.8,25084.61
1255,2021,0,2021,1,2164.02,2158.97
1255,2021,1,2022,2,774.78,2931.94
1255,2021,2,2023,3,193.58,3125.06
1255,2021,3,2024,4,302.94,3427.3
1256,2021,0,2021,1,16907.25,16907.25
1256,2021,1,2022,2,8160.28,25067.53
1256,2021,2,2023,3,2204.83,27272.36
1256,2021,3,2024,4,1170.54,28442.9
1257,2021,0,2021,1,2278.24,2278.24
1257,2021,1,2022,2,888.18,3166.41
1257,2021,2,2023,3,328.55,3494.96
1257,2021,3,2024,4,201.86,3696.82
1258,2021,0,2021,1,25860.88,25860.88
1258,2021,1,2022,2,10636.42,36497.31
1258,2021,2,2023,3,3085.73,39583.04
1258,2021,3,2024,4,2886.11,42469.15
1259,2021,0,2021,1,2951.86,2951.86
1259,2021,1,2022,2,1156.95,4108.8
1259,2021,2,2023,3,550.34,4659.14
1259,2021,3,2024,4,177.11,4836.25
1260,2021,0,2021,1,13205.36,12672.91
1260,2021,1,2022,2,5042.3,17511.9
1260,2021,2,2023,3,1367.47,18824.24
1260,2021,3,2024,4,1242.17,20016.33
1261,2021,0,2021,1,20625.46,20625.46
1261,2021,1,2022,2,10390.29,31015.76
1261,2021,2,2023,3,1282,32297.76
1261,2021,3,2024,4,3677.88,35975.64
1263,2021,0,2021,1,5487.2,5396.15
1263,2021,1,2022,2,2416.82,7772.87
1263,2021,2,2023,3,1109.86,8864.31
1263,2021,3,2024,4,201.96,9062.92
1264,2021,0,2021,1,12684.1,12214.5
1264,2021,1,2022,2,4977.11,17007.35
1264,2021,2,2023,3,2478.97,19394.54
1264,2021,3,2024,4,56.84,19449.28
1265,2021,0,2021,1,6638.71,6518.87
1265,2021,1,2022,2,3163.22,9624.98
1265,2021,2,2023,3,1289.81,10891.51
1265,2021,3,2024,4,36.04,10926.9
1266,2021,0,2021,1,8592.07,8177.12
1266,2021,1,2022,2,3035.02,11065.56
1266,2021,2,2023,3,1118.95,12130.47
1266,2021,3,2024,4,631.11,12731.1
1268,2021,0,2021,1,18711.95,18495.71
1268,2021,1,2022,2,8713.05,27108.08
1268,2021,2,2023,3,3484.39,30552.2
1268,2021,3,2024,4,451.33,30998.31
1270,2021,0,2021,1,7206.34,6941.22
1270,2021,1,2022,2,3227.47,10049.95
1270,2021,2,2023,3,571.98,10600.88
1270,2021,3,2024,4,293.33,10883.42
1271,2021,0,2021,1,4976.41,4847.85
1271,2021,1,2022,2,2111.47,6904.77
1271,2021,2,2023,3,678.1,7565.36
1271,2021,3,2024,4,208.02,7768
1272,2021,0,2021,1,5878.23,5878.23
1272,2021,1,2022,2,2810.4,8688.63
1272,2021,2,2023,3,1073.19,9761.83
1272,2021,3,2024,4,340.24,10102.07
1274,2021,0,2021,1,6408.23,6408.23
1274,2021,1,2022,2,2455.75,8863.98
1274,2021,2,2023,3,717.98,9581.97
1274,2021,3,2024,4,784.97,10366.94
1275,2021,0,2021,1,6727.54,6619.16
1275,2021,1,2022,2,2429.89,9009.9
1275,2021,2,2023,3,805.48,9802.41
1275,2021,3,2024,4,728.98,10519.65
1276,2021,0,2021,1,9093.51,9093.51
1276,2021,1,2022,2,4226.95,13320.47
1276,2021,2,2023,3,1406.58,14727.04
1276,2021,3,2024,4,659.28,15386.32
1277,2021,0,2021,1,4113.51,4113.51
1277,2021,1,2022,2,1598.73,5712.24
1277,2021,2,2023,3,500.69,6212.93
1277,2021,3,2024,4,430.36,6643.29
1278,2021,0,2021,1,6612.95,6612.95
1278,2021,1,2022,2,2757.25,9370.2
1278,2021,2,2023,3,897.58,10267.78
1278,2021,3,2024,4,187.08,10454.86
1280,2021,0,2021,1,75258.2,73463.29
1280,2021,1,2022,2,37497.24,110066.21
1280,2021,2,2023,3,10954.68,120759.63
1280,2021,3,2024,4,6993.15,127585.99
1281,2021,0,2021,1,15711.06,15711.06
1281,2021,1,2022,2,6344.49,22055.55
1281,2021,2,2023,3,1086.47,23142.02
1281,2021,3,2024,4,2756.48,25898.5
1283,2021,0,2021,1,3955.26,3809.53
1283,2021,1,2022,2,1309.89,5071.16
1283,2021,2,2023,3,685.69,5731.58
1283,2021,3,2024,4,84.23,5812.71
1284,2021,0,2021,1,13710.49,13710.49
1284,2021,1,2022,2,4146.36,17856.85
1284,2021,2,2023,3,2978.8,20835.65
1284,2021,3,2024,4,1991.04,22826.69
1285,2021,0,2021,1,3667.58,3595.68
1285,2021,1,2022,2,1495.42,5061.78
1285,2021,2,2023,3,594.04,5644.17
1285,2021,3,2024,4,242.79,5882.2
1286,2021,0,2021,1,2260.68,2241.09
1286,2021,1,2022,2,903.44,3136.71
1286,2021,2,2023,3,415.97,3549.08
1286,2021,3,2024,4,64.19,3612.72
1287,2021,0,2021,1,8383.11,8371.96
1287,2021,1,2022,2,3228.24,11595.91
1287,2021,2,2023,3,1142.38,12736.77
1287,2021,3,2024,4,539.98,13276.03
1288,2021,0,2021,1,5330.57,5199.87
1288,2021,1,2022,2,1973.46,7124.95
1288,2021,2,2023,3,1066.89,8165.68
1288,2021,3,2024,4,88.59,8252.09
1290,2021,0,2021,1,20918.83,20918.83
1290,2021,1,2022,2,9519.02,30437.86
1290,2021,2,2023,3,3195.11,33632.97
1290,2021,3,2024,4,943.93,34576.9
1292,2021,0,2021,1,8886.01,8886.01
1292,2021,1,2022,2,3227.75,12113.77
1292,2021,2,2023,3,2021.76,14135.52
1292,2021,3,2024,4,761.23,14896.75
1293,2021,0,2021,1,18120.43,17306.58
1293,2021,1,2022,2,5437.71,22500.07
1293,2021,2,2023,3,3404.59,25751.74
1293,2021,3,2024,4,523.93,26252.13
1294,2021,0,2021,1,6664.45,6482.13
1294,2021,1,2022,2,2942.3,9343.94
1294,2021,2,2023,3,999.38,10315.98
1294,2021,3,2024,4,196.37,10506.98
1295,2021,0,2021,1,19772.25,19772.25
1295,2021,1,2022,2,8991.09,28763.35
1295,2021,2,2023,3,4725.32,33488.66
1295,2021,3,2024,4,1139.88,34628.54
1296,2021,0,2021,1,4937.65,4922.03
1296,2021,1,2022,2,2442.73,7357.03
1296,2021,2,2023,3,778.52,8133.08
1296,2021,3,2024,4,390.06,8521.91
1297,2021,0,2021,1,16635.34,15924.84
1297,2021,1,2022,2,7537.36,23140.28
1297,2021,2,2023,3,2340.36,25380.69
1297,2021,3,2024,4,189.19,25561.79
1298,2021,0,2021,1,17968.72,17968.72
1298,2021,1,2022,2,6748.58,24717.3
1298,2021,2,2023,3,2877.8,27595.1
1298,2021,3,2024,4,989.41,28584.51
1299,2021,0,2021,1,14093.33,14093.33
1299,2021,1,2022,2,5042.02,19135.35
1299,2021,2,2023,3,3581.8,22717.15
1299,2021,3,2024,4,691.6,23408.75
1300,2021,0,2021,1,2493.52,2493.52
1300,2021,1,2022,2,905.99,3399.51
1300,2021,2,2023,3,440.04,3839.54
1300,2021,3,2024,4,148.74,3988.28
1301,2021,0,2021,1,7945.5,7911.22
1301,2021,1,2022,2,3246.95,11144.17
1301,2021,2,2023,3,1080.01,12219.52
1301,2021,3,2024,4,923.15,13138.69
1305,2021,0,2021,1,11223.95,11223.95
1305,2021,1,2022,2,4465,15688.94
1305,2021,2,2023,3,1565.73,17254.68
1305,2021,3,2024,4,922.12,18176.8
1306,2021,0,2021,1,15388.53,15234.37
1306,2021,1,2022,2,5452.86,20632.6
1306,2021,2,2023,3,3819.16,24413.51
1306,2021,3,2024,4,538.77,24946.89
1307,2021,0,2021,1,8031.07,7743.05
1307,2021,1,2022,2,2588.17,10238.4
1307,2021,2,2023,3,1399.62,11587.83
1307,2021,3,2024,4,713.9,12276.13
1308,2021,0,2021,1,11120.63,10890.09
1308,2021,1,2022,2,4261.55,15063.29
1308,2021,2,2023,3,2108.41,17127.98
1308,2021,3,2024,4,561.36,17677.7
1309,2021,0,2021,1,15327.91,15233.43
1309,2021,1,2022,2,6839.24,22030.51
1309,2021,2,2023,3,4150.7,26155.63
1309,2021,3,2024,4,343.74,26497.25
1311,2021,0,2021,1,10541.04,9777.98
1311,2021,1,2022,2,5306.22,14700.09
1311,2021,2,2023,3,1267.1,15875.46
1311,2021,3,2024,4,20.69,15894.66
1312,2021,0,2021,1,906.45,892.4
1312,2021,1,2022,2,434.76,1320.43
1312,2021,2,2023,3,103.75,1422.57
1312,2021,3,2024,4,78.43,1499.78
1313,2021,0,2021,1,5303.03,5303.03
1313,2021,1,2022,2,2178.63,7481.67
1313,2021,2,2023,3,1740.07,9221.74
1313,2021,3,2024,4,181.61,9403.35
1314,2021,0,2021,1,12274.18,11810.1
1314,2021,1,2022,2,4351.3,15996.88
1314,2021,2,2023,3,2248.89,18160.74
1314,2021,3,2024,4,332.82,18480.98
1315,2021,0,2021,1,5800.61,5800.61
1315,2021,1,2022,2,2798.49,8599.1
1315,2021,2,2023,3,924.62,9523.72
1315,2021,3,2024,4,233.11,9756.83
1316,2021,0,2021,1,10968.66,10968.66
1316,2021,1,2022,2,5063.16,16031.82
1316,2021,2,2023,3,1219.36,17251.18
1316,2021,3,2024,4,1040.26,18291.44
1318,2021,0,2021,1,7408.77,7280.4
1318,2021,1,2022,2,2931.21,10160.82
1318,2021,2,2023,3,995.17,11138.74
1318,2021,3,2024,4,239.46,11374.06
1319,2021,0,2021,1,10281.84,10026.98
1319,2021,1,2022,2,3497.68,13437.97
1319,2021,2,2023,3,1713.97,15109.45
1319,2021,3,2024,4,394.99,15494.65
1320,2021,0,2021,1,5651.59,5361.79
1320,2021,1,2022,2,2425.3,7662.73
1320,2021,2,2023,3,653.89,8283.09
1320,2021,3,2024,4,486.1,8744.26
1322,2021,0,2021,1,15501.18,15501.18
1322,2021,1,2022,2,5738.93,21240.11
1322,2021,2,2023,3,2581.59,23821.7
1322,2021,3,2024,4,1637.17,25458.87
1323,2021,0,2021,1,3687.65,3628.43
1323,2021,1,2022,2,1424.55,5030.1
1323,2021,2,2023,3,586.56,5607.24
1323,2021,3,2024,4,449.79,6049.8
1324,2021,0,2021,1,4785.33,4785.33
1324,2021,1,2022,2,1991.9,6777.23
1324,2021,2,2023,3,699.72,7476.95
1324,2021,3,2024,4,235.82,7712.77
1325,2021,0,2021,1,36694.03,34417.91
1325,2021,1,2022,2,21196.48,54299.58
1325,2021,2,2023,3,2788.26,56914.89
1325,2021,3,2024,4,153.75,57059.11
1326,2021,0,2021,1,5435.84,5400.77
1326,2021,1,2022,2,2404.77,7790.03
1326,2021,2,2023,3,953.67,8737.55
1326,2021,3,2024,4,375.85,9110.97
1327,2021,0,2021,1,10573.6,10320.73
1327,2021,1,2022,2,3728.77,13960.33
1327,2021,2,2023,3,1484.95,15409.77
1327,2021,3,2024,4,1014.75,16400.24
1328,2021,0,2021,1,5346.4,5346.4
1328,2021,1,2022,2,1623.61,6970.01
1328,2021,2,2023,3,1459.95,8429.96
1328,2021,3,2024,4,230.85,8660.81
1329,2021,0,2021,1,15121.32,14702.15
1329,2021,1,2022,2,6382.88,20908.09
1329,2021,2,2023,3,2120.53,22969.84
1329,2021,3,2024,4,607.97,23560.95
1330,2021,0,2021,1,6776,6776
1330,2021,1,2022,2,2920.93,9696.93
1330,2021,2,2023,3,844.24,10541.17
1330,2021,3,2024,4,817.9,11359.07
1332,2021,0,2021,1,1735.46,1642.16
1332,2021,1,2022,2,748.48,2350.4
1332,2021,2,2023,3,257.02,2593.61
1332,2021,3,2024,4,69.69,2659.55
1333,2021,0,2021,1,4934.86,4737.1
1333,2021,1,2022,2,2102.15,6755
1333,2021,2,2023,3,846,7567.1
1333,2021,3,2024,4,24.41,7590.53
1335,2021,0,2021,1,13436.61,12792.29
1335,2021,1,2022,2,4483.31,17060.62
1335,2021,2,2023,3,3041.38,19956.16
1335,2021,3,2024,4,441.36,20376.35
1337,2021,0,2021,1,16590.64,16088.7
1337,2021,1,2022,2,6392.95,22288.24
1337,2021,2,2023,3,2998.39,25195.92
1337,2021,3,2024,4,88.73,25281.97
1338,2021,0,2021,1,64268.93,64013.28
1338,2021,1,2022,2,29749.98,93644.93
1338,2021,2,2023,3,7170.55,100786.96
1338,2021,3,2024,4,8452.82,109206.16
1342,2021,0,2021,1,6103.82,6066.47
1342,2021,1,2022,2,2632.93,8683.29
1342,2021,2,2023,3,1621.99,10295.35
1342,2021,3,2024,4,5.73,10301.04
1343,2021,0,2021,1,22797.91,21638.96
1343,2021,1,2022,2,12640.46,33636.83
1343,2021,2,2023,3,2202.76,35727.61
1343,2021,3,2024,4,686.29,36379.01
1344,2021,0,2021,1,7339.93,7339.93
1344,2021,1,2022,2,2573.74,9913.67
1344,2021,2,2023,3,1009.94,10923.61
1344,2021,3,2024,4,755.37,11678.98
1345,2021,0,2021,1,7525.2,7525.2
1345,2021,1,2022,2,2881.79,10406.99
1345,2021,2,2023,3,1043.37,11450.36
1345,2021,3,2024,4,834.72,12285.08
1347,2021,0,2021,1,392.16,391.08
1347,2021,1,2022,2,161.29,551.93
1347,2021,2,2023,3,96.82,648.48
1347,2021,3,2024,4,11.05,659.51
1348,2021,0,2021,1,8307.28,8307.28
1348,2021,1,2022,2,2484.98,10792.26
1348,2021,2,2023,3,2110.23,12902.49
1348,2021,3,2024,4,425.34,13327.83
1350,2021,0,2021,1,1683.97,1632.5
1350,2021,1,2022,2,635.54,2248.61
1350,2021,2,2023,3,286.11,2525.97
1350,2021,3,2024,4,50.57,2575
1351,2021,0,2021,1,8940.87,8489.12
1351,2021,1,2022,2,3541.69,11851.86
1351,2021,2,2023,3,1277.55,13064.85
1351,2021,3,2024,4,256.63,13308.51
1352,2021,0,2021,1,6691.64,6667.14
1352,2021,1,2022,2,2582.56,9240.24
1352,2021,2,2023,3,780,10017.38
1352,2021,3,2024,4,940.97,10954.9
1353,2021,0,2021,1,4691.15,4691.15
1353,2021,1,2022,2,1794.64,6485.79
1353,2021,2,2023,3,1205.82,7691.61
1353,2021,3,2024,4,59.98,7751.59
1354,2021,0,2021,1,9254.24,9254.24
1354,2021,1,2022,2,3800.95,13055.19
1354,2021,2,2023,3,2044.29,15099.48
1354,2021,3,2024,4,418.28,15517.76
1355,2021,0,2021,1,135261.62,133780.05
1355,2021,1,2022,2,71072.37,204073.93
1355,2021,2,2023,3,13238.56,217167.49
1355,2021,3,2024,4,12491.21,229521.87
1357,2021,0,2021,1,15376.79,15376.79
1357,2021,1,2022,2,6704.71,22081.5
1357,2021,2,2023,3,2985.18,25066.68
1357,2021,3,2024,4,1191.23,26257.91
1358,2021,0,2021,1,8952.56,8817.01
1358,2021,1,2022,2,2957.32,11729.55
1358,2021,2,2023,3,1589.31,13294.8
1358,2021,3,2024,4,856.95,14138.77
1361,2021,0,2021,1,6632.3,6566.56
1361,2021,1,2022,2,2323.49,8867.02
1361,2021,2,2023,3,1212.62,10067.62
1361,2021,3,2024,4,397.51,10461.18
1362,2021,0,2021,1,6622.64,6468.61
1362,2021,1,2022,2,2710.77,9116.33
1362,2021,2,2023,3,1673.51,10750.91
1362,2021,3,2024,4,157.38,10904.63
1364,2021,0,2021,1,69832.26,67026.1
1364,2021,1,2022,2,31425.68,97188.96
1364,2021,2,2023,3,13965.3,110593.07
1364,2021,3,2024,4,398.73,110975.78
1365,2021,0,2021,1,7301.25,7301.25
1365,2021,1,2022,2,3652.34,10953.59
1365,2021,2,2023,3,463.31,11416.9
1365,2021,3,2024,4,953.45,12370.35
1366,2021,0,2021,1,27525.7,26358.19
1366,2021,1,2022,2,10984.52,36876.79
1366,2021,2,2023,3,2084.71,38873.08
1366,2021,3,2024,4,2200.41,40980.15
1368,2021,0,2021,1,41177.98,40434.27
1368,2021,1,2022,2,17697.33,57811.97
1368,2021,2,2023,3,2651.75,60415.82
1368,2021,3,2024,4,5977.01,66284.88
1369,2021,0,2021,1,5532.84,5532.84
1369,2021,1,2022,2,2376.3,7909.14
1369,2021,2,2023,3,948.36,8857.5
1369,2021,3,2024,4,723.41,9580.91
1370,2021,0,2021,1,18483.25,17625.02
1370,2021,1,2022,2,7423.26,24703.6
1370,2021,2,2023,3,4027.01,28543.63
1370,2021,3,2024,4,234.48,28767.22
1372,2021,0,2021,1,12155.43,11914.54
1372,2021,1,2022,2,5709.3,17510.7
1372,2021,2,2023,3,1436.22,18918.46
1372,2021,3,2024,4,1829.88,20712.08
1373,2021,0,2021,1,5436.07,5257.23
1373,2021,1,2022,2,2565.99,7738.8
1373,2021,2,2023,3,86.34,7822.29
1373,2021,3,2024,4,555.14,8359.17
1374,2021,0,2021,1,11729.62,11459.23
1374,2021,1,2022,2,5461.47,16794.8
1374,2021,2,2023,3,1509.59,18269.58
1374,2021,3,2024,4,310.69,18573.11
1375,2021,0,2021,1,7785.32,7785.32
1375,2021,1,2022,2,2699.28,10484.6
1375,2021,2,2023,3,1818.9,12303.5
1375,2021,3,2024,4,455.69,12759.19
1377,2021,0,2021,1,3251.59,3126.75
1377,2021,1,2022,2,1378,4451.84
1377,2021,2,2023,3,467.83,4901.71
1377,2021,3,2024,4,245.81,5138.09
1379,2021,0,2021,1,6874.18,6874.18
1379,2021,1,2022,2,2049.24,8923.41
1379,2021,2,2023,3,1132.77,10056.19
1379,2021,3,2024,4,554.64,10610.83
1380,2021,0,2021,1,1698.72,1698.72
1380,2021,1,2022,2,931.23,2629.95
1380,2021,2,2023,3,245.63,2875.58
1380,2021,3,2024,4,57.38,2932.96
1382,2021,0,2021,1,10904.58,10590.7
1382,2021,1,2022,2,5130.74,15573.76
1382,2021,2,2023,3,1921.04,17439.5
1382,2021,3,2024,4,378.68,17807.27
1383,2021,0,2021,1,2529.93,2529.93
1383,2021,1,2022,2,1075.03,3604.96
1383,2021,2,2023,3,338.08,3943.04
1383,2021,3,2024,4,258.68,4201.72
1385,2021,0,2021,1,6147.75,6118.09
1385,2021,1,2022,2,2363.16,8469.84
1385,2021,2,2023,3,1209.21,9673.22
1385,2021,3,2024,4,194.78,9867.06
1386,2021,0,2021,1,8968.13,8725.99
1386,2021,1,2022,2,3052.53,11696.1
1386,2021,2,2023,3,628.67,12307.79
1386,2021,3,2024,4,1367.41,13638.28
1387,2021,0,2021,1,4171.52,4078.63
1387,2021,1,2022,2,1770.84,5810.03
1387,2021,2,2023,3,418.71,6219.42
1387,2021,3,2024,4,393.66,6604.31
1388,2021,0,2021,1,13693.31,13376.24
1388,2021,1,2022,2,6910.22,20126.46
1388,2021,2,2023,3,598.2,20710.8
1388,2021,3,2024,4,1151.98,21836.11
1389,2021,0,2021,1,8023.41,7813.31
1389,2021,1,2022,2,3817.6,11530.94
1389,2021,2,2023,3,515.24,12032.69
1389,2021,3,2024,4,769.85,12782.38
1390,2021,0,2021,1,21034.65,20623.26
1390,2021,1,2022,2,10118.17,30543.54
1390,2021,2,2023,3,2532.41,33026.42
1390,2021,3,2024,4,1646.69,34640.91
1391,2021,0,2021,1,12844.57,12844.57
1391,2021,1,2022,2,5596.27,18440.84
1391,2021,2,2023,3,1430.24,19871.07
1391,2021,3,2024,4,1809.95,21681.02
1392,2021,0,2021,1,12345.51,12345.51
1392,2021,1,2022,2,5077.42,17422.92
1392,2021,2,2023,3,2818.04,20240.97
1392,2021,3,2024,4,941.36,21182.33
1395,2021,0,2021,1,9345.87,9345.87
1395,2021,1,2022,2,3365.95,12711.82
1395,2021,2,2023,3,1996.3,14708.12
1395,2021,3,2024,4,376.99,15085.11
1396,2021,0,2021,1,26150.78,26150.78
1396,2021,1,2022,2,11847.16,37997.93
1396,2021,2,2023,3,3877.54,41875.47
1396,2021,3,2024,4,1995.42,43870.89
1397,2021,0,2021,1,16098.83,16098.83
1397,2021,1,2022,2,6938.14,23036.98
1397,2021,2,2023,3,4322.61,27359.59
1397,2021,3,2024,4,0,27359.59
1398,2021,0,2021,1,16902.3,16712.9
1398,2021,1,2022,2,5936.75,22583.13
1398,2021,2,2023,3,3445.04,25989.56
1398,2021,3,2024,4,2191.03,28156.04
1399,2021,0,2021,1,1811.74,1781.64
1399,2021,1,2022,2,772.72,2541.52
1399,2021,2,2023,3,354.99,2890.61
1399,2021,3,2024,4,10.95,2901.38
1400,2021,0,2021,1,11828.53,11459.69
1400,2021,1,2022,2,4613.75,15929.58
1400,2021,2,2023,3,1429.38,17314.38
1400,2021,3,2024,4,1654.1,18916.9
1401,2021,0,2021,1,164246.03,164246.03
1401,2021,1,2022,2,76039.61,240285.64
1401,2021,2,2023,3,38751.48,279037.12
1401,2021,3,2024,4,0,279037.12
1402,2021,0,2021,1,5927.77,5927.77
1402,2021,1,2022,2,2899.3,8827.07
1402,2021,2,2023,3,456.49,9283.57
1402,2021,3,2024,4,922.87,10206.44
1403,2021,0,2021,1,1486.9,1484.31
1403,2021,1,2022,2,605.79,2089.05
1403,2021,2,2023,3,328.97,2417.45
1403,2021,3,2024,4,31.05,2448.45
1404,2021,0,2021,1,11508.14,11290.19
1404,2021,1,2022,2,3396.72,14622.57
1404,2021,2,2023,3,2748.81,17319.32
1404,2021,3,2024,4,650.66,17957.66
1405,2021,0,2021,1,16107.06,15568.71
1405,2021,1,2022,2,5626.2,21006.87
1405,2021,2,2023,3,2880.09,23790.69
1405,2021,3,2024,4,681.18,24449.11
1406,2021,0,2021,1,13854.38,13695.05
1406,2021,1,2022,2,6876.99,20492.95
1406,2021,2,2023,3,2773.67,23234.72
1406,2021,3,2024,4,138.85,23371.97
1407,2021,0,2021,1,3573.7,3573.7
1407,2021,1,2022,2,1667.24,5240.93
1407,2021,2,2023,3,340.97,5581.9
1407,2021,3,2024,4,302.44,5884.34
1410,2021,0,2021,1,2767.12,2767.12
1410,2021,1,2022,2,1220.07,3987.19
1410,2021,2,2023,3,258.61,4245.8
1410,2021,3,2024,4,343.78,4589.58
1411,2021,0,2021,1,6660,6660
1411,2021,1,2022,2,2660.05,9320.04
1411,2021,2,2023,3,1129.15,10449.19
1411,2021,3,2024,4,477.03,10926.22
1413,2021,0,2021,1,15695.23,15695.23
1413,2021,1,2022,2,7455.55,23150.78
1413,2021,2,2023,3,839.41,23990.19
1413,2021,3,2024,4,1980.48,25970.67
1414,2021,0,2021,1,7996.33,7943.43
1414,2021,1,2022,2,3282.45,11204.17
1414,2021,2,2023,3,1590.08,12783.73
1414,2021,3,2024,4,5.84,12789.53
1415,2021,0,2021,1,9584.11,9584.11
1415,2021,1,2022,2,4779.91,14364.02
1415,2021,2,2023,3,1660.52,16024.54
1415,2021,3,2024,4,233.95,16258.49
1416,2021,0,2021,1,7715.03,7635.32
1416,2021,1,2022,2,3450.92,11050.58
1416,2021,2,2023,3,810.1,11852.31
1416,2021,3,2024,4,645.39,12491.04
1417,2021,0,2021,1,3992.77,3992.77
1417,2021,1,2022,2,1464.53,5457.3
1417,2021,2,2023,3,874.47,6331.77
1417,2021,3,2024,4,158.57,6490.34
1418,2021,0,2021,1,16474.86,16022.57
1418,2021,1,2022,2,6715.79,22553.98
1418,2021,2,2023,3,444.53,22986.31
1418,2021,3,2024,4,1859.15,24794.42
1420,2021,0,2021,1,46317.47,45806.28
1420,2021,1,2022,2,17215.16,62831.43
1420,2021,2,2023,3,9769.7,72493.31
1420,2021,3,2024,4,2326.51,74794.14
1421,2021,0,2021,1,8491.7,8477.53
1421,2021,1,2022,2,3534.53,12006.17
1421,2021,2,2023,3,1640.13,13643.57
1421,2021,3,2024,4,328.7,13971.72
1422,2021,0,2021,1,16134.41,15698.08
1422,2021,1,2022,2,5433.41,20984.54
1422,2021,2,2023,3,3504.69,24394.45
1422,2021,3,2024,4,470.86,24852.58
1423,2021,0,2021,1,2939.52,2939.52
1423,2021,1,2022,2,1208.02,4147.54
1423,2021,2,2023,3,851.02,4998.56
1423,2021,3,2024,4,28.51,5027.07
1426,2021,0,2021,1,140.76,138.29
1426,2021,1,2022,2,58.23,195.51
1426,2021,2,2023,3,32.18,227.12
1426,2021,3,2024,4,6.11,233.12
1427,2021,0,2021,1,6379.11,6349.63
1427,2021,1,2022,2,2706.65,9043.77
1427,2021,2,2023,3,1180.24,10218.56
1427,2021,3,2024,4,23.06,10241.52
1428,2021,0,2021,1,43855.99,43855.99
1428,2021,1,2022,2,18569.46,62425.45
1428,2021,2,2023,3,4584.68,67010.12
1428,2021,3,2024,4,4997.67,72007.79
1429,2021,0,2021,1,10501.79,10273.61
1429,2021,1,2022,2,4400.26,14578.27
1429,2021,2,2023,3,1238.24,15789.6
1429,2021,3,2024,4,381.57,16162.88
1430,2021,0,2021,1,5467.52,5253.42
1430,2021,1,2022,2,2416.07,7574.87
1430,2021,2,2023,3,564.31,8117.08
1430,2021,3,2024,4,121.11,8233.45
1431,2021,0,2021,1,16416.5,16416.5
1431,2021,1,2022,2,7404.02,23820.52
1431,2021,2,2023,3,2596.08,26416.6
1431,2021,3,2024,4,1095.15,27511.75
1433,2021,0,2021,1,1878.27,1873.21
1433,2021,1,2022,2,881.72,2752.55
1433,2021,2,2023,3,287.74,3039.52
1433,2021,3,2024,4,52.39,3091.77
1434,2021,0,2021,1,5544.8,5544.8
1434,2021,1,2022,2,2319.74,7864.55
1434,2021,2,2023,3,750.13,8614.68
1434,2021,3,2024,4,671.22,9285.9
1435,2021,0,2021,1,5325.45,5276.59
1435,2021,1,2022,2,1956.25,7214.89
1435,2021,2,2023,3,1104.96,8309.72
1435,2021,3,2024,4,345.72,8652.27
1436,2021,0,2021,1,80203.53,76789.28
1436,2021,1,2022,2,31066.56,106533.34
1436,2021,2,2023,3,13217.33,119188
1436,2021,3,2024,4,23.91,119210.89
1437,2021,0,2021,1,4631.7,4463
1437,2021,1,2022,2,2148.41,6533.16
1437,2021,2,2023,3,756.54,7262.14
1437,2021,3,2024,4,253.68,7506.58
1439,2021,0,2021,1,2305.27,2305.27
1439,2021,1,2022,2,826.15,3131.43
1439,2021,2,2023,3,479.86,3611.28
1439,2021,3,2024,4,24.46,3635.74
1440,2021,0,2021,1,7404.7,7338.9
1440,2021,1,2022,2,2770.46,10084.74
1440,2021,2,2023,3,296.05,10378.16
1440,2021,3,2024,4,1507.74,11872.5
1441,2021,0,2021,1,112623.03,106186.67
1441,2021,1,2022,2,52317.58,155514.33
1441,2021,2,2023,3,12795.39,167578.46
1441,2021,3,2024,4,130.27,167701.29
1442,2021,0,2021,1,787.48,777.76
1442,2021,1,2022,2,312.69,1086.59
1442,2021,2,2023,3,93.97,1179.4
1442,2021,3,2024,4,11.12,1190.38
1443,2021,0,2021,1,7220.03,7100.76
1443,2021,1,2022,2,3037.69,10088.27
1443,2021,2,2023,3,1273.74,11340.96
1443,2021,3,2024,4,133.78,11472.53
1444,2021,0,2021,1,6117.57,6117.57
1444,2021,1,2022,2,2901.23,9018.8
1444,2021,2,2023,3,942.79,9961.59
1444,2021,3,2024,4,355.78,10317.37
1445,2021,0,2021,1,14740.33,14482.38
1445,2021,1,2022,2,6416.63,20786.72
1445,2021,2,2023,3,1363.44,22126.3
1445,2021,3,2024,4,1177.88,23283.57
1446,2021,0,2021,1,18602.61,18602.61
1446,2021,1,2022,2,7530.31,26132.92
1446,2021,2,2023,3,1857.61,27990.53
1446,2021,3,2024,4,3153.3,31143.83
1449,2021,0,2021,1,20016.76,20016.76
1449,2021,1,2022,2,7460.76,27477.52
1449,2021,2,2023,3,4837.4,32314.92
1449,2021,3,2024,4,2091.89,34406.81
1450,2021,0,2021,1,10152.56,9681.8
1450,2021,1,2022,2,4451.02,13926.44
1450,2021,2,2023,3,1559.97,15414.07
1450,2021,3,2024,4,304.2,15704.16
1451,2021,0,2021,1,2056.84,2056.84
1451,2021,1,2022,2,808.79,2865.63
1451,2021,2,2023,3,216.81,3082.44
1451,2021,3,2024,4,308.32,3390.76
1454,2021,0,2021,1,7175.5,7175.5
1454,2021,1,2022,2,2985.45,10160.95
1454,2021,2,2023,3,1840.23,12001.18
1454,2021,3,2024,4,376.19,12377.37
1455,2021,0,2021,1,4898.32,4898.32
1455,2021,1,2022,2,2763.57,7661.89
1455,2021,2,2023,3,425.4,8087.29
1455,2021,3,2024,4,312.7,8399.99
1456,2021,0,2021,1,4481.39,4387.26
1456,2021,1,2022,2,1608.44,5961.91
1456,2021,2,2023,3,625.19,6573.97
1456,2021,3,2024,4,428.17,6993.15
1457,2021,0,2021,1,28143.62,27540.58
1457,2021,1,2022,2,10947.87,38253.86
1457,2021,2,2023,3,4978.01,43125.21
1457,2021,3,2024,4,972.85,44077.21
1458,2021,0,2021,1,12476.2,12332.66
1458,2021,1,2022,2,6446.42,18704.91
1458,2021,2,2023,3,2356.68,21034.47
1458,2021,3,2024,4,495.11,21523.89
1459,2021,0,2021,1,3040.82,3040.82
1459,2021,1,2022,2,1310.24,4351.05
1459,2021,2,2023,3,335.22,4686.28
1459,2021,3,2024,4,422.27,5108.55
1460,2021,0,2021,1,7118.14,6925.18
1460,2021,1,2022,2,2770.03,9620.12
1460,2021,2,2023,3,968.43,10562.3
1460,2021,3,2024,4,258.17,10813.48
1461,2021,0,2021,1,1717.37,1656.12
1461,2021,1,2022,2,857.64,2483.17
1461,2021,2,2023,3,102.97,2582.47
1461,2021,3,2024,4,61.74,2642
1462,2021,0,2021,1,1627.84,1614.2
1462,2021,1,2022,2,772.38,2380.12
1462,2021,2,2023,3,274.73,2652.55
1462,2021,3,2024,4,82.53,2734.39
1465,2021,0,2021,1,15354.19,15354.19
1465,2021,1,2022,2,7059.78,22413.97
1465,2021,2,2023,3,2112.79,24526.76
1465,2021,3,2024,4,1356.75,25883.51
1467,2021,0,2021,1,21280.54,20821.61
1467,2021,1,2022,2,8200,28844.77
1467,2021,2,2023,3,2653.69,31441.23
1467,2021,3,2024,4,2260.43,33652.91
1469,2021,0,2021,1,10024.96,10024.96
1469,2021,1,2022,2,3649.95,13674.9
1469,2021,2,2023,3,2359.43,16034.33
1469,2021,3,2024,4,123.29,16157.62
1470,2021,0,2021,1,4707.74,4707.74
1470,2021,1,2022,2,2180.08,6887.82
1470,2021,2,2023,3,678.6,7566.42
1470,2021,3,2024,4,487.82,8054.24
1471,2021,0,2021,1,710.6,696.67
1471,2021,1,2022,2,248.53,940.34
1471,2021,2,2023,3,142.64,1080.18
1471,2021,3,2024,4,21.14,1100.9
1472,2021,0,2021,1,4926.88,4638.15
1472,2021,1,2022,2,1949.92,6473.8
1472,2021,2,2023,3,941.61,7360.23
1472,2021,3,2024,4,39.54,7397.45
1473,2021,0,2021,1,5383.27,5383.27
1473,2021,1,2022,2,2900.4,8283.67
1473,2021,2,2023,3,493.58,8777.25
1473,2021,3,2024,4,814.87,9592.12
1475,2021,0,2021,1,10888.73,10888.73
1475,2021,1,2022,2,4521.94,15410.67
1475,2021,2,2023,3,1927.92,17338.59
1475,2021,3,2024,4,972.04,18310.63
1477,2021,0,2021,1,90132.62,90132.62
1477,2021,1,2022,2,37125.34,127257.96
1477,2021,2,2023,3,13076.05,140334.01
1477,2021,3,2024,4,6118.76,146452.77
1478,2021,0,2021,1,21006.17,21006.17
1478,2021,1,2022,2,8851.99,29858.16
1478,2021,2,2023,3,1862.32,31720.48
1478,2021,3,2024,4,2727.91,34448.39
1480,2021,0,2021,1,4818.28,4685.97
1480,2021,1,2022,2,2659.71,7272.64
1480,2021,2,2023,3,222.94,7489.46
1480,2021,3,2024,4,483.68,7959.86
1482,2021,0,2021,1,11065.62,10792.99
1482,2021,1,2022,2,5267.07,15930.3
1482,2021,2,2023,3,669.46,16583.26
1482,2021,3,2024,4,1236.49,17789.29
1483,2021,0,2021,1,5522.29,5522.29
1483,2021,1,2022,2,2274.87,7797.17
1483,2021,2,2023,3,630.16,8427.33
1483,2021,3,2024,4,739.4,9166.73
1484,2021,0,2021,1,3231.3,3168.98
1484,2021,1,2022,2,982.56,4132.59
1484,2021,2,2023,3,675.07,4794.64
1484,2021,3,2024,4,161.35,4952.87
1485,2021,0,2021,1,12272.27,12250.17
1485,2021,1,2022,2,5546.01,17786.2
1485,2021,2,2023,3,782.93,18567.71
1485,2021,3,2024,4,1453.67,20018.77
1486,2021,0,2021,1,22325.2,22325.2
1486,2021,1,2022,2,9125.44,31450.64
1486,2021,2,2023,3,3189.56,34640.21
1486,2021,3,2024,4,2891.98,37532.19
1487,2021,0,2021,1,2863.89,2863.89
1487,2021,1,2022,2,1120.94,3984.82
1487,2021,2,2023,3,528.28,4513.1
1487,2021,3,2024,4,205.15,4718.25
1488,2021,0,2021,1,2463.92,2373.65
1488,2021,1,2022,2,1213.21,3542.41
1488,2021,2,2023,3,294.79,3826.41
1488,2021,3,2024,4,58.01,3882.29
1489,2021,0,2021,1,6652.54,6652.54
1489,2021,1,2022,2,2456.54,9109.08
1489,2021,2,2023,3,1885.52,10994.6
1489,2021,3,2024,4,147.41,11142.01
1490,2021,0,2021,1,5096.11,4899.99
1490,2021,1,2022,2,3051.07,7833.64
1490,2021,2,2023,3,443.46,8260.03
1490,2021,3,2024,4,111.47,8367.21
1492,2021,0,2021,1,22640.64,22199.52
1492,2021,1,2022,2,11177.68,33159.41
1492,2021,2,2023,3,3635.44,36724.02
1492,2021,3,2024,4,1957.56,38643.43
1494,2021,0,2021,1,10088.21,10053.72
1494,2021,1,2022,2,4148.27,14187.82
1494,2021,2,2023,3,1664.18,15846.31
1494,2021,3,2024,4,734.49,16578.29
1495,2021,0,2021,1,27025.52,25940.07
1495,2021,1,2022,2,10713.32,36223.1
1495,2021,2,2023,3,3280.29,39371.64
1495,2021,3,2024,4,1208.34,40531.45
1496,2021,0,2021,1,13596.32,13452.53
1496,2021,1,2022,2,3844.69,17256.56
1496,2021,2,2023,3,3198.63,20421.36
1496,2021,3,2024,4,392.99,20810.2
1498,2021,0,2021,1,4272.52,4262.11
1498,2021,1,2022,2,1541.93,5800.28
1498,2021,2,2023,3,894.27,6692.37
1498,2021,3,2024,4,219.32,6911.15
1500,2021,0,2021,1,21127.27,20904.66
1500,2021,1,2022,2,9889.49,30689.95
1500,2021,2,2023,3,4819.68,35458.84
1500,2021,3,2024,4,531.73,35984.96
1501,2021,0,2021,1,7714.59,7507.94
1501,2021,1,2022,2,2147.14,9597.56
1501,2021,2,2023,3,1452.98,11011.62
1501,2021,3,2024,4,298.39,11302.02
1502,2021,0,2021,1,5979.06,5979.06
1502,2021,1,2022,2,2609,8588.06
1502,2021,2,2023,3,1018.18,9606.24
1502,2021,3,2024,4,398.73,10004.97
1504,2021,0,2021,1,136300.13,136300.13
1504,2021,1,2022,2,48391.3,184691.42
1504,2021,2,2023,3,34483.96,219175.38
1504,2021,3,2024,4,4621.95,223797.33
1505,2021,0,2021,1,17822.87,17591.07
1505,2021,1,2022,2,8290.08,25773.33
1505,2021,2,2023,3,1962.8,27710.6
1505,2021,3,2024,4,1143.18,28838.92
1506,2021,0,2021,1,13812.64,13812.64
1506,2021,1,2022,2,4483.8,18296.44
1506,2021,2,2023,3,3572.88,21869.32
1506,2021,3,2024,4,667.22,22536.54
1507,2021,0,2021,1,5907.53,5907.53
1507,2021,1,2022,2,2220.85,8128.39
1507,2021,2,2023,3,1030.93,9159.32
1507,2021,3,2024,4,444.58,9603.9
1509,2021,0,2021,1,10341.1,10341.1
1509,2021,1,2022,2,5312.85,15653.95
1509,2021,2,2023,3,1831.27,17485.22
1509,2021,3,2024,4,552.44,18037.66
1510,2021,0,2021,1,5838.31,5634.42
1510,2021,1,2022,2,2757.39,8295.52
1510,2021,2,2023,3,776.25,9044.66
1510,2021,3,2024,4,172.17,9210.81
1512,2021,0,2021,1,9771.46,9658.64
1512,2021,1,2022,2,3124.93,12747.49
1512,2021,2,2023,3,2480.66,15199.52
1512,2021,3,2024,4,343.02,15538.57
1513,2021,0,2021,1,4751.65,4751.65
1513,2021,1,2022,2,2556.49,7308.14
1513,2021,2,2023,3,864.2,8172.35
1513,2021,3,2024,4,458.1,8630.45
1514,2021,0,2021,1,9027.01,9003.85
1514,2021,1,2022,2,3544.47,12539.23
1514,2021,2,2023,3,898.98,13435.9
1514,2021,3,2024,4,1388.05,14820.39
1515,2021,0,2021,1,5697.58,5576.24
1515,2021,1,2022,2,2353.97,7880.07
1515,2021,2,2023,3,591.92,8459.39
1515,2021,3,2024,4,261.72,8715.53
1516,2021,0,2021,1,18239.1,18239.1
1516,2021,1,2022,2,7701.09,25940.19
1516,2021,2,2023,3,3174.7,29114.88
1516,2021,3,2024,4,1418.46,30533.34
1517,2021,0,2021,1,6459.34,6459.34
1517,2021,1,2022,2,2893.18,9352.52
1517,2021,2,2023,3,983.45,10335.97
1517,2021,3,2024,4,590.45,10926.42
1518,2021,0,2021,1,7240.87,6827.86
1518,2021,1,2022,2,3142.1,9790.74
1518,2021,2,2023,3,1409.82,11120.15
1518,2021,3,2024,4,150.18,11261.76
1519,2021,0,2021,1,3518.73,3431.9
1519,2021,1,2022,2,1469.99,4865.62
1519,2021,2,2023,3,142.99,5005.09
1519,2021,3,2024,4,528.8,5520.84
1520,2021,0,2021,1,15361.83,15361.83
1520,2021,1,2022,2,6954.4,22316.23
1520,2021,2,2023,3,3559.5,25875.73
1520,2021,3,2024,4,0,25875.73
1521,2021,0,2021,1,10281.79,9884.77
1521,2021,1,2022,2,4205.43,13927.82
1521,2021,2,2023,3,1663.19,15526.79
1521,2021,3,2024,4,370.74,15883.22
1522,2021,0,2021,1,2637.44,2627.72
1522,2021,1,2022,2,1050.97,3674.81
1522,2021,2,2023,3,459.09,4132.21
1522,2021,3,2024,4,335.37,4466.35
1524,2021,0,2021,1,3301.54,3301.54
1524,2021,1,2022,2,1416.22,4717.76
1524,2021,2,2023,3,694.89,5412.65
1524,2021,3,2024,4,238.73,5651.38
1525,2021,0,2021,1,7515.75,7515.75
1525,2021,1,2022,2,2528.27,10044.02
1525,2021,2,2023,3,1456.09,11500.11
1525,2021,3,2024,4,641.06,12141.17
1526,2021,0,2021,1,9958.58,9624.53
1526,2021,1,2022,2,4011.09,13501.07
1526,2021,2,2023,3,1919.34,15356.03
1526,2021,3,2024,4,59.9,15413.92
1527,2021,0,2021,1,24316.63,23764.44
1527,2021,1,2022,2,9102.12,32659.86
1527,2021,2,2023,3,5671.26,38202.33
1527,2021,3,2024,4,5.01,38207.23
1530,2021,0,2021,1,4775.65,4664.11
1530,2021,1,2022,2,1391.35,6022.97
1530,2021,2,2023,3,974.47,6974.68
1530,2021,3,2024,4,161.5,7132.41
1531,2021,0,2021,1,22651.38,22651.38
1531,2021,1,2022,2,8617.78,31269.16
1531,2021,2,2023,3,4022.82,35291.98
1531,2021,3,2024,4,2467.8,37759.78
1532,2021,0,2021,1,9557.4,9557.4
1532,2021,1,2022,2,4229.06,13786.45
1532,2021,2,2023,3,762,14548.45
1532,2021,3,2024,4,1831.34,16379.79
1534,2021,0,2021,1,32365.89,31446.34
1534,2021,1,2022,2,14161.69,45205.68
1534,2021,2,2023,3,4660.53,49733.8
1534,2021,3,2024,4,2141.76,51814.72
1536,2021,0,2021,1,15137.34,15137.34
1536,2021,1,2022,2,4680.9,19818.24
1536,2021,2,2023,3,2913.48,22731.72
1536,2021,3,2024,4,1449.65,24181.37
1538,2021,0,2021,1,6107.76,6107.76
1538,2021,1,2022,2,2427.56,8535.32
1538,2021,2,2023,3,476.83,9012.16
1538,2021,3,2024,4,871.44,9883.6
1539,2021,0,2021,1,9015.05,9015.05
1539,2021,1,2022,2,3108.5,12123.56
1539,2021,2,2023,3,1458.92,13582.48
1539,2021,3,2024,4,867.19,14449.67
1542,2021,0,2021,1,25988.06,25800.15
1542,2021,1,2022,2,12712.78,38421.02
1542,2021,2,2023,3,4240.84,42631.2
1542,2021,3,2024,4,28.06,42659.06
1543,2021,0,2021,1,5820.91,5820.91
1543,2021,1,2022,2,1819.62,7640.53
1543,2021,2,2023,3,1429.74,9070.27
1543,2021,3,2024,4,217.65,9287.92
1544,2021,0,2021,1,14667.73,14667.73
1544,2021,1,2022,2,6394.31,21062.04
1544,2021,2,2023,3,3163.18,24225.22
1544,2021,3,2024,4,909.02,25134.24
1545,2021,0,2021,1,4812.05,4812.05
1545,2021,1,2022,2,2170.91,6982.96
1545,2021,2,2023,3,716.7,7699.66
1545,2021,3,2024,4,484.83,8184.49
1546,2021,0,2021,1,13868.74,13809.88
1546,2021,1,2022,2,5097.18,18885.44
1546,2021,2,2023,3,2067.02,20943.68
1546,2021,3,2024,4,1499.36,22436.68
1547,2021,0,2021,1,2365.08,2302.21
1547,2021,1,2022,2,866.1,3145.29
1547,2021,2,2023,3,316.29,3453.17
1547,2021,3,2024,4,112.39,3562.58
1548,2021,0,2021,1,17353.16,16892.21
1548,2021,1,2022,2,5506.78,22252.72
1548,2021,2,2023,3,3763.52,25916.27
1548,2021,3,2024,4,601.83,26502.12
1550,2021,0,2021,1,18176.1,18159.42
1550,2021,1,2022,2,8912.51,27063.74
1550,2021,2,2023,3,4680.64,31740.08
1550,2021,3,2024,4,176.39,31916.31
1551,2021,0,2021,1,25426.84,25014.88
1551,2021,1,2022,2,9873.93,34728.83
1551,2021,2,2023,3,6228.87,40856.78
1551,2021,3,2024,4,800.54,41644.35
1552,2021,0,2021,1,22215.81,21124.05
1552,2021,1,2022,2,10537.35,31143.57
1552,2021,2,2023,3,900.75,32000.05
1552,2021,3,2024,4,2446.18,34326.02
1553,2021,0,2021,1,17249.5,16989.32
1553,2021,1,2022,2,7755.67,24628
1553,2021,2,2023,3,2477.18,27067.82
1553,2021,3,2024,4,1474.83,28520.4
1554,2021,0,2021,1,7748.73,7540.02
1554,2021,1,2022,2,2853.75,10316.9
1554,2021,2,2023,3,1094.74,11382.15
1554,2021,3,2024,4,837.19,12196.78
1556,2021,0,2021,1,14367.83,14367.83
1556,2021,1,2022,2,5867.31,20235.14
1556,2021,2,2023,3,2370.96,22606.1
1556,2021,3,2024,4,1482.48,24088.58
1557,2021,0,2021,1,95225.32,93020.74
1557,2021,1,2022,2,39078.32,131194.35
1557,2021,2,2023,3,24153.87,154789.03
1557,2021,3,2024,4,1784.24,156531.97
1558,2021,0,2021,1,6976.21,6976.21
1558,2021,1,2022,2,2813.85,9790.06
1558,2021,2,2023,3,1418.08,11208.14
1558,2021,3,2024,4,358.12,11566.26
1559,2021,0,2021,1,6524.9,6524.9
1559,2021,1,2022,2,2687.88,9212.78
1559,2021,2,2023,3,1010.89,10223.67
1559,2021,3,2024,4,552.66,10776.33
1560,2021,0,2021,1,2007.99,1939.98
1560,2021,1,2022,2,830.79,2742.62
1560,2021,2,2023,3,338.7,3069.86
1560,2021,3,2024,4,46.15,3114.45
1561,2021,0,2021,1,1532.23,1512.46
1561,2021,1,2022,2,584.68,2089.59
1561,2021,2,2023,3,314.5,2400.04
1561,2021,3,2024,4,67.88,2467.04
1562,2021,0,2021,1,3164.05,3144.4
1562,2021,1,2022,2,1313.96,4450.2
1562,2021,2,2023,3,694.42,5140.31
1562,2021,3,2024,4,276.45,5415.04
1563,2021,0,2021,1,10816.63,10816.63
1563,2021,1,2022,2,5076.75,15893.37
1563,2021,2,2023,3,2393.22,18286.6
1563,2021,3,2024,4,693.88,18980.48
1564,2021,0,2021,1,1819.64,1819.64
1564,2021,1,2022,2,725.41,2545.05
1564,2021,2,2023,3,343.96,2889.01
1564,2021,3,2024,4,124.65,3013.66
1566,2021,0,2021,1,13772.24,13772.24
1566,2021,1,2022,2,6396.47,20168.71
1566,2021,2,2023,3,1633.8,21802.5
1566,2021,3,2024,4,1150.05,22952.55
1568,2021,0,2021,1,13118.42,12921.58
1568,2021,1,2022,2,6100.12,18930.17
1568,2021,2,2023,3,520.92,19443.27
1568,2021,3,2024,4,1999.72,21412.98
1569,2021,0,2021,1,15158.64,15067.47
1569,2021,1,2022,2,5024.42,20061.67
1569,2021,2,2023,3,3562.73,23602.97
1569,2021,3,2024,4,397.23,23997.81
1570,2021,0,2021,1,11355.7,11305.28
1570,2021,1,2022,2,5194.08,16476.31
1570,2021,2,2023,3,2661.51,19126
1570,2021,3,2024,4,340.61,19465.1
1571,2021,0,2021,1,10498.25,10498.25
1571,2021,1,2022,2,3808.6,14306.86
1571,2021,2,2023,3,947.99,15254.85
1571,2021,3,2024,4,1326.35,16581.2
1572,2021,0,2021,1,1445.86,1378.9
1572,2021,1,2022,2,623.83,1973.84
1572,2021,2,2023,3,131.42,2099.17
1572,2021,3,2024,4,81.91,2177.28
1574,2021,0,2021,1,5046.29,5046.29
1574,2021,1,2022,2,1997.14,7043.43
1574,2021,2,2023,3,582.93,7626.37
1574,2021,3,2024,4,549.02,8175.39
1575,2021,0,2021,1,8286.44,8255.16
1575,2021,1,2022,2,3649.32,11890.7
1575,2021,2,2023,3,1245.88,13131.88
1575,2021,3,2024,4,279.01,13409.84
1576,2021,0,2021,1,568.71,540.64
1576,2021,1,2022,2,201.09,731.8
1576,2021,2,2023,3,74.12,802.27
1576,2021,3,2024,4,44.47,844.54
1577,2021,0,2021,1,6069.37,5824.32
1577,2021,1,2022,2,2310.25,8041.29
1577,2021,2,2023,3,974.55,8976.5
1577,2021,3,2024,4,147.29,9117.84
1578,2021,0,2021,1,18370.69,18370.69
1578,2021,1,2022,2,10025.69,28396.38
1578,2021,2,2023,3,1626.21,30022.59
1578,2021,3,2024,4,966.72,30989.31
1579,2021,0,2021,1,3582.5,3517.96
1579,2021,1,2022,2,1519.92,5010.5
1579,2021,2,2023,3,441.16,5443.71
1579,2021,3,2024,4,203.53,5643.58
1580,2021,0,2021,1,4103.22,4103.22
1580,2021,1,2022,2,1132.14,5235.36
1580,2021,2,2023,3,1199.46,6434.82
1580,2021,3,2024,4,190.55,6625.37
1581,2021,0,2021,1,7646.5,7390.84
1581,2021,1,2022,2,2713.92,10014.02
1581,2021,2,2023,3,904.42,10888.2
1581,2021,3,2024,4,595.5,11463.79
1582,2021,0,2021,1,1940.23,1940.23
1582,2021,1,2022,2,781.55,2721.79
1582,2021,2,2023,3,472.73,3194.52
1582,2021,3,2024,4,115.01,3309.53
1583,2021,0,2021,1,5748.28,5722.69
1583,2021,1,2022,2,2655.07,8365.94
1583,2021,2,2023,3,232.14,8597.05
1583,2021,3,2024,4,987.19,9579.84
1584,2021,0,2021,1,4017.8,3978.1
1584,2021,1,2022,2,1861.29,5820.99
1584,2021,2,2023,3,694.96,6509.08
1584,2021,3,2024,4,204.95,6712
1586,2021,0,2021,1,242.9,242.9
1586,2021,1,2022,2,84.46,327.36
1586,2021,2,2023,3,41.12,368.48
1586,2021,3,2024,4,18.96,387.44
1587,2021,0,2021,1,13019.49,12940.18
1587,2021,1,2022,2,6267.77,19169.76
1587,2021,2,2023,3,2183.38,21339.84
1587,2021,3,2024,4,13.52,21353.28
1588,2021,0,2021,1,12061.62,11618.23
1588,2021,1,2022,2,4343.19,15801.77
1588,2021,2,2023,3,2393.09,18106.89
1588,2021,3,2024,4,208.99,18308.19
1590,2021,0,2021,1,14197.39,14197.39
1590,2021,1,2022,2,5131.32,19328.72
1590,2021,2,2023,3,3852.6,23181.31
1590,2021,3,2024,4,177.33,23358.64
1592,2021,0,2021,1,17158.28,16875.65
1592,2021,1,2022,2,5303.59,22091.88
1592,2021,2,2023,3,2841.93,24887
1592,2021,3,2024,4,1544.95,26406.5
1593,2021,0,2021,1,7976.63,7891.91
1593,2021,1,2022,2,3247.81,11105.21
1593,2021,2,2023,3,1728.11,12814.96
1593,2021,3,2024,4,431.6,13241.98
1594,2021,0,2021,1,24979.62,24979.62
1594,2021,1,2022,2,10765.9,35745.52
1594,2021,2,2023,3,6158.28,41903.8
1594,2021,3,2024,4,1407.53,43311.33
1595,2021,0,2021,1,11192.3,11192.3
1595,2021,1,2022,2,4786.19,15978.49
1595,2021,2,2023,3,953.16,16931.66
1595,2021,3,2024,4,1564.12,18495.78
1596,2021,0,2021,1,13035.49,12403.85
1596,2021,1,2022,2,7614.37,19649.25
1596,2021,2,2023,3,1216.04,20806.36
1596,2021,3,2024,4,245.84,21040.29
1597,2021,0,2021,1,10401.86,10196.39
1597,2021,1,2022,2,3093.68,13228.97
1597,2021,2,2023,3,2885.79,16057.75
1597,2021,3,2024,4,98.29,16154.11
1598,2021,0,2021,1,6988.79,6988.79
1598,2021,1,2022,2,2557.84,9546.62
1598,2021,2,2023,3,1402.46,10949.08
1598,2021,3,2024,4,412.31,11361.39
1600,2021,0,2021,1,8220.64,8220.64
1600,2021,1,2022,2,4080.18,12300.82
1600,2021,2,2023,3,307.54,12608.36
1600,2021,3,2024,4,1199.37,13807.73
1601,2021,0,2021,1,9681.73,9681.73
1601,2021,1,2022,2,3928.7,13610.43
1601,2021,2,2023,3,1630.32,15240.74
1601,2021,3,2024,4,854.89,16095.63
1602,2021,0,2021,1,47746.11,46601.65
1602,2021,1,2022,2,20830.7,66933.05
1602,2021,2,2023,3,7468.27,74222.31
1602,2021,3,2024,4,3835.27,77965.65
1604,2021,0,2021,1,8861.67,8861.67
1604,2021,1,2022,2,3434.8,12296.46
1604,2021,2,2023,3,1528.3,13824.77
1604,2021,3,2024,4,1006.39,14831.16
1605,2021,0,2021,1,17038.22,16589.79
1605,2021,1,2022,2,5406.09,21853.6
1605,2021,2,2023,3,2466.1,24254.8
1605,2021,3,2024,4,1005.18,25233.52
1607,2021,0,2021,1,18560.41,18465.13
1607,2021,1,2022,2,8182.96,26606.09
1607,2021,2,2023,3,1782.66,28379.6
1607,2021,3,2024,4,2369.23,30736.67
1609,2021,0,2021,1,21609.33,21609.33
1609,2021,1,2022,2,9709.91,31319.25
1609,2021,2,2023,3,3174.07,34493.31
1609,2021,3,2024,4,2458.04,36951.35
1610,2021,0,2021,1,12244.37,12204.25
1610,2021,1,2022,2,4430.96,16620.68
1610,2021,2,2023,3,1876.71,18491.24
1610,2021,3,2024,4,832.8,19321.31
1611,2021,0,2021,1,5940.97,5864.46
1611,2021,1,2022,2,2846.78,8674.58
1611,2021,2,2023,3,459.68,9128.34
1611,2021,3,2024,4,739.25,9858.07
1612,2021,0,2021,1,597.31,567.73
1612,2021,1,2022,2,240.16,796
1612,2021,2,2023,3,104.73,895.54
1612,2021,3,2024,4,7.91,903.06
1614,2021,0,2021,1,11216.75,11165.53
1614,2021,1,2022,2,5307.36,16448.66
1614,2021,2,2023,3,2542.16,18979.22
1614,2021,3,2024,4,529.66,19506.46
1615,2021,0,2021,1,12190.3,12005.62
1615,2021,1,2022,2,5238.27,17164.53
1615,2021,2,2023,3,2327.74,19457.01
1615,2021,3,2024,4,116.97,19572.2
1617,2021,0,2021,1,8372.65,8306.28
1617,2021,1,2022,2,3767.11,12043.52
1617,2021,2,2023,3,986.3,13022
1617,2021,3,2024,4,725.47,13741.72
1619,2021,0,2021,1,1755.04,1749.3
1619,2021,1,2022,2,826.08,2572.67
1619,2021,2,2023,3,204.91,2776.91
1619,2021,3,2024,4,132.57,2909.05
1621,2021,0,2021,1,5766.01,5766.01
1621,2021,1,2022,2,2594.64,8360.66
1621,2021,2,2023,3,1167.58,9528.24
1621,2021,3,2024,4,201.96,9730.2
1623,2021,0,2021,1,311.71,311.71
1623,2021,1,2022,2,140.06,451.77
1623,2021,2,2023,3,58.46,510.23
1623,2021,3,2024,4,12.96,523.19
1624,2021,0,2021,1,6161.44,6161.44
1624,2021,1,2022,2,2258.59,8420.03
1624,2021,2,2023,3,1916.29,10336.31
1624,2021,3,2024,4,6.68,10342.99
1626,2021,0,2021,1,24021.11,24021.11
1626,2021,1,2022,2,10537.83,34558.94
1626,2021,2,2023,3,2269.16,36828.1
1626,2021,3,2024,4,3022.97,39851.07
1627,2021,0,2021,1,15214.09,15214.09
1627,2021,1,2022,2,6676.29,21890.38
1627,2021,2,2023,3,2492.61,24382.99
1627,2021,3,2024,4,1298.7,25681.69
1628,2021,0,2021,1,4853.2,4853.2
1628,2021,1,2022,2,2357.74,7210.93
1628,2021,2,2023,3,907.05,8117.99
1628,2021,3,2024,4,10.84,8128.83
1629,2021,0,2021,1,6042.46,6042.46
1629,2021,1,2022,2,1989.85,8032.31
1629,2021,2,2023,3,1427.92,9460.23
1629,2021,3,2024,4,123.13,9583.36
1630,2021,0,2021,1,11686.81,11686.81
1630,2021,1,2022,2,5124.77,16811.58
1630,2021,2,2023,3,1685.34,18496.91
1630,2021,3,2024,4,445.4,18942.31
1631,2021,0,2021,1,3337.69,3337.69
1631,2021,1,2022,2,1605.66,4943.35
1631,2021,2,2023,3,312.82,5256.17
1631,2021,3,2024,4,301.77,5557.94
1634,2021,0,2021,1,7426.58,7038.8
1634,2021,1,2022,2,2791.34,9684.38
1634,2021,2,2023,3,1247.24,10866.5
1634,2021,3,2024,4,99.71,10961.01
1635,2021,0,2021,1,14958.34,14958.34
1635,2021,1,2022,2,6891.34,21849.68
1635,2021,2,2023,3,3117.46,24967.14
1635,2021,3,2024,4,1216.91,26184.05
1638,2021,0,2021,1,2613.74,2549.63
1638,2021,1,2022,2,991.86,3517.16
1638,2021,2,2023,3,230.57,3742.07
1638,2021,3,2024,4,206.36,3943.37
1639,2021,0,2021,1,7237.72,7135.71
1639,2021,1,2022,2,2043.21,9150.12
1639,2021,2,2023,3,1875.71,10999.39
1639,2021,3,2024,4,225.76,11221.98
1641,2021,0,2021,1,19520.64,18672.27
1641,2021,1,2022,2,6395.09,24789.42
1641,2021,2,2023,3,3240.29,27888.89
1641,2021,3,2024,4,286.31,28162.75
1642,2021,0,2021,1,9373.84,8832.17
1642,2021,1,2022,2,3587.82,12212.67
1642,2021,2,2023,3,1377.04,13510.14
1642,2021,3,2024,4,175.6,13675.59
1644,2021,0,2021,1,5307.43,5128.84
1644,2021,1,2022,2,1774.55,6843.68
1644,2021,2,2023,3,1095.77,7902.58
1644,2021,3,2024,4,124.75,8023.14
1645,2021,0,2021,1,16927.18,16927.18
1645,2021,1,2022,2,7257.44,24184.62
1645,2021,2,2023,3,1751.35,25935.98
1645,2021,3,2024,4,1310.73,27246.71
1646,2021,0,2021,1,22333.35,22333.35
1646,2021,1,2022,2,9383.38,31716.73
1646,2021,2,2023,3,3079.63,34796.36
1646,2021,3,2024,4,2038.1,36834.46
1647,2021,0,2021,1,10472.17,10472.17
1647,2021,1,2022,2,3857.39,14329.56
1647,2021,2,2023,3,1512.51,15842.07
1647,2021,3,2024,4,915.68,16757.75
1648,2021,0,2021,1,12853.86,12729.38
1648,2021,1,2022,2,4544.07,17229.45
1648,2021,2,2023,3,2410.96,19617.07
1648,2021,3,2024,4,1043.21,20650.17
1649,2021,0,2021,1,3034.98,2929.34
1649,2021,1,2022,2,1404.42,4284.88
1649,2021,2,2023,3,389.7,4661.02
1649,2021,3,2024,4,93,4750.78
1650,2021,0,2021,1,42879.55,42879.55
1650,2021,1,2022,2,16881.55,59761.1
1650,2021,2,2023,3,4538.86,64299.95
1650,2021,3,2024,4,6087.65,70387.6
1653,2021,0,2021,1,19852.57,19815.19
1653,2021,1,2022,2,9942.99,29739.46
1653,2021,2,2023,3,3120.24,32853.83
1653,2021,3,2024,4,873.03,33725.22
1654,2021,0,2021,1,146412.42,137792.8
1654,2021,1,2022,2,57623.38,192023.77
1654,2021,2,2023,3,17373.86,208374.79
1654,2021,3,2024,4,181.13,208545.26
1656,2021,0,2021,1,953.02,936.47
1656,2021,1,2022,2,439.52,1368.36
1656,2021,2,2023,3,179.17,1544.42
1656,2021,3,2024,4,26.88,1570.83
1657,2021,0,2021,1,3012.33,2840.31
1657,2021,1,2022,2,882.86,3672.76
1657,2021,2,2023,3,684.03,4317.73
1657,2021,3,2024,4,11.21,4328.3
1658,2021,0,2021,1,51591.69,51591.69
1658,2021,1,2022,2,17015.55,68607.25
1658,2021,2,2023,3,15119.92,83727.17
1658,2021,3,2024,4,1697.45,85424.62
1659,2021,0,2021,1,1647.2,1647.2
1659,2021,1,2022,2,639.94,2287.14
1659,2021,2,2023,3,248.38,2535.52
1659,2021,3,2024,4,134.47,2669.99
1663,2021,0,2021,1,1806.12,1758.35
1663,2021,1,2022,2,801.77,2538.92
1663,2021,2,2023,3,337.5,2867.49
1663,2021,3,2024,4,42.15,2908.53
1664,2021,0,2021,1,2795.93,2777.41
1664,2021,1,2022,2,1636.68,4403.25
1664,2021,2,2023,3,287.84,4689.19
1664,2021,3,2024,4,148.49,4836.69
1665,2021,0,2021,1,12627.34,12627.34
1665,2021,1,2022,2,5172.08,17799.42
1665,2021,2,2023,3,2569.92,20369.35
1665,2021,3,2024,4,164.02,20533.37
1666,2021,0,2021,1,3787.34,3729.57
1666,2021,1,2022,2,1661.6,5365.82
1666,2021,2,2023,3,852.43,6205.25
1666,2021,3,2024,4,275.63,6476.68
1668,2021,0,2021,1,11817.41,11717.99
1668,2021,1,2022,2,5342.91,17015.94
1668,2021,2,2023,3,1635.41,18637.59
1668,2021,3,2024,4,516.74,19149.98
1669,2021,0,2021,1,17338.47,17338.47
1669,2021,1,2022,2,6557.3,23895.78
1669,2021,2,2023,3,3182.42,27078.2
1669,2021,3,2024,4,2163.2,29241.4
1670,2021,0,2021,1,2473.56,2473.56
1670,2021,1,2022,2,904.4,3377.96
1670,2021,2,2023,3,400.62,3778.58
1670,2021,3,2024,4,130.87,3909.45
1671,2021,0,2021,1,20622.9,20622.9
1671,2021,1,2022,2,10442.48,31065.38
1671,2021,2,2023,3,3274.2,34339.58
1671,2021,3,2024,4,434.38,34773.96
1672,2021,0,2021,1,8105.37,7990.02
1672,2021,1,2022,2,3348.85,11291.21
1672,2021,2,2023,3,1363.94,12635.74
1672,2021,3,2024,4,235.92,12868.3
1673,2021,0,2021,1,7763.93,7763.93
1673,2021,1,2022,2,3171.71,10935.64
1673,2021,2,2023,3,1358.49,12294.13
1673,2021,3,2024,4,291.15,12585.28
1674,2021,0,2021,1,19027.16,19027.16
1674,2021,1,2022,2,7923.3,26950.46
1674,2021,2,2023,3,2545.58,29496.04
1674,2021,3,2024,4,2500.15,31996.19
1675,2021,0,2021,1,3610.42,3610.42
1675,2021,1,2022,2,1537.61,5148.03
1675,2021,2,2023,3,403.13,5551.16
1675,2021,3,2024,4,578.96,6130.12
1680,2021,0,2021,1,33047.85,33047.85
1680,2021,1,2022,2,10871.2,43919.05
1680,2021,2,2023,3,4953.2,48872.25
1680,2021,3,2024,4,2914.07,51786.32
1681,2021,0,2021,1,10926,10926
1681,2021,1,2022,2,4125.65,15051.65
1681,2021,2,2023,3,2087.77,17139.42
1681,2021,3,2024,4,1106.51,18245.93
1682,2021,0,2021,1,7757.67,7757.67
1682,2021,1,2022,2,3467.92,11225.59
1682,2021,2,2023,3,1268.03,12493.61
1682,2021,3,2024,4,790.09,13283.7
1683,2021,0,2021,1,5407.91,5169.28
1683,2021,1,2022,2,2129.19,7204.51
1683,2021,2,2023,3,972.96,8134.54
1683,2021,3,2024,4,228.58,8353.03
1684,2021,0,2021,1,16365.39,16365.39
1684,2021,1,2022,2,6556.9,22922.28
1684,2021,2,2023,3,2535.32,25457.6
1684,2021,3,2024,4,842.63,26300.23
1685,2021,0,2021,1,4401.5,4342.73
1685,2021,1,2022,2,1668.52,5988.98
1685,2021,2,2023,3,789.2,6767.64
1685,2021,3,2024,4,11.15,6778.64
1686,2021,0,2021,1,123112.28,122201.79
1686,2021,1,2022,2,43238.84,165120.85
1686,2021,2,2023,3,24697.25,189635.45
1686,2021,3,2024,4,9331.69,198898.13
1688,2021,0,2021,1,29023.29,29023.29
1688,2021,1,2022,2,10989.86,40013.15
1688,2021,2,2023,3,3343.25,43356.4
1688,2021,3,2024,4,4470.41,47826.81
1689,2021,0,2021,1,4137.28,4137.28
1689,2021,1,2022,2,1569.99,5707.27
1689,2021,2,2023,3,944.56,6651.83
1689,2021,3,2024,4,313.48,6965.31
1691,2021,0,2021,1,645.12,645.12
1691,2021,1,2022,2,237.13,882.24
1691,2021,2,2023,3,166.39,1048.64
1691,2021,3,2024,4,40.22,1088.86
1692,2021,0,2021,1,8065.73,8040.75
1692,2021,1,2022,2,3264.62,11295.26
1692,2021,2,2023,3,1911.45,13200.78
1692,2021,3,2024,4,461.68,13661.03
1695,2021,0,2021,1,11028.18,10873.79
1695,2021,1,2022,2,5097.68,15900.1
1695,2021,2,2023,3,876.09,16763.92
1695,2021,3,2024,4,594.39,17349.99
1696,2021,0,2021,1,104700.39,103536.31
1696,2021,1,2022,2,43156.55,146213.04
1696,2021,2,2023,3,19175.92,165175.76
1696,2021,3,2024,4,5996.77,171105.85
1698,2021,0,2021,1,14371.75,13881.96
1698,2021,1,2022,2,6239.27,19908.6
1698,2021,2,2023,3,1078.56,20950.41
1698,2021,3,2024,4,713.06,21639.17
1699,2021,0,2021,1,24360.95,24098.04
1699,2021,1,2022,2,11661.29,35633.49
1699,2021,2,2023,3,2528.3,38134.5
1699,2021,3,2024,4,1953.94,40067.35
1701,2021,0,2021,1,11844.3,11709.82
1701,2021,1,2022,2,5350.95,17000.02
1701,2021,2,2023,3,3175.06,20139.03
1701,2021,3,2024,4,375.22,20509.99
1702,2021,0,2021,1,6875.49,6743.23
1702,2021,1,2022,2,2733.73,9424.38
1702,2021,2,2023,3,1192.12,10593.56
1702,2021,3,2024,4,257.06,10845.68
1703,2021,0,2021,1,11818.28,11541.52
1703,2021,1,2022,2,6000.13,17401.14
1703,2021,2,2023,3,1272.83,18644.16
1703,2021,3,2024,4,1302.27,19915.94
1704,2021,0,2021,1,155156.69,153457.76
1704,2021,1,2022,2,56375.62,209216.08
1704,2021,2,2023,3,22792.94,231759.44
1704,2021,3,2024,4,5635.39,237333.12
1705,2021,0,2021,1,7260.24,7177.22
1705,2021,1,2022,2,2336.16,9486.67
1705,2021,2,2023,3,1883.99,11349.11
1705,2021,3,2024,4,253.23,11599.45
1708,2021,0,2021,1,8972.89,8836.88
1708,2021,1,2022,2,3385.57,12171.13
1708,2021,2,2023,3,1801.31,13945.14
1708,2021,3,2024,4,189.07,14131.34
1709,2021,0,2021,1,21586.39,20306.26
1709,2021,1,2022,2,8344.86,28156.25
1709,2021,2,2023,3,2942.52,30924.27
1709,2021,3,2024,4,636.34,31522.88
1710,2021,0,2021,1,22018.12,22018.12
1710,2021,1,2022,2,8715.99,30734.11
1710,2021,2,2023,3,3431.67,34165.79
1710,2021,3,2024,4,1730.65,35896.44
1711,2021,0,2021,1,15241.19,14807.01
1711,2021,1,2022,2,7204.69,21806.46
1711,2021,2,2023,3,1983.28,23733.25
1711,2021,3,2024,4,496.28,24215.39
1712,2021,0,2021,1,6908.96,6841.67
1712,2021,1,2022,2,3753.67,10558.79
1712,2021,2,2023,3,183.11,10740.11
1712,2021,3,2024,4,850.17,11582
1715,2021,0,2021,1,7591.55,7497.06
1715,2021,1,2022,2,2921.41,10382.1
1715,2021,2,2023,3,1354.7,11719.94
1715,2021,3,2024,4,226.12,11943.25
1717,2021,0,2021,1,11408.23,11282.95
1717,2021,1,2022,2,3818.62,15059.64
1717,2021,2,2023,3,2876.28,17904.33
1717,2021,3,2024,4,267.93,18169.31
1719,2021,0,2021,1,23701.03,23701.03
1719,2021,1,2022,2,9484.34,33185.37
1719,2021,2,2023,3,5684.17,38869.55
1719,2021,3,2024,4,1171.48,40041.03
1721,2021,0,2021,1,3293.54,3287.89
1721,2021,1,2022,2,1150.49,4436.41
1721,2021,2,2023,3,895.52,5330.39
1721,2021,3,2024,4,102.44,5432.66
1722,2021,0,2021,1,3915.65,3715.48
1722,2021,1,2022,2,1895.13,5513.73
1722,2021,2,2023,3,442.14,5933.27
1722,2021,3,2024,4,47.82,5978.64
1723,2021,0,2021,1,8051.8,7799.11
1723,2021,1,2022,2,3715.39,11397.9
1723,2021,2,2023,3,1530.53,12880.4
1723,2021,3,2024,4,246.35,13119.02
1725,2021,0,2021,1,14707.72,14687.95
1725,2021,1,2022,2,5374.35,20055.07
1725,2021,2,2023,3,2657.53,22709.03
1725,2021,3,2024,4,1273.84,23981.15
1727,2021,0,2021,1,14762.13,14631.79
1727,2021,1,2022,2,6478.5,21053.09
1727,2021,2,2023,3,2789.75,23818.21
1727,2021,3,2024,4,1068.17,24876.94
1728,2021,0,2021,1,30739.54,30424.71
1728,2021,1,2022,2,12763.52,43057.51
1728,2021,2,2023,3,6676.22,49665.35
1728,2021,3,2024,4,2323.98,51965.53
1730,2021,0,2021,1,1548,1516.2
1730,2021,1,2022,2,609.4,2113.09
1730,2021,2,2023,3,375.76,2481.13
1730,2021,3,2024,4,52.22,2532.28
1731,2021,0,2021,1,16838.87,16493.28
1731,2021,1,2022,2,5195.42,21582.07
1731,2021,2,2023,3,3794.07,25298.28
1731,2021,3,2024,4,875.72,26156.03
1732,2021,0,2021,1,1564.09,1551.66
1732,2021,1,2022,2,728.12,2273.99
1732,2021,2,2023,3,218.09,2490.35
1732,2021,3,2024,4,168.51,2657.52
1733,2021,0,2021,1,3057.35,3021.62
1733,2021,1,2022,2,1693.38,4695.21
1733,2021,2,2023,3,166.02,4859.29
1733,2021,3,2024,4,306.78,5162.49
1734,2021,0,2021,1,6068.03,5790.43
1734,2021,1,2022,2,2773.09,8436.66
1734,2021,2,2023,3,949.45,9342.68
1734,2021,3,2024,4,74.89,9414.14
1735,2021,0,2021,1,1915.24,1842.35
1735,2021,1,2022,2,772.65,2585.6
1735,2021,2,2023,3,308.93,2882.78
1735,2021,3,2024,4,137.43,3014.98
1736,2021,0,2021,1,4114.07,4091.33
1736,2021,1,2022,2,1681.62,5763.65
1736,2021,2,2023,3,1133.63,6891.02
1736,2021,3,2024,4,172.93,7063
1737,2021,0,2021,1,4232.2,4039.47
1737,2021,1,2022,2,1731.86,5692.46
1737,2021,2,2023,3,548.7,6216.17
1737,2021,3,2024,4,47.85,6261.85
1738,2021,0,2021,1,6918.53,6918.53
1738,2021,1,2022,2,2564.52,9483.06
1738,2021,2,2023,3,1559.18,11042.24
1738,2021,3,2024,4,295.73,11337.97
1739,2021,0,2021,1,15840.11,15521.59
1739,2021,1,2022,2,6501.31,21892.18
1739,2021,2,2023,3,3205.21,25032.94
1739,2021,3,2024,4,210.37,25239.08
1740,2021,0,2021,1,6678.55,6658.41
1740,2021,1,2022,2,3206.5,9855.24
1740,2021,2,2023,3,646.8,10500.1
1740,2021,3,2024,4,613.8,11112.04
1741,2021,0,2021,1,10374.82,9938.13
1741,2021,1,2022,2,4074.63,13841.25
1741,2021,2,2023,3,1209.02,14999.38
1741,2021,3,2024,4,924.06,15884.54
1742,2021,0,2021,1,27176.57,25370.03
1742,2021,1,2022,2,12292.1,36845.02
1742,2021,2,2023,3,2784.16,39444.1
1742,2021,3,2024,4,277.71,39703.35
1743,2021,0,2021,1,5286.27,4931.75
1743,2021,1,2022,2,1898.08,6702.53
1743,2021,2,2023,3,438.53,7111.65
1743,2021,3,2024,4,268.82,7362.44
1744,2021,0,2021,1,6575.56,6489.85
1744,2021,1,2022,2,2293.86,8753.81
1744,2021,2,2023,3,1174.94,9913.43
1744,2021,3,2024,4,244.4,10154.65
1745,2021,0,2021,1,13405.24,13162.03
1745,2021,1,2022,2,5629.41,18689.31
1745,2021,2,2023,3,658.43,19335.8
1745,2021,3,2024,4,1896.95,21198.33
1747,2021,0,2021,1,17389.7,16787.13
1747,2021,1,2022,2,7295.94,23830.25
1747,2021,2,2023,3,3602.42,27307.84
1747,2021,3,2024,4,495,27785.69
1748,2021,0,2021,1,5902.14,5842.26
1748,2021,1,2022,2,2865.24,8678.43
1748,2021,2,2023,3,798.8,9469.12
1748,2021,3,2024,4,0.35,9469.47
1749,2021,0,2021,1,3273.59,3198.08
1749,2021,1,2022,2,1343.89,4510.97
1749,2021,2,2023,3,696.74,5191.64
1749,2021,3,2024,4,89.23,5278.81
1750,2021,0,2021,1,9862.28,9330.74
1750,2021,1,2022,2,3262.89,12417.77
1750,2021,2,2023,3,1907.06,14222.05
1750,2021,3,2024,4,334.68,14538.7
1751,2021,0,2021,1,9725.41,9407.38
1751,2021,1,2022,2,3914.81,13194.18
1751,2021,2,2023,3,1512.61,14657.33
1751,2021,3,2024,4,233.05,14882.76
1752,2021,0,2021,1,13656.25,13426.71
1752,2021,1,2022,2,6029.83,19355.19
1752,2021,2,2023,3,1916.27,21239.25
1752,2021,3,2024,4,713.42,21940.68
1753,2021,0,2021,1,2907.56,2806.44
1753,2021,1,2022,2,1515.75,4269.47
1753,2021,2,2023,3,357.39,4614.44
1753,2021,3,2024,4,100.62,4711.56
1754,2021,0,2021,1,8592.5,8592.5
1754,2021,1,2022,2,4771.82,13364.32
1754,2021,2,2023,3,894.99,14259.31
1754,2021,3,2024,4,455.64,14714.95
1755,2021,0,2021,1,4705.01,4621.99
1755,2021,1,2022,2,1438.08,6034.7
1755,2021,2,2023,3,1248.08,7260.75
1755,2021,3,2024,4,95.07,7354.14
1758,2021,0,2021,1,22436.28,21988.65
1758,2021,1,2022,2,10529.34,32307.92
1758,2021,2,2023,3,4371.25,36591.97
1758,2021,3,2024,4,449.06,37032.07
1759,2021,0,2021,1,1761.05,1761.05
1759,2021,1,2022,2,776.11,2537.16
1759,2021,2,2023,3,245.77,2782.93
1759,2021,3,2024,4,187.74,2970.67
1760,2021,0,2021,1,9431.37,9406.25
1760,2021,1,2022,2,3889.55,13285.45
1760,2021,2,2023,3,1677.97,14958.95
1760,2021,3,2024,4,726.78,15683.79
1761,2021,0,2021,1,7812.48,7812.48
1761,2021,1,2022,2,3333.67,11146.15
1761,2021,2,2023,3,933.4,12079.55
1761,2021,3,2024,4,891.91,12971.46
1762,2021,0,2021,1,6279.63,6105.09
1762,2021,1,2022,2,2808.63,8835.66
1762,2021,2,2023,3,776.33,9590.41
1762,2021,3,2024,4,814.37,10382.15
1763,2021,0,2021,1,8942.48,8882.11
1763,2021,1,2022,2,3846.66,12702.8
1763,2021,2,2023,3,1367.57,14061.14
1763,2021,3,2024,4,583.29,14640.49
1764,2021,0,2021,1,18739.9,18739.9
1764,2021,1,2022,2,8034.85,26774.75
1764,2021,2,2023,3,2167.35,28942.11
1764,2021,3,2024,4,2452.73,31394.84
1765,2021,0,2021,1,3179.14,3075.88
1765,2021,1,2022,2,1347.83,4379.94
1765,2021,2,2023,3,409.26,4775.91
1765,2021,3,2024,4,123.56,4895.46
1767,2021,0,2021,1,7461.33,7133.15
1767,2021,1,2022,2,3648.49,10621.17
1767,2021,2,2023,3,399.38,11002.98
1767,2021,3,2024,4,496.55,11477.68
1768,2021,0,2021,1,20087.19,20087.19
1768,2021,1,2022,2,6622.22,26709.41
1768,2021,2,2023,3,3378.71,30088.11
1768,2021,3,2024,4,2085.08,32173.19
1769,2021,0,2021,1,9136.91,9136.91
1769,2021,1,2022,2,4212.23,13349.14
1769,2021,2,2023,3,364.82,13713.97
1769,2021,3,2024,4,1431.61,15145.58
1770,2021,0,2021,1,6001.85,6001.85
1770,2021,1,2022,2,2525.71,8527.57
1770,2021,2,2023,3,891.16,9418.73
1770,2021,3,2024,4,536.63,9955.36
1771,2021,0,2021,1,9225.19,9225.19
1771,2021,1,2022,2,3654.72,12879.91
1771,2021,2,2023,3,2344.02,15223.93
1771,2021,3,2024,4,163.05,15386.98
1772,2021,0,2021,1,9820.96,9477.74
1772,2021,1,2022,2,3185.53,12551.94
1772,2021,2,2023,3,2681.9,15140.11
1772,2021,3,2024,4,108.01,15244.35
1775,2021,0,2021,1,9607.07,9281.25
1775,2021,1,2022,2,2891.17,12074.37
1775,2021,2,2023,3,2088.21,14091.76
1775,2021,3,2024,4,568.84,14641.31
1776,2021,0,2021,1,3625.29,3625.29
1776,2021,1,2022,2,1411.64,5036.94
1776,2021,2,2023,3,825.66,5862.6
1776,2021,3,2024,4,185.46,6048.06
1778,2021,0,2021,1,18414.88,18414.88
1778,2021,1,2022,2,7875.41,26290.29
1778,2021,2,2023,3,2022.97,28313.26
1778,2021,3,2024,4,1880.35,30193.61
1780,2021,0,2021,1,5300.33,5300.33
1780,2021,1,2022,2,2139.64,7439.97
1780,2021,2,2023,3,1443.44,8883.41
1780,2021,3,2024,4,330.53,9213.94
1781,2021,0,2021,1,15776.74,15529.4
1781,2021,1,2022,2,4494.67,19953.61
1781,2021,2,2023,3,4234.78,24122
1781,2021,3,2024,4,401.82,24517.53
1782,2021,0,2021,1,8210.57,8202.18
1782,2021,1,2022,2,2266.6,10466.46
1782,2021,2,2023,3,2032.66,12497.04
1782,2021,3,2024,4,453.31,12949.89
1783,2021,0,2021,1,6385.17,6287.63
1783,2021,1,2022,2,3439.13,9674.23
1783,2021,2,2023,3,9.86,9683.94
1783,2021,3,2024,4,922.14,10592
1784,2021,0,2021,1,5220.17,5075.45
1784,2021,1,2022,2,2500.89,7507.01
1784,2021,2,2023,3,487.22,7980.72
1784,2021,3,2024,4,291.6,8264.24
1786,2021,0,2021,1,6580.43,6580.43
1786,2021,1,2022,2,2852.55,9432.98
1786,2021,2,2023,3,895.54,10328.52
1786,2021,3,2024,4,612.17,10940.69
1787,2021,0,2021,1,3127.69,3127.69
1787,2021,1,2022,2,1251.82,4379.51
1787,2021,2,2023,3,801.32,5180.83
1787,2021,3,2024,4,110.61,5291.44
1788,2021,0,2021,1,6672.97,6672.97
1788,2021,1,2022,2,2855.04,9528.01
1788,2021,2,2023,3,1132.44,10660.45
1788,2021,3,2024,4,648.57,11309.02
1789,2021,0,2021,1,2821.53,2793.75
1789,2021,1,2022,2,1237.42,4018.99
1789,2021,2,2023,3,407.64,4422.61
1789,2021,3,2024,4,160.06,4581.09
1791,2021,0,2021,1,3943.84,3901.34
1791,2021,1,2022,2,1749.46,5631.95
1791,2021,2,2023,3,683,6307.59
1791,2021,3,2024,4,83.22,6389.91
1792,2021,0,2021,1,1502.25,1473.54
1792,2021,1,2022,2,666.05,2126.86
1792,2021,2,2023,3,222.11,2344.73
1792,2021,3,2024,4,70.67,2414.05
1793,2021,0,2021,1,9769.15,9769.15
1793,2021,1,2022,2,2969.82,12738.97
1793,2021,2,2023,3,2481.09,15220.06
1793,2021,3,2024,4,477.75,15697.81
1794,2021,0,2021,1,9564.24,9564.24
1794,2021,1,2022,2,4231.3,13795.54
1794,2021,2,2023,3,2235.83,16031.37
1794,2021,3,2024,4,519.61,16550.98
1798,2021,0,2021,1,13347.24,13347.24
1798,2021,1,2022,2,5279.89,18627.12
1798,2021,2,2023,3,2136.29,20763.41
1798,2021,3,2024,4,1008.97,21772.38
1799,2021,0,2021,1,17298.56,16519.57
1799,2021,1,2022,2,5820.81,22078.26
1799,2021,2,2023,3,3225.06,25158.09
1799,2021,3,2024,4,276.31,25421.96
1800,2021,0,2021,1,15460.32,15460.32
1800,2021,1,2022,2,7628.96,23089.28
1800,2021,2,2023,3,2126.68,25215.96
1800,2021,3,2024,4,1077.41,26293.37
1801,2021,0,2021,1,5896.45,5896.45
1801,2021,1,2022,2,2546.86,8443.31
1801,2021,2,2023,3,1151.77,9595.08
1801,2021,3,2024,4,678.1,10273.18
1802,2021,0,2021,1,730.61,730.61
1802,2021,1,2022,2,297.98,1028.59
1802,2021,2,2023,3,45.69,1074.28
1802,2021,3,2024,4,132.9,1207.18
1803,2021,0,2021,1,6867.89,6835.1
1803,2021,1,2022,2,2780.96,9602.79
1803,2021,2,2023,3,936.61,10534.93
1803,2021,3,2024,4,632.36,11164.27
1804,2021,0,2021,1,39041.42,37691.7
1804,2021,1,2022,2,20895.71,57865.02
1804,2021,2,2023,3,3524.03,61267.21
1804,2021,3,2024,4,2133.9,63327.35
1805,2021,0,2021,1,3448.71,3443.5
1805,2021,1,2022,2,1216,4657.67
1805,2021,2,2023,3,781.55,5438.04
1805,2021,3,2024,4,21.38,5459.39
1806,2021,0,2021,1,9667.56,9573.56
1806,2021,1,2022,2,4285.42,13817.31
1806,2021,2,2023,3,1232.15,15037.47
1806,2021,3,2024,4,1153.02,16179.28
1807,2021,0,2021,1,29629.87,29359.11
1807,2021,1,2022,2,10371.82,39636.15
1807,2021,2,2023,3,3094.5,42702.37
1807,2021,3,2024,4,3914.9,46581.5
1809,2021,0,2021,1,4245.04,4172.29
1809,2021,1,2022,2,1807.48,5948.8
1809,2021,2,2023,3,919,6852.05
1809,2021,3,2024,4,79.82,6930.51
1811,2021,0,2021,1,8025.54,8025.54
1811,2021,1,2022,2,3425.12,11450.66
1811,2021,2,2023,3,1167.44,12618.1
1811,2021,3,2024,4,865.11,13483.21
1812,2021,0,2021,1,406.78,382.77
1812,2021,1,2022,2,239.37,608.02
1812,2021,2,2023,3,6.75,614.37
1812,2021,3,2024,4,19.01,632.26
1815,2021,0,2021,1,369.46,363.19
1815,2021,1,2022,2,155.95,516.49
1815,2021,2,2023,3,65.63,581.01
1815,2021,3,2024,4,8.94,589.8
1816,2021,0,2021,1,10471.1,10372.07
1816,2021,1,2022,2,4474.88,14804.62
1816,2021,2,2023,3,1481.97,16272.58
1816,2021,3,2024,4,565.6,16832.83
1817,2021,0,2021,1,3929.84,3929.84
1817,2021,1,2022,2,1564.08,5493.92
1817,2021,2,2023,3,788.16,6282.08
1817,2021,3,2024,4,207.5,6489.58
1819,2021,0,2021,1,27314.7,26283.38
1819,2021,1,2022,2,11800.35,37638.18
1819,2021,2,2023,3,3945.79,41435
1819,2021,3,2024,4,1119.79,42512.51
1820,2021,0,2021,1,10383.69,10173.76
1820,2021,1,2022,2,4954.81,15028.39
1820,2021,2,2023,3,1008.91,16016.9
1820,2021,3,2024,4,759.99,16761.52
1821,2021,0,2021,1,24070.98,22965.1
1821,2021,1,2022,2,8173.77,30763.35
1821,2021,2,2023,3,3767.51,34357.78
1821,2021,3,2024,4,1115.62,35422.14
1823,2021,0,2021,1,16536.81,16536.81
1823,2021,1,2022,2,4605.94,21142.75
1823,2021,2,2023,3,3781.5,24924.25
1823,2021,3,2024,4,401.3,25325.55
1824,2021,0,2021,1,7117.53,6871.49
1824,2021,1,2022,2,2596.06,9377.81
1824,2021,2,2023,3,263.11,9631.82
1824,2021,3,2024,4,964.14,10562.63
1825,2021,0,2021,1,14146.89,13579.3
1825,2021,1,2022,2,5720.16,19069.95
1825,2021,2,2023,3,1902.01,20895.65
1825,2021,3,2024,4,973.19,21829.79
1826,2021,0,2021,1,1175.72,1142.37
1826,2021,1,2022,2,491.46,1619.89
1826,2021,2,2023,3,212.76,1826.62
1826,2021,3,2024,4,6.37,1832.81
1827,2021,0,2021,1,1325.4,1266.81
1827,2021,1,2022,2,599.07,1839.4
1827,2021,2,2023,3,148.11,1980.97
1827,2021,3,2024,4,52.22,2030.88
1828,2021,0,2021,1,88185,88185
1828,2021,1,2022,2,36171.71,124356.7
1828,2021,2,2023,3,13311.39,137668.1
1828,2021,3,2024,4,12135.9,149804
1829,2021,0,2021,1,107544.2,107544.2
1829,2021,1,2022,2,63467.19,171011.39
1829,2021,2,2023,3,5218.64,176230.02
1829,2021,3,2024,4,12645.98,188876
1830,2021,0,2021,1,244.04,244.04
1830,2021,1,2022,2,111.54,355.58
1830,2021,2,2023,3,26.48,382.07
1830,2021,3,2024,4,38.39,420.46
1832,2021,0,2021,1,14679.07,14679.07
1832,2021,1,2022,2,6507.73,21186.8
1832,2021,2,2023,3,2469.18,23655.97
1832,2021,3,2024,4,1122.76,24778.73
1833,2021,0,2021,1,13710.36,13710.36
1833,2021,1,2022,2,5021.6,18731.96
1833,2021,2,2023,3,2151.26,20883.22
1833,2021,3,2024,4,1354.3,22237.52
1834,2021,0,2021,1,17520.53,17499.12
1834,2021,1,2022,2,4663.9,22157.32
1834,2021,2,2023,3,3580.15,25733.09
1834,2021,3,2024,4,2188.68,27919.1
1836,2021,0,2021,1,5845.78,5811.81
1836,2021,1,2022,2,2712.26,8508.31
1836,2021,2,2023,3,754.64,9258.57
1836,2021,3,2024,4,382.56,9638.9
1837,2021,0,2021,1,1406.75,1406.75
1837,2021,1,2022,2,510.63,1917.38
1837,2021,2,2023,3,317.46,2234.84
1837,2021,3,2024,4,82.4,2317.24
1838,2021,0,2021,1,624.29,622.89
1838,2021,1,2022,2,298.33,920.55
1838,2021,2,2023,3,45.47,965.92
1838,2021,3,2024,4,70.5,1036.26
1839,2021,0,2021,1,10935.77,10935.77
1839,2021,1,2022,2,5770.2,16705.97
1839,2021,2,2023,3,238.67,16944.64
1839,2021,3,2024,4,2137.74,19082.38
1842,2021,0,2021,1,10386.94,10138.68
1842,2021,1,2022,2,4059.89,14101.54
1842,2021,2,2023,3,1413,15480.77
1842,2021,3,2024,4,239.18,15714.23
1843,2021,0,2021,1,7444.84,7129.66
1843,2021,1,2022,2,3139.12,10135.89
1843,2021,2,2023,3,686.61,10793.43
1843,2021,3,2024,4,214.46,10998.82
1844,2021,0,2021,1,7650.71,7650.71
1844,2021,1,2022,2,3268.11,10918.82
1844,2021,2,2023,3,1486.29,12405.1
1844,2021,3,2024,4,479.3,12884.4
1845,2021,0,2021,1,5961.67,5859.6
1845,2021,1,2022,2,2317.04,8136.97
1845,2021,2,2023,3,1144.05,9261.43
1845,2021,3,2024,4,425.86,9679.99
1847,2021,0,2021,1,8977.98,8663.19
1847,2021,1,2022,2,3715.83,12248.73
1847,2021,2,2023,3,1130.81,13339.9
1847,2021,3,2024,4,383.58,13710.03
1849,2021,0,2021,1,6676.99,6346.12
1849,2021,1,2022,2,3648.86,9814.15
1849,2021,2,2023,3,293.78,10093.38
1849,2021,3,2024,4,187.63,10271.71
1854,2021,0,2021,1,24340.48,23874.17
1854,2021,1,2022,2,12964.64,36590.43
1854,2021,2,2023,3,2724.52,39262.76
1854,2021,3,2024,4,1265.22,40503.74
1855,2021,0,2021,1,9927.05,9927.05
1855,2021,1,2022,2,3643.07,13570.12
1855,2021,2,2023,3,2899.9,16470.02
1855,2021,3,2024,4,260.18,16730.2
1856,2021,0,2021,1,6263.56,6263.56
1856,2021,1,2022,2,2406.32,8669.88
1856,2021,2,2023,3,703.55,9373.43
1856,2021,3,2024,4,728.39,10101.82
1857,2021,0,2021,1,7364.94,7125.86
1857,2021,1,2022,2,3480.07,10492.95
1857,2021,2,2023,3,896.76,11360.6
1857,2021,3,2024,4,197.99,11552.16
1858,2021,0,2021,1,3467.56,3435.64
1858,2021,1,2022,2,1223.52,4647.89
1858,2021,2,2023,3,680.34,5321.97
1858,2021,3,2024,4,117.56,5438.45
1859,2021,0,2021,1,12727.19,12499.13
1859,2021,1,2022,2,4821.82,17234.55
1859,2021,2,2023,3,1647.53,18852.57
1859,2021,3,2024,4,1182.4,20013.78
1860,2021,0,2021,1,6963.68,6888.58
1860,2021,1,2022,2,2724.63,9583.83
1860,2021,2,2023,3,587.74,10165.23
1860,2021,3,2024,4,642.26,10800.56
1861,2021,0,2021,1,64753.17,64753.17
1861,2021,1,2022,2,26742.47,91495.64
1861,2021,2,2023,3,7025.35,98520.99
1861,2021,3,2024,4,6891.3,105412.29
1862,2021,0,2021,1,8036.23,8036.23
1862,2021,1,2022,2,3306.26,11342.49
1862,2021,2,2023,3,1233.08,12575.57
1862,2021,3,2024,4,853.8,13429.37
1865,2021,0,2021,1,14118.23,13551.22
1865,2021,1,2022,2,6049.94,19358.19
1865,2021,2,2023,3,1093.35,20407.62
1865,2021,3,2024,4,652.02,21033.46
1867,2021,0,2021,1,16326.33,16071.3
1867,2021,1,2022,2,7595.34,23548
1867,2021,2,2023,3,1342.19,24869.22
1867,2021,3,2024,4,1463.89,26310.25
1868,2021,0,2021,1,7177.49,7177.49
1868,2021,1,2022,2,3253.61,10431.09
1868,2021,2,2023,3,865.33,11296.42
1868,2021,3,2024,4,458.5,11754.92
1869,2021,0,2021,1,993.75,993.75
1869,2021,1,2022,2,384.75,1378.5
1869,2021,2,2023,3,281.04,1659.54
1869,2021,3,2024,4,42.82,1702.36
1871,2021,0,2021,1,5649.07,5649.07
1871,2021,1,2022,2,2199.29,7848.37
1871,2021,2,2023,3,1183.69,9032.05
1871,2021,3,2024,4,368.1,9400.15
1872,2021,0,2021,1,10808.82,10669.87
1872,2021,1,2022,2,4361.29,14975.09
1872,2021,2,2023,3,1439.53,16396.12
1872,2021,3,2024,4,813.31,17198.97
1873,2021,0,2021,1,13199.58,13199.58
1873,2021,1,2022,2,4255.51,17455.09
1873,2021,2,2023,3,3351.93,20807.02
1873,2021,3,2024,4,342.4,21149.42
1874,2021,0,2021,1,6922.99,6811.47
1874,2021,1,2022,2,2810.19,9576.39
1874,2021,2,2023,3,897.38,10459.32
1874,2021,3,2024,4,545.18,10995.72
1875,2021,0,2021,1,17972.68,17972.68
1875,2021,1,2022,2,6646.25,24618.93
1875,2021,2,2023,3,2536.25,27155.18
1875,2021,3,2024,4,2045.29,29200.47
1876,2021,0,2021,1,8059.91,7737.96
1876,2021,1,2022,2,2804.43,10430.38
1876,2021,2,2023,3,1545.15,11913.81
1876,2021,3,2024,4,276.83,12179.58
1877,2021,0,2021,1,3642.15,3642.15
1877,2021,1,2022,2,1736.14,5378.28
1877,2021,2,2023,3,350.79,5729.08
1877,2021,3,2024,4,314.82,6043.9
1878,2021,0,2021,1,5872.39,5872.39
1878,2021,1,2022,2,2629.55,8501.94
1878,2021,2,2023,3,1160.94,9662.89
1878,2021,3,2024,4,62.33,9725.22
1881,2021,0,2021,1,6702.65,6488.19
1881,2021,1,2022,2,2791.6,9190.46
1881,2021,2,2023,3,712.02,9879.7
1881,2021,3,2024,4,547.53,10409.71
1882,2021,0,2021,1,2648.82,2609.4
1882,2021,1,2022,2,1275.96,3866.37
1882,2021,2,2023,3,253,4115.6
1882,2021,3,2024,4,328.28,4438.99
1883,2021,0,2021,1,5173.2,5147.58
1883,2021,1,2022,2,2314.31,7450.44
1883,2021,2,2023,3,852.46,8298.67
1883,2021,3,2024,4,461.29,8757.68
1884,2021,0,2021,1,5562.96,5364.16
1884,2021,1,2022,2,1925.28,7220.63
1884,2021,2,2023,3,1231.77,8408.39
1884,2021,3,2024,4,44,8450.82
1885,2021,0,2021,1,16608.48,16608.48
1885,2021,1,2022,2,6764.68,23373.16
1885,2021,2,2023,3,1011.86,24385.02
1885,2021,3,2024,4,2672.14,27057.16
1886,2021,0,2021,1,14433.51,14433.51
1886,2021,1,2022,2,6427.25,20860.76
1886,2021,2,2023,3,2521.01,23381.77
1886,2021,3,2024,4,1617.1,24998.87
1887,2021,0,2021,1,13464.2,13464.2
1887,2021,1,2022,2,4342.64,17806.83
1887,2021,2,2023,3,3177.29,20984.12
1887,2021,3,2024,4,268.78,21252.9
1888,2021,0,2021,1,4761.5,4627.6
1888,2021,1,2022,2,1837.62,6413.54
1888,2021,2,2023,3,313.09,6717.83
1888,2021,3,2024,4,469.58,7174.2
1889,2021,0,2021,1,11338.43,11002.42
1889,2021,1,2022,2,3235.22,14141.77
1889,2021,2,2023,3,2229,16304.71
1889,2021,3,2024,4,123.43,16424.49
1890,2021,0,2021,1,4180.13,4103.44
1890,2021,1,2022,2,1824.35,5894.31
1890,2021,2,2023,3,699.84,6581.31
1890,2021,3,2024,4,26.07,6606.91
1891,2021,0,2021,1,15242.69,15242.69
1891,2021,1,2022,2,5889.23,21131.92
1891,2021,2,2023,3,2122.06,23253.98
1891,2021,3,2024,4,843.26,24097.24
1892,2021,0,2021,1,18754.9,18398.05
1892,2021,1,2022,2,8354.39,26593.48
1892,2021,2,2023,3,2046.71,28601.24
1892,2021,3,2024,4,1319.67,29895.8
1893,2021,0,2021,1,3114.86,3114.86
1893,2021,1,2022,2,1177.2,4292.06
1893,2021,2,2023,3,956.14,5248.2
1893,2021,3,2024,4,22.46,5270.66
1894,2021,0,2021,1,19025.66,19025.66
1894,2021,1,2022,2,8965.91,27991.56
1894,2021,2,2023,3,4294.43,32286
1894,2021,3,2024,4,651.17,32937.17
1895,2021,0,2021,1,20904.91,20904.91
1895,2021,1,2022,2,8416.28,29321.19
1895,2021,2,2023,3,4753.35,34074.55
1895,2021,3,2024,4,1106.66,35181.21
1896,2021,0,2021,1,5073.36,5073.36
1896,2021,1,2022,2,2005.74,7079.1
1896,2021,2,2023,3,1182.45,8261.55
1896,2021,3,2024,4,0,8261.55
1898,2021,0,2021,1,3019.9,2951.63
1898,2021,1,2022,2,1123.06,4049.3
1898,2021,2,2023,3,563.85,4600.4
1898,2021,3,2024,4,104.06,4702.12
1899,2021,0,2021,1,6841.23,6841.23
1899,2021,1,2022,2,3365.73,10206.96
1899,2021,2,2023,3,544.59,10751.55
1899,2021,3,2024,4,823.04,11574.59
1900,2021,0,2021,1,4365.95,4317.15
1900,2021,1,2022,2,2090.22,6384
1900,2021,2,2023,3,454.65,6833.56
1900,2021,3,2024,4,319.77,7149.76
1901,2021,0,2021,1,15182.98,15078.45
1901,2021,1,2022,2,6073.31,21109.95
1901,2021,2,2023,3,1792.71,22890.31
1901,2021,3,2024,4,1354.97,24235.96
1902,2021,0,2021,1,10167.43,9988.36
1902,2021,1,2022,2,3779.17,13700.97
1902,2021,2,2023,3,2459.49,16117.14
1902,2021,3,2024,4,69.74,16185.66
1903,2021,0,2021,1,85567.88,85567.88
1903,2021,1,2022,2,28548.61,114116.49
1903,2021,2,2023,3,12924.61,127041.1
1903,2021,3,2024,4,4242.3,131283.4
1905,2021,0,2021,1,17519.47,17111.36
1905,2021,1,2022,2,5965.63,22938.02
1905,2021,2,2023,3,4106.26,26948.63
1905,2021,3,2024,4,920.77,27847.95
1908,2021,0,2021,1,2886.3,2886.3
1908,2021,1,2022,2,1518.46,4404.76
1908,2021,2,2023,3,329.57,4734.33
1908,2021,3,2024,4,358.73,5093.06
1909,2021,0,2021,1,10084.28,9779.37
1909,2021,1,2022,2,4816.75,14450.47
1909,2021,2,2023,3,892.16,15315.65
1909,2021,3,2024,4,414.39,15717.52
1912,2021,0,2021,1,1554.56,1523.69
1912,2021,1,2022,2,612.54,2124.07
1912,2021,2,2023,3,279.37,2397.88
1912,2021,3,2024,4,6.34,2404.1
1913,2021,0,2021,1,21.65,21.41
1913,2021,1,2022,2,7.37,28.7
1913,2021,2,2023,3,5.41,34.05
1913,2021,3,2024,4,0.41,34.45
1916,2021,0,2021,1,15537.14,15537.14
1916,2021,1,2022,2,7042.86,22580
1916,2021,2,2023,3,2131.82,24711.81
1916,2021,3,2024,4,1713.12,26424.93
1917,2021,0,2021,1,7160.43,7160.43
1917,2021,1,2022,2,2593.76,9754.19
1917,2021,2,2023,3,1271.11,11025.29
1917,2021,3,2024,4,457.76,11483.05
1919,2021,0,2021,1,14080.8,14080.8
1919,2021,1,2022,2,6496.7,20577.5
1919,2021,2,2023,3,2565.75,23143.26
1919,2021,3,2024,4,1339.08,24482.34
1920,2021,0,2021,1,5466.3,5466.3
1920,2021,1,2022,2,2021.55,7487.85
1920,2021,2,2023,3,573.38,8061.23
1920,2021,3,2024,4,769.76,8830.99
1921,2021,0,2021,1,92922.23,88720.41
1921,2021,1,2022,2,39644.25,126572
1921,2021,2,2023,3,15013.48,140906.59
1921,2021,3,2024,4,3883.47,144614.45
1922,2021,0,2021,1,11986.94,11840.27
1922,2021,1,2022,2,5377.81,17152.28
1922,2021,2,2023,3,1773.69,18904.27
1922,2021,3,2024,4,995.22,19887.31
1923,2021,0,2021,1,15255.93,15255.93
1923,2021,1,2022,2,6842.13,22098.06
1923,2021,2,2023,3,2002.32,24100.38
1923,2021,3,2024,4,1201.63,25302.01
1925,2021,0,2021,1,8294.46,8294.46
1925,2021,1,2022,2,3193.93,11488.38
1925,2021,2,2023,3,2462.33,13950.71
1925,2021,3,2024,4,0,13950.71
1927,2021,0,2021,1,600.66,595.42
1927,2021,1,2022,2,232.65,826.04
1927,2021,2,2023,3,135.06,959.93
1927,2021,3,2024,4,35.28,994.9
1928,2021,0,2021,1,26280.14,26223.87
1928,2021,1,2022,2,11338.59,37538.18
1928,2021,2,2023,3,5327.15,42853.93
1928,2021,3,2024,4,1800.44,44650.51
1929,2021,0,2021,1,11918.4,11849.9
1929,2021,1,2022,2,4680.38,16503.38
1929,2021,2,2023,3,1649.29,18143.19
1929,2021,3,2024,4,1054.62,19191.74
1931,2021,0,2021,1,15288.66,15288.66
1931,2021,1,2022,2,9821.8,25110.46
1931,2021,2,2023,3,2095.12,27205.58
1931,2021,3,2024,4,502.24,27707.82
1932,2021,0,2021,1,6573.99,6573.99
1932,2021,1,2022,2,2678.95,9252.94
1932,2021,2,2023,3,1145.52,10398.46
1932,2021,3,2024,4,545.47,10943.93
1933,2021,0,2021,1,11656.2,11656.2
1933,2021,1,2022,2,5391.59,17047.79
1933,2021,2,2023,3,1697.84,18745.64
1933,2021,3,2024,4,1546.76,20292.4
1936,2021,0,2021,1,9232.76,8939.02
1936,2021,1,2022,2,4246.74,13050.65
1936,2021,2,2023,3,746.97,13773.86
1936,2021,3,2024,4,469.49,14228.42
1937,2021,0,2021,1,16057.45,16057.45
1937,2021,1,2022,2,6069.74,22127.19
1937,2021,2,2023,3,2909.96,25037.15
1937,2021,3,2024,4,1245.95,26283.1
1938,2021,0,2021,1,8641.03,8641.03
1938,2021,1,2022,2,3870.02,12511.06
1938,2021,2,2023,3,978.36,13489.42
1938,2021,3,2024,4,715.21,14204.63
1939,2021,0,2021,1,8350.76,8144.73
1939,2021,1,2022,2,4020.53,12066.06
1939,2021,2,2023,3,682.23,12731.45
1939,2021,3,2024,4,792.44,13504.34
1940,2021,0,2021,1,47576.21,45195.19
1940,2021,1,2022,2,20652.39,64814.01
1940,2021,2,2023,3,7133.68,71590.68
1940,2021,3,2024,4,364.9,71937.31
1941,2021,0,2021,1,25594.02,25594.02
1941,2021,1,2022,2,10917.62,36511.64
1941,2021,2,2023,3,4874.94,41386.57
1941,2021,3,2024,4,929.89,42316.46
1943,2021,0,2021,1,11046.92,11046.92
1943,2021,1,2022,2,4009.74,15056.66
1943,2021,2,2023,3,1983.32,17039.98
1943,2021,3,2024,4,719.78,17759.76
1944,2021,0,2021,1,1491.18,1447.77
1944,2021,1,2022,2,770.27,2195.61
1944,2021,2,2023,3,143.72,2335.15
1944,2021,3,2024,4,120.67,2452.31
1946,2021,0,2021,1,7458.06,7433.46
1946,2021,1,2022,2,3607.69,11029.26
1946,2021,2,2023,3,1044.79,12070.6
1946,2021,3,2024,4,503.6,12572.53
1947,2021,0,2021,1,12007.34,12001.58
1947,2021,1,2022,2,4804.97,16804.24
1947,2021,2,2023,3,1331.35,18134.95
1947,2021,3,2024,4,1350.95,19485.26
1948,2021,0,2021,1,8700.05,8306.33
1948,2021,1,2022,2,3871.88,12002.99
1948,2021,2,2023,3,752.04,12721
1948,2021,3,2024,4,345.96,13051.3
1951,2021,0,2021,1,11178.61,11178.61
1951,2021,1,2022,2,4045.17,15223.77
1951,2021,2,2023,3,1519.86,16743.63
1951,2021,3,2024,4,1874.89,18618.52
1952,2021,0,2021,1,4853.08,4662.48
1952,2021,1,2022,2,1561.74,6162.88
1952,2021,2,2023,3,1149.5,7267.24
1952,2021,3,2024,4,34.28,7300.17
1954,2021,0,2021,1,4790.26,4639.96
1954,2021,1,2022,2,1640.2,6228.7
1954,2021,2,2023,3,791.94,6995.78
1954,2021,3,2024,4,200.68,7190.17
1958,2021,0,2021,1,5557.76,5464.8
1958,2021,1,2022,2,2624.58,8045.49
1958,2021,2,2023,3,1135.87,9162.36
1958,2021,3,2024,4,338.12,9494.83
1959,2021,0,2021,1,1645.08,1645.08
1959,2021,1,2022,2,691.12,2336.2
1959,2021,2,2023,3,413.05,2749.25
1959,2021,3,2024,4,73.66,2822.91
1960,2021,0,2021,1,77405.26,74002.33
1960,2021,1,2022,2,23287.5,96266.06
1960,2021,2,2023,3,11990.53,107729.46
1960,2021,3,2024,4,2975.71,110574.35
1961,2021,0,2021,1,8917,8555.31
1961,2021,1,2022,2,3732.99,12136.88
1961,2021,2,2023,3,580.03,12693.38
1961,2021,3,2024,4,490.18,13163.68
1962,2021,0,2021,1,5907.79,5726.99
1962,2021,1,2022,2,2697.76,8342.19
1962,2021,2,2023,3,660.36,8982.34
1962,2021,3,2024,4,161.78,9139.17
1964,2021,0,2021,1,5205.19,5165.74
1964,2021,1,2022,2,2111.91,7261.64
1964,2021,2,2023,3,1094.04,8347.39
1964,2021,3,2024,4,473.08,8816.88
1966,2021,0,2021,1,10748.14,10748.14
1966,2021,1,2022,2,4190.08,14938.22
1966,2021,2,2023,3,2686.47,17624.7
1966,2021,3,2024,4,141.54,17766.24
1967,2021,0,2021,1,6349.32,6252.28
1967,2021,1,2022,2,2670.64,8882.1
1967,2021,2,2023,3,1080.44,9946.02
1967,2021,3,2024,4,439.42,10378.73
1969,2021,0,2021,1,11963.57,11529.01
1969,2021,1,2022,2,6059.51,17368.42
1969,2021,2,2023,3,317.45,17674.33
1969,2021,3,2024,4,1045.07,18681.44
1970,2021,0,2021,1,6559.77,6515.66
1970,2021,1,2022,2,2616.94,9115
1970,2021,2,2023,3,1100.06,10207.67
1970,2021,3,2024,4,500.67,10704.97
1971,2021,0,2021,1,6431.95,6390.99
1971,2021,1,2022,2,2239.53,8616.26
1971,2021,2,2023,3,1168.31,9777.13
1971,2021,3,2024,4,837.91,10609.7
1973,2021,0,2021,1,2069.75,2026.65
1973,2021,1,2022,2,652.36,2665.42
1973,2021,2,2023,3,381.7,3039.18
1973,2021,3,2024,4,163.38,3199.16
1974,2021,0,2021,1,9893.8,9883.31
1974,2021,1,2022,2,3764.01,13643.33
1974,2021,2,2023,3,2522.6,16163.25
1974,2021,3,2024,4,314.46,16477.38
1977,2021,0,2021,1,13197.29,12553.58
1977,2021,1,2022,2,6028.92,18288.43
1977,2021,2,2023,3,1064.76,19301.25
1977,2021,3,2024,4,189.63,19481.63
1978,2021,0,2021,1,15843.18,15565.31
1978,2021,1,2022,2,7710.07,23140.17
1978,2021,2,2023,3,2936.56,26025.22
1978,2021,3,2024,4,1066.14,27072.66
1979,2021,0,2021,1,14729.13,14226.27
1979,2021,1,2022,2,7595.36,21562.32
1979,2021,2,2023,3,2044.84,23537.35
1979,2021,3,2024,4,383.63,23907.88
1980,2021,0,2021,1,5526.09,5499.83
1980,2021,1,2022,2,2723.76,8210.65
1980,2021,2,2023,3,1372.83,9576.96
1980,2021,3,2024,4,44.03,9620.78
1981,2021,0,2021,1,23730.57,23235.1
1981,2021,1,2022,2,11019.86,34024.87
1981,2021,2,2023,3,4331.39,38265.82
1981,2021,3,2024,4,59.79,38324.37
1982,2021,0,2021,1,5435.8,5434.16
1982,2021,1,2022,2,2553.86,7987.26
1982,2021,2,2023,3,963.81,8950.78
1982,2021,3,2024,4,154.54,9105.28
1983,2021,0,2021,1,1042.88,981.5
1983,2021,1,2022,2,386.03,1344.81
1983,2021,2,2023,3,90.59,1430.06
1983,2021,3,2024,4,57.55,1484.23
1984,2021,0,2021,1,24720.28,24399.39
1984,2021,1,2022,2,12651.4,36886.57
1984,2021,2,2023,3,2085.67,38945.17
1984,2021,3,2024,4,1871.89,40792.76
1986,2021,0,2021,1,8103.18,7940.43
1986,2021,1,2022,2,3987.5,11847.84
1986,2021,2,2023,3,701.05,12534.81
1986,2021,3,2024,4,251.77,12781.52
1987,2021,0,2021,1,11279.93,11279.93
1987,2021,1,2022,2,4605.38,15885.31
1987,2021,2,2023,3,2396.12,18281.43
1987,2021,3,2024,4,569.26,18850.69
1988,2021,0,2021,1,11481.77,11334.78
1988,2021,1,2022,2,4512.08,15789.1
1988,2021,2,2023,3,2139.23,17900.95
1988,2021,3,2024,4,180.02,18078.66
1989,2021,0,2021,1,7047.18,6747.83
1989,2021,1,2022,2,3033.75,9652.72
1989,2021,2,2023,3,529.08,10159.32
1989,2021,3,2024,4,234.62,10383.97
1990,2021,0,2021,1,30013.95,30013.95
1990,2021,1,2022,2,13232.24,43246.19
1990,2021,2,2023,3,7878.34,51124.53
1990,2021,3,2024,4,712.45,51836.98
1992,2021,0,2021,1,14729.19,14437.17
1992,2021,1,2022,2,6959.31,21258.51
1992,2021,2,2023,3,1857.51,23079.2
1992,2021,3,2024,4,1016.03,24075.08
1993,2021,0,2021,1,21122.24,20544.76
1993,2021,1,2022,2,9763.72,30041.54
1993,2021,2,2023,3,4010.41,33942.31
1993,2021,3,2024,4,489.36,34418.28
1994,2021,0,2021,1,8852.2,8852.2
1994,2021,1,2022,2,3268.22,12120.42
1994,2021,2,2023,3,1995.08,14115.5
1994,2021,3,2024,4,114.45,14229.95
1995,2021,0,2021,1,17098.18,17098.18
1995,2021,1,2022,2,7119.13,24217.31
1995,2021,2,2023,3,1873.21,26090.52
1995,2021,3,2024,4,2677.89,28768.41
1996,2021,0,2021,1,3690.61,3690.61
1996,2021,1,2022,2,1489.28,5179.89
1996,2021,2,2023,3,727.31,5907.2
1996,2021,3,2024,4,342.89,6250.09
1997,2021,0,2021,1,10439.64,10246.83
1997,2021,1,2022,2,4885.56,15042.16
1997,2021,2,2023,3,2099.86,17103.23
1997,2021,3,2024,4,1095.54,18178.54
1998,2021,0,2021,1,5571.94,5552.09
1998,2021,1,2022,2,2449.09,7992.46
1998,2021,2,2023,3,678.54,8668.58
1998,2021,3,2024,4,592.47,9258.94
1999,2021,0,2021,1,16599.18,16432.41
1999,2021,1,2022,2,7571.16,23927.51
1999,2021,2,2023,3,2511.53,26413.81
1999,2021,3,2024,4,960.15,27364.31
2000,2021,0,2021,1,14694.46,14694.46
2000,2021,1,2022,2,4817.77,19512.23
2000,2021,2,2023,3,3706.49,23218.72
2000,2021,3,2024,4,1084.04,24302.76
2001,2021,0,2021,1,11447.92,11447.92
2001,2021,1,2022,2,3768.84,15216.76
2001,2021,2,2023,3,2474.43,17691.19
2001,2021,3,2024,4,622.37,18313.56
2003,2021,0,2021,1,17806.51,17806.51
2003,2021,1,2022,2,7145.12,24951.62
2003,2021,2,2023,3,1338.62,26290.24
2003,2021,3,2024,4,3249.87,29540.11
2004,2021,0,2021,1,28274.7,27199.7
2004,2021,1,2022,2,12777.61,39491.51
2004,2021,2,2023,3,3606.51,42960.9
2004,2021,3,2024,4,1316.38,44227.23
2006,2021,0,2021,1,17672.33,17614.27
2006,2021,1,2022,2,7577.38,25166.75
2006,2021,2,2023,3,2796.17,27953.74
2006,2021,3,2024,4,1555.69,29504.31
2007,2021,0,2021,1,8003.77,7954.42
2007,2021,1,2022,2,3499.07,11431.91
2007,2021,2,2023,3,2013.19,13432.68
2007,2021,3,2024,4,123.66,13555.58
2008,2021,0,2021,1,6797.46,6461.5
2008,2021,1,2022,2,2189.02,8542.33
2008,2021,2,2023,3,920.5,9417.34
2008,2021,3,2024,4,345.12,9745.4
2009,2021,0,2021,1,12072.19,12072.19
2009,2021,1,2022,2,5326.17,17398.36
2009,2021,2,2023,3,1484,18882.36
2009,2021,3,2024,4,1232.72,20115.08
2010,2021,0,2021,1,38034.3,38034.3
2010,2021,1,2022,2,14646.7,52681
2010,2021,2,2023,3,8656.96,61337.96
2010,2021,3,2024,4,2416.2,63754.16
2011,2021,0,2021,1,68048.69,67396.45
2011,2021,1,2022,2,28981.81,96100.46
2011,2021,2,2023,3,14601.55,110562.06
2011,2021,3,2024,4,1901.25,112445.08
2012,2021,0,2021,1,28722.43,27263.81
2012,2021,1,2022,2,11141.27,37839.29
2012,2021,2,2023,3,6527.4,44035.2
2012,2021,3,2024,4,109.84,44139.46
2013,2021,0,2021,1,11417.42,11417.42
2013,2021,1,2022,2,5248.96,16666.38
2013,2021,2,2023,3,2849.28,19515.66
2013,2021,3,2024,4,80.25,19595.91
2014,2021,0,2021,1,3194.38,3194.38
2014,2021,1,2022,2,1322.6,4516.98
2014,2021,2,2023,3,374.57,4891.54
2014,2021,3,2024,4,373.26,5264.8
2015,2021,0,2021,1,38709.95,38412.73
2015,2021,1,2022,2,19036.42,57302.99
2015,2021,2,2023,3,4457.79,61726.56
2015,2021,3,2024,4,1515.73,63230.65
2017,2021,0,2021,1,6221.98,6186.15
2017,2021,1,2022,2,2683.86,8854.55
2017,2021,2,2023,3,1093.94,9942.2
2017,2021,3,2024,4,311.14,10251.54
2019,2021,0,2021,1,14344.19,14344.19
2019,2021,1,2022,2,7475.09,21819.28
2019,2021,2,2023,3,2389.3,24208.58
2019,2021,3,2024,4,1829.23,26037.81
2020,2021,0,2021,1,1944.19,1883.26
2020,2021,1,2022,2,728.99,2589.41
2020,2021,2,2023,3,384.56,2961.92
2020,2021,3,2024,4,53.32,3013.57
2021,2021,0,2021,1,15698.13,15698.13
2021,2021,1,2022,2,5141.28,20839.4
2021,2021,2,2023,3,4850.48,25689.88
2021,2021,3,2024,4,499.3,26189.18
2022,2021,0,2021,1,23060.73,22282.94
2022,2021,1,2022,2,9132.82,31107.73
2022,2021,2,2023,3,3417.96,34410.4
2022,2021,3,2024,4,809.12,35192.23
2023,2021,0,2021,1,13897.36,13897.36
2023,2021,1,2022,2,5476.91,19374.27
2023,2021,2,2023,3,2620.87,21995.13
2023,2021,3,2024,4,742.59,22737.72
2024,2021,0,2021,1,15312.57,15224.1
2024,2021,1,2022,2,6236.07,21424.14
2024,2021,2,2023,3,2624.61,24033.58
2024,2021,3,2024,4,924.07,24952.31
2025,2021,0,2021,1,25586.22,25586.22
2025,2021,1,2022,2,10542.5,36128.72
2025,2021,2,2023,3,4970.45,41099.17
2025,2021,3,2024,4,1415,42514.17
2027,2021,0,2021,1,1347.57,1323
2027,2021,1,2022,2,812.67,2120.85
2027,2021,2,2023,3,80.41,2199.8
2027,2021,3,2024,4,162.61,2359.44
2028,2021,0,2021,1,31560.74,30865.46
2028,2021,1,2022,2,15871.86,46387.66
2028,2021,2,2023,3,2736.91,49064.28
2028,2021,3,2024,4,3204.27,52197.96
2029,2021,0,2021,1,139772.24,139772.24
2029,2021,1,2022,2,62395.05,202167.29
2029,2021,2,2023,3,23892.11,226059.4
2029,2021,3,2024,4,7221.38,233280.78
2031,2021,0,2021,1,126765.08,124668.87
2031,2021,1,2022,2,55119.5,178876.9
2031,2021,2,2023,3,26555.21,204992.99
2031,2021,3,2024,4,4212.64,209135.96
2032,2021,0,2021,1,244.48,234.32
2032,2021,1,2022,2,125.48,354.59
2032,2021,2,2023,3,14.11,368.12
2032,2021,3,2024,4,17.8,385.18
2033,2021,0,2021,1,15387.29,15215.88
2033,2021,1,2022,2,5537.1,20691.29
2033,2021,2,2023,3,3347.46,24001.46
2033,2021,3,2024,4,457.39,24453.76
2034,2021,0,2021,1,3823.51,3823.51
2034,2021,1,2022,2,1863.66,5687.17
2034,2021,2,2023,3,499.84,6187.01
2034,2021,3,2024,4,597.41,6784.42
2035,2021,0,2021,1,16871.3,16273.06
2035,2021,1,2022,2,7536.42,23542.25
2035,2021,2,2023,3,2365.37,25823.75
2035,2021,3,2024,4,461.63,26269
2036,2021,0,2021,1,1545.66,1545.66
2036,2021,1,2022,2,922.6,2468.26
2036,2021,2,2023,3,131.01,2599.26
2036,2021,3,2024,4,99.99,2699.25
2037,2021,0,2021,1,393.09,385.66
2037,2021,1,2022,2,201.46,583.32
2037,2021,2,2023,3,45.86,628.31
2037,2021,3,2024,4,32.53,660.23
2038,2021,0,2021,1,1921.33,1921.33
2038,2021,1,2022,2,824.16,2745.49
2038,2021,2,2023,3,301.28,3046.77
2038,2021,3,2024,4,69.51,3116.28
2039,2021,0,2021,1,1818.42,1795.12
2039,2021,1,2022,2,645.45,2432.29
2039,2021,2,2023,3,319.7,2747.89
2039,2021,3,2024,4,123.38,2869.69
2040,2021,0,2021,1,2683.56,2545.7
2040,2021,1,2022,2,1022.78,3515.94
2040,2021,2,2023,3,392.29,3888.08
2040,2021,3,2024,4,27.26,3913.93
2041,2021,0,2021,1,2351.29,2310.55
2041,2021,1,2022,2,945.6,3239.76
2041,2021,2,2023,3,506.18,3737.17
2041,2021,3,2024,4,70.04,3806
2042,2021,0,2021,1,8931,8812.27
2042,2021,1,2022,2,4065.66,12823.88
2042,2021,2,2023,3,1613.22,14415.65
2042,2021,3,2024,4,587.91,14995.74
2045,2021,0,2021,1,5992.27,5806.88
2045,2021,1,2022,2,2476.57,8206.83
2045,2021,2,2023,3,568.14,8757.4
2045,2021,3,2024,4,769.2,9502.79
2046,2021,0,2021,1,51337.19,51337.19
2046,2021,1,2022,2,19886.78,71223.97
2046,2021,2,2023,3,8974.51,80198.48
2046,2021,3,2024,4,3077.66,83276.14
2047,2021,0,2021,1,15222.21,15222.21
2047,2021,1,2022,2,5619.94,20842.15
2047,2021,2,2023,3,2762.97,23605.13
2047,2021,3,2024,4,475.47,24080.6
2050,2021,0,2021,1,20396.78,20396.78
2050,2021,1,2022,2,10961.12,31357.9
2050,2021,2,2023,3,1414.69,32772.59
2050,2021,3,2024,4,1917.87,34690.46
2051,2021,0,2021,1,2466.95,2466.95
2051,2021,1,2022,2,1129.91,3596.87
2051,2021,2,2023,3,550.42,4147.29
2051,2021,3,2024,4,73.41,4220.7
2052,2021,0,2021,1,4634.59,4634.59
2052,2021,1,2022,2,1788.51,6423.1
2052,2021,2,2023,3,1100.3,7523.4
2052,2021,3,2024,4,0,7523.4
2053,2021,0,2021,1,3217.61,3061.62
2053,2021,1,2022,2,1199.54,4203.01
2053,2021,2,2023,3,507.4,4685.81
2053,2021,3,2024,4,154.51,4832.83
2054,2021,0,2021,1,850.79,841.49
2054,2021,1,2022,2,308.79,1146.91
2054,2021,2,2023,3,110.54,1256.24
2054,2021,3,2024,4,86.64,1341.93
2055,2021,0,2021,1,9401.47,9301.07
2055,2021,1,2022,2,4767.06,14017.22
2055,2021,2,2023,3,1051.6,15057.58
2055,2021,3,2024,4,804.87,15853.86
2056,2021,0,2021,1,1546.12,1492.51
2056,2021,1,2022,2,702.02,2170.19
2056,2021,2,2023,3,202.25,2365.43
2056,2021,3,2024,4,107.87,2469.56
2057,2021,0,2021,1,4453.28,4446
2057,2021,1,2022,2,2121.24,6563.77
2057,2021,2,2023,3,403.99,6967.1
2057,2021,3,2024,4,355.91,7322.43
2058,2021,0,2021,1,30783.65,30418.37
2058,2021,1,2022,2,11933.86,42210.62
2058,2021,2,2023,3,5406.93,47553.39
2058,2021,3,2024,4,2151.14,49679.01
2059,2021,0,2021,1,1771.75,1771.75
2059,2021,1,2022,2,740.29,2512.04
2059,2021,2,2023,3,58.65,2570.69
2059,2021,3,2024,4,373.17,2943.86
2060,2021,0,2021,1,2652,2499.03
2060,2021,1,2022,2,1042.35,3481.25
2060,2021,2,2023,3,248.35,3715.27
2060,2021,3,2024,4,306.3,4003.9
2061,2021,0,2021,1,5301.56,5259.67
2061,2021,1,2022,2,1971.06,7215.15
2061,2021,2,2023,3,1182.89,8388.69
2061,2021,3,2024,4,205.95,8593.02
2062,2021,0,2021,1,10942.55,10786.94
2062,2021,1,2022,2,4730.64,15450.3
2062,2021,2,2023,3,2015.48,17437.12
2062,2021,3,2024,4,1072.08,18493.95
2063,2021,0,2021,1,7066.5,6696.7
2063,2021,1,2022,2,2966.16,9507.64
2063,2021,2,2023,3,1231.65,10674.83
2063,2021,3,2024,4,22.13,10695.8
2064,2021,0,2021,1,8367.51,8049.94
2064,2021,1,2022,2,2901.7,10841.52
2064,2021,2,2023,3,426.02,11251.37
2064,2021,3,2024,4,727,11950.77
2065,2021,0,2021,1,24452.79,24452.79
2065,2021,1,2022,2,9634.61,34087.4
2065,2021,2,2023,3,4825.78,38913.18
2065,2021,3,2024,4,1587.68,40500.86
2067,2021,0,2021,1,7878.91,7663.98
2067,2021,1,2022,2,3772.45,11333.52
2067,2021,2,2023,3,828.75,12139.67
2067,2021,3,2024,4,334.35,12464.9
2069,2021,0,2021,1,8237.65,8237.65
2069,2021,1,2022,2,3414.3,11651.95
2069,2021,2,2023,3,1900.01,13551.96
2069,2021,3,2024,4,838.92,14390.88
2070,2021,0,2021,1,9014.98,8770.98
2070,2021,1,2022,2,3837.44,12504.57
2070,2021,2,2023,3,1924.09,14376.58
2070,2021,3,2024,4,66.89,14441.66
2071,2021,0,2021,1,11672.85,11153.52
2071,2021,1,2022,2,4420.67,15377.51
2071,2021,2,2023,3,1585.74,16892.7
2071,2021,3,2024,4,319.65,17198.13
2072,2021,0,2021,1,653.75,644.31
2072,2021,1,2022,2,281.75,921.99
2072,2021,2,2023,3,114.65,1034.99
2072,2021,3,2024,4,63.86,1097.93
2073,2021,0,2021,1,3907.06,3801.86
2073,2021,1,2022,2,1512.35,5273.49
2073,2021,2,2023,3,712.16,5966.48
2073,2021,3,2024,4,90.86,6054.89
2074,2021,0,2021,1,20490.84,20490.84
2074,2021,1,2022,2,10233.83,30724.68
2074,2021,2,2023,3,763.77,31488.44
2074,2021,3,2024,4,2496.24,33984.68
2076,2021,0,2021,1,5013.87,4998.29
2076,2021,1,2022,2,2680.44,7670.4
2076,2021,2,2023,3,116.65,7786.69
2076,2021,3,2024,4,692.96,8477.5
2077,2021,0,2021,1,40319.91,38791.85
2077,2021,1,2022,2,13024.48,51322.73
2077,2021,2,2023,3,1741.29,52998.03
2077,2021,3,2024,4,5525.24,58313.87
2078,2021,0,2021,1,15187.2,15180.93
2078,2021,1,2022,2,6898.93,22077
2078,2021,2,2023,3,1687.81,23764.12
2078,2021,3,2024,4,1407.67,25171.21
2079,2021,0,2021,1,13666.9,13262.03
2079,2021,1,2022,2,4933.59,18049.47
2079,2021,2,2023,3,2003.76,19993.87
2079,2021,3,2024,4,938.28,20904.35
2080,2021,0,2021,1,10890.79,10676.63
2080,2021,1,2022,2,4349.52,14940.62
2080,2021,2,2023,3,2254.53,17150.82
2080,2021,3,2024,4,991.78,18123.09
2081,2021,0,2021,1,3865.9,3816.39
2081,2021,1,2022,2,1905.97,5697.96
2081,2021,2,2023,3,451.01,6143.19
2081,2021,3,2024,4,257.47,6397.37
2082,2021,0,2021,1,16371.8,16340.02
2082,2021,1,2022,2,5498.3,21827.65
2082,2021,2,2023,3,4171.52,25991.07
2082,2021,3,2024,4,1805.73,27793.3
2084,2021,0,2021,1,886.21,886.21
2084,2021,1,2022,2,330.89,1217.09
2084,2021,2,2023,3,232.62,1449.71
2084,2021,3,2024,4,21.93,1471.64
2086,2021,0,2021,1,5672.83,5404.95
2086,2021,1,2022,2,2158.8,7461.81
2086,2021,2,2023,3,510.81,7948.5
2086,2021,3,2024,4,354.37,8286.14
2087,2021,0,2021,1,10393.71,10393.71
2087,2021,1,2022,2,4602.28,14996
2087,2021,2,2023,3,1979.48,16975.48
2087,2021,3,2024,4,0,16975.48
2089,2021,0,2021,1,16875.17,15897.18
2089,2021,1,2022,2,6973.01,22466.07
2089,2021,2,2023,3,2732.84,25040.53
2089,2021,3,2024,4,216.92,25244.88
2090,2021,0,2021,1,22406.64,22406.64
2090,2021,1,2022,2,8294.75,30701.39
2090,2021,2,2023,3,6147.89,36849.28
2090,2021,3,2024,4,1402.71,38251.99
2092,2021,0,2021,1,15050.12,14921.41
2092,2021,1,2022,2,7241.66,22101.14
2092,2021,2,2023,3,1811.31,23896.95
2092,2021,3,2024,4,517.36,24409.89
2093,2021,0,2021,1,1444.89,1444.89
2093,2021,1,2022,2,521.98,1966.88
2093,2021,2,2023,3,273.21,2240.09
2093,2021,3,2024,4,92.63,2332.72
2094,2021,0,2021,1,2702.17,2660.51
2094,2021,1,2022,2,927.86,3574.06
2094,2021,2,2023,3,423.96,3991.48
2094,2021,3,2024,4,194.16,4182.65
2095,2021,0,2021,1,22184.62,22184.62
2095,2021,1,2022,2,9261.52,31446.14
2095,2021,2,2023,3,3670.25,35116.39
2095,2021,3,2024,4,2281.2,37397.59
2096,2021,0,2021,1,407.41,407.41
2096,2021,1,2022,2,159.94,567.34
2096,2021,2,2023,3,96.88,664.22
2096,2021,3,2024,4,16.16,680.38
2098,2021,0,2021,1,13542.94,12976.66
2098,2021,1,2022,2,5340.19,18093.55
2098,2021,2,2023,3,1853.38,19869.43
2098,2021,3,2024,4,99.46,19964.73
2099,2021,0,2021,1,16571.91,16349.41
2099,2021,1,2022,2,7428.66,23678.33
2099,2021,2,2023,3,2458.86,26104.18
2099,2021,3,2024,4,546.56,26643.4
2100,2021,0,2021,1,5869.05,5827.06
2100,2021,1,2022,2,2202.08,8013.38
2100,2021,2,2023,3,1164.49,9169.54
2100,2021,3,2024,4,295.14,9462.57
2102,2021,0,2021,1,29421.66,28630.24
2102,2021,1,2022,2,13822.21,42080.65
2102,2021,2,2023,3,1888.47,43918.31
2102,2021,3,2024,4,3176.17,47009.05
2103,2021,0,2021,1,23907.29,23907.29
2103,2021,1,2022,2,10253.13,34160.42
2103,2021,2,2023,3,2885.43,37045.85
2103,2021,3,2024,4,3609.33,40655.18
2104,2021,0,2021,1,5507.91,5507.91
2104,2021,1,2022,2,2620.24,8128.15
2104,2021,2,2023,3,588.62,8716.76
2104,2021,3,2024,4,682.95,9399.71
2106,2021,0,2021,1,5725.64,5725.64
2106,2021,1,2022,2,1600.05,7325.69
2106,2021,2,2023,3,1292.63,8618.32
2106,2021,3,2024,4,786.65,9404.97
2108,2021,0,2021,1,20998.56,20818.26
2108,2021,1,2022,2,7372.83,28127.79
2108,2021,2,2023,3,4094.55,32187.18
2108,2021,3,2024,4,993.36,33172.02
2111,2021,0,2021,1,13589.81,12738.09
2111,2021,1,2022,2,6434.94,18769.73
2111,2021,2,2023,3,1328.28,20014.77
2111,2021,3,2024,4,528,20509.68
2112,2021,0,2021,1,7679.67,7177.94
2112,2021,1,2022,2,3299.03,10261.43
2112,2021,2,2023,3,1058.26,11250.55
2112,2021,3,2024,4,69.24,11315.27
2113,2021,0,2021,1,3523.23,3411.21
2113,2021,1,2022,2,1262.86,4633.91
2113,2021,2,2023,3,826.05,5433.7
2113,2021,3,2024,4,193.61,5621.15
2116,2021,0,2021,1,10248.02,10034.68
2116,2021,1,2022,2,5227,15152.86
2116,2021,2,2023,3,1446.95,16569.69
2116,2021,3,2024,4,388.81,16950.4
2119,2021,0,2021,1,9723.85,9422.45
2119,2021,1,2022,2,4252.33,13542.97
2119,2021,2,2023,3,550.01,14075.93
2119,2021,3,2024,4,1210.97,15249.37
2121,2021,0,2021,1,7957.46,7847.85
2121,2021,1,2022,2,2639.54,10451.03
2121,2021,2,2023,3,1847.47,12273.05
2121,2021,3,2024,4,469.43,12736.02
2122,2021,0,2021,1,4895.98,4850.19
2122,2021,1,2022,2,2457.82,7285.02
2122,2021,2,2023,3,995.78,8271.48
2122,2021,3,2024,4,90.62,8361.25
2123,2021,0,2021,1,3837.11,3789.93
2123,2021,1,2022,2,1530.37,5301.49
2123,2021,2,2023,3,927.14,6217.23
2123,2021,3,2024,4,85.48,6301.66
2125,2021,0,2021,1,199.34,198.14
2125,2021,1,2022,2,75.44,273.13
2125,2021,2,2023,3,44.64,317.51
2125,2021,3,2024,4,3.74,321.22
2127,2021,0,2021,1,21757.04,21359.04
2127,2021,1,2022,2,8987.64,30182.27
2127,2021,2,2023,3,4372.57,34474.84
2127,2021,3,2024,4,680.54,35142.94
2128,2021,0,2021,1,6112.75,6070.66
2128,2021,1,2022,2,2570.13,8623.09
2128,2021,2,2023,3,978.85,9595.2
2128,2021,3,2024,4,466.78,10058.77
2129,2021,0,2021,1,11449.88,11449.88
2129,2021,1,2022,2,5178.94,16628.82
2129,2021,2,2023,3,1328.72,17957.54
2129,2021,3,2024,4,1219.73,19177.27
2130,2021,0,2021,1,25653.24,25249.6
2130,2021,1,2022,2,12421.9,37476.05
2130,2021,2,2023,3,3291.8,40716.05
2130,2021,3,2024,4,819.52,41522.67
2131,2021,0,2021,1,18081.56,18081.56
2131,2021,1,2022,2,8754.7,26836.26
2131,2021,2,2023,3,3645.19,30481.45
2131,2021,3,2024,4,242.04,30723.49
2132,2021,0,2021,1,7264.31,7188.54
2132,2021,1,2022,2,2710.92,9871.18
2132,2021,2,2023,3,1105.21,10964.86
2132,2021,3,2024,4,520.5,11479.93
2136,2021,0,2021,1,119323.15,119323.15
2136,2021,1,2022,2,48709.53,168032.68
2136,2021,2,2023,3,20054.95,188087.63
2136,2021,3,2024,4,6213.23,194300.86
2137,2021,0,2021,1,5059.75,4972.84
2137,2021,1,2022,2,2008.47,6946.8
2137,2021,2,2023,3,942.13,7872.75
2137,2021,3,2024,4,274.89,8142.92
2139,2021,0,2021,1,5530.45,5136.9
2139,2021,1,2022,2,1923.26,6923.3
2139,2021,2,2023,3,822.38,7687.16
2139,2021,3,2024,4,157.2,7833.17
2141,2021,0,2021,1,6229.63,6044.96
2141,2021,1,2022,2,2752.16,8715.53
2141,2021,2,2023,3,710.91,9405.37
2141,2021,3,2024,4,4.98,9410.2
2142,2021,0,2021,1,13236.62,13190.72
2142,2021,1,2022,2,4380.2,17555.73
2142,2021,2,2023,3,3722.08,21264.9
2142,2021,3,2024,4,286.21,21550.11
2143,2021,0,2021,1,4964.48,4964.48
2143,2021,1,2022,2,2203.58,7168.07
2143,2021,2,2023,3,123.11,7291.17
2143,2021,3,2024,4,810.3,8101.47
2145,2021,0,2021,1,8179.41,7729.84
2145,2021,1,2022,2,4009.83,11519.27
2145,2021,2,2023,3,1039.29,12501.44
2145,2021,3,2024,4,203.44,12693.7
2147,2021,0,2021,1,1815.97,1721.67
2147,2021,1,2022,2,623.63,2312.92
2147,2021,2,2023,3,253.68,2553.42
2147,2021,3,2024,4,112.05,2659.65
2148,2021,0,2021,1,17982.67,17366.56
2148,2021,1,2022,2,5207.07,22395.23
2148,2021,2,2023,3,4493.18,26734.47
2148,2021,3,2024,4,969.88,27671.12
2149,2021,0,2021,1,4475.53,4475.53
2149,2021,1,2022,2,2139.62,6615.15
2149,2021,2,2023,3,827.22,7442.37
2149,2021,3,2024,4,273.18,7715.55
2150,2021,0,2021,1,4456.28,4359.36
2150,2021,1,2022,2,1839.42,6158.77
2150,2021,2,2023,3,781.12,6922.89
2150,2021,3,2024,4,232.81,7150.64
2151,2021,0,2021,1,16617.21,16617.21
2151,2021,1,2022,2,7240.83,23858.04
2151,2021,2,2023,3,1330.02,25188.06
2151,2021,3,2024,4,2601.61,27789.67
2153,2021,0,2021,1,1981.67,1981.67
2153,2021,1,2022,2,1001.17,2982.84
2153,2021,2,2023,3,207.26,3190.1
2153,2021,3,2024,4,173.55,3363.65
2154,2021,0,2021,1,7360.79,7360.79
2154,2021,1,2022,2,3712.86,11073.65
2154,2021,2,2023,3,502.29,11575.94
2154,2021,3,2024,4,643.75,12219.69
2156,2021,0,2021,1,4455.32,4455.32
2156,2021,1,2022,2,1841.65,6296.97
2156,2021,2,2023,3,518.19,6815.16
2156,2021,3,2024,4,456.15,7271.31
2157,2021,0,2021,1,6449.4,6407.36
2157,2021,1,2022,2,2878.44,9267.04
2157,2021,2,2023,3,1102.7,10362.55
2157,2021,3,2024,4,721.7,11079.55
2158,2021,0,2021,1,3339.41,3332.01
2158,2021,1,2022,2,1636.94,4965.33
2158,2021,2,2023,3,377.6,5342.09
2158,2021,3,2024,4,230.72,5572.3
2159,2021,0,2021,1,11604.05,11284.57
2159,2021,1,2022,2,4986.97,16134.25
2159,2021,2,2023,3,699.76,16814.75
2159,2021,3,2024,4,1177.64,17959.96
2160,2021,0,2021,1,13861.85,13861.85
2160,2021,1,2022,2,6312.82,20174.67
2160,2021,2,2023,3,2559.5,22734.17
2160,2021,3,2024,4,1138.27,23872.44
2161,2021,0,2021,1,6747.26,6717.41
2161,2021,1,2022,2,2895.62,9600.21
2161,2021,2,2023,3,1268.81,10863.4
2161,2021,3,2024,4,15.67,10879
2162,2021,0,2021,1,4580.73,4482.1
2162,2021,1,2022,2,1625.58,6072.68
2162,2021,2,2023,3,582.92,6643.05
2162,2021,3,2024,4,358.44,6993.78
2163,2021,0,2021,1,15843.51,15700.34
2163,2021,1,2022,2,5946.73,21593.34
2163,2021,2,2023,3,2809.23,24377.19
2163,2021,3,2024,4,2208.1,26565.33
2165,2021,0,2021,1,39006.07,39006.07
2165,2021,1,2022,2,19598.45,58604.52
2165,2021,2,2023,3,2056.58,60661.1
2165,2021,3,2024,4,6061.62,66722.72
2166,2021,0,2021,1,3191.55,3191.55
2166,2021,1,2022,2,1500.02,4691.57
2166,2021,2,2023,3,630,5321.56
2166,2021,3,2024,4,157.93,5479.49
2167,2021,0,2021,1,810.85,791.72
2167,2021,1,2022,2,259.63,1045.23
2167,2021,2,2023,3,198.94,1239.47
2167,2021,3,2024,4,49.48,1287.79
2168,2021,0,2021,1,37417.95,36575.39
2168,2021,1,2022,2,19091.9,55237.39
2168,2021,2,2023,3,3860.64,59011.09
2168,2021,3,2024,4,2403.39,61360.36
2169,2021,0,2021,1,20452.17,20438.94
2169,2021,1,2022,2,8997.14,29430.26
2169,2021,2,2023,3,2733.33,32161.83
2169,2021,3,2024,4,2406.05,34566.32
2170,2021,0,2021,1,1417.69,1339.49
2170,2021,1,2022,2,603.44,1909.65
2170,2021,2,2023,3,263.6,2158.71
2170,2021,3,2024,4,40.79,2197.25
2171,2021,0,2021,1,495.1,495.1
2171,2021,1,2022,2,312.07,807.16
2171,2021,2,2023,3,20.75,827.91
2171,2021,3,2024,4,83.52,911.43
2172,2021,0,2021,1,8889,8767.61
2172,2021,1,2022,2,3439.77,12160.41
2172,2021,2,2023,3,1879.18,14013.93
2172,2021,3,2024,4,40.32,14053.7
2173,2021,0,2021,1,54135.31,54135.31
2173,2021,1,2022,2,30294.67,84429.98
2173,2021,2,2023,3,4882.74,89312.72
2173,2021,3,2024,4,6392.98,95705.7
2175,2021,0,2021,1,10373.41,10175.55
2175,2021,1,2022,2,4070,14167.92
2175,2021,2,2023,3,2243.91,16369.03
2175,2021,3,2024,4,567.45,16925.66
2178,2021,0,2021,1,7106.79,7106.79
2178,2021,1,2022,2,3231.8,10338.59
2178,2021,2,2023,3,1392.14,11730.73
2178,2021,3,2024,4,255.4,11986.13
2179,2021,0,2021,1,17641.11,17124.53
2179,2021,1,2022,2,6909.27,23831.47
2179,2021,2,2023,3,3724.23,27446.65
2179,2021,3,2024,4,628.58,28056.82
2180,2021,0,2021,1,9133.23,8933.81
2180,2021,1,2022,2,3937.14,12784.99
2180,2021,2,2023,3,1623.7,14373.24
2180,2021,3,2024,4,244.18,14612.09
2181,2021,0,2021,1,1244.98,1225.09
2181,2021,1,2022,2,566.72,1782.76
2181,2021,2,2023,3,205.2,1984.68
2181,2021,3,2024,4,74.33,2057.82
2182,2021,0,2021,1,17788.15,17066.29
2182,2021,1,2022,2,9234.48,25926.02
2182,2021,2,2023,3,1737.34,27592.86
2182,2021,3,2024,4,838.1,28396.95
2183,2021,0,2021,1,835.76,835.76
2183,2021,1,2022,2,268.52,1104.29
2183,2021,2,2023,3,155.49,1259.78
2183,2021,3,2024,4,81.66,1341.44
2184,2021,0,2021,1,5126.74,5064.37
2184,2021,1,2022,2,2408.87,7443.94
2184,2021,2,2023,3,828.72,8262.58
2184,2021,3,2024,4,479.03,8735.78
2185,2021,0,2021,1,7626.2,7598.47
2185,2021,1,2022,2,2674.5,10263.25
2185,2021,2,2023,3,1067.32,11326.7
2185,2021,3,2024,4,1045.12,12368.02
2186,2021,0,2021,1,10317.86,10317.86
2186,2021,1,2022,2,4910.66,15228.52
2186,2021,2,2023,3,2202.2,17430.71
2186,2021,3,2024,4,390.57,17821.28
2187,2021,0,2021,1,6555.73,6367.55
2187,2021,1,2022,2,2687.08,8977.49
2187,2021,2,2023,3,1453.7,10389.47
2187,2021,3,2024,4,81.84,10468.96
2189,2021,0,2021,1,3696.26,3696.26
2189,2021,1,2022,2,1657.72,5353.98
2189,2021,2,2023,3,757.87,6111.85
2189,2021,3,2024,4,193.02,6304.87
2190,2021,0,2021,1,20873.47,20322.91
2190,2021,1,2022,2,8622.3,28717.78
2190,2021,2,2023,3,4368.88,32971.43
2190,2021,3,2024,4,734.4,33686.46
2191,2021,0,2021,1,625.05,625.05
2191,2021,1,2022,2,243.86,868.9
2191,2021,2,2023,3,87.2,956.11
2191,2021,3,2024,4,81.83,1037.94
2192,2021,0,2021,1,12377.88,12366.41
2192,2021,1,2022,2,5218.53,17580.1
2192,2021,2,2023,3,2480.87,20058.67
2192,2021,3,2024,4,336.28,20394.65
2193,2021,0,2021,1,1838.36,1838.36
2193,2021,1,2022,2,1044.49,2882.85
2193,2021,2,2023,3,311.17,3194.02
2193,2021,3,2024,4,120.49,3314.51
2196,2021,0,2021,1,3285.94,3285.94
2196,2021,1,2022,2,1437.04,4722.98
2196,2021,2,2023,3,555.44,5278.42
2196,2021,3,2024,4,329.84,5608.26
2197,2021,0,2021,1,13807.06,13446.07
2197,2021,1,2022,2,4341.12,17673.69
2197,2021,2,2023,3,3468.43,21051.44
2197,2021,3,2024,4,312.83,21356.1
2198,2021,0,2021,1,1007.29,1007.29
2198,2021,1,2022,2,436.91,1444.2
2198,2021,2,2023,3,269.71,1713.91
2198,2021,3,2024,4,13.85,1727.76
2199,2021,0,2021,1,6463.55,6463.55
2199,2021,1,2022,2,3613.51,10077.06
2199,2021,2,2023,3,758.84,10835.89
2199,2021,3,2024,4,260.77,11096.66
2200,2021,0,2021,1,627.74,601.91
2200,2021,1,2022,2,306.54,895.83
2200,2021,2,2023,3,58.39,951.81
2200,2021,3,2024,4,15.42,966.6
2201,2021,0,2021,1,7824.75,7824.75
2201,2021,1,2022,2,3887.49,11712.24
2201,2021,2,2023,3,512.03,12224.27
2201,2021,3,2024,4,1239.81,13464.08
2202,2021,0,2021,1,1515.42,1486.32
2202,2021,1,2022,2,599.52,2074.33
2202,2021,2,2023,3,63.75,2136.85
2202,2021,3,2024,4,284.77,2416.16
2203,2021,0,2021,1,5099.99,4867.18
2203,2021,1,2022,2,2449.5,7204.86
2203,2021,2,2023,3,582.34,7760.61
2203,2021,3,2024,4,83.71,7840.51
2204,2021,0,2021,1,6788.5,6788.5
2204,2021,1,2022,2,2674.63,9463.13
2204,2021,2,2023,3,1474.65,10937.78
2204,2021,3,2024,4,323.6,11261.38
2205,2021,0,2021,1,95553.68,95553.68
2205,2021,1,2022,2,38580.63,134134.31
2205,2021,2,2023,3,14353.93,148488.24
2205,2021,3,2024,4,8118.58,156606.82
2208,2021,0,2021,1,7898.98,7898.98
2208,2021,1,2022,2,3444.22,11343.2
2208,2021,2,2023,3,1133.1,12476.3
2208,2021,3,2024,4,1046.44,13522.74
2209,2021,0,2021,1,27015.06,25846.58
2209,2021,1,2022,2,12368.89,37680.49
2209,2021,2,2023,3,4599.46,42081
2209,2021,3,2024,4,370.15,42435.14
2211,2021,0,2021,1,12313.78,12135.26
2211,2021,1,2022,2,5158.46,17218.94
2211,2021,2,2023,3,1818.13,19010.71
2211,2021,3,2024,4,439.11,19443.45
2212,2021,0,2021,1,19777.42,19777.42
2212,2021,1,2022,2,8494.85,28272.26
2212,2021,2,2023,3,2894.99,31167.25
2212,2021,3,2024,4,1875.76,33043.01
2216,2021,0,2021,1,6626.2,6626.2
2216,2021,1,2022,2,3317.23,9943.43
2216,2021,2,2023,3,932.55,10875.99
2216,2021,3,2024,4,691.85,11567.84
2217,2021,0,2021,1,24328.55,24328.55
2217,2021,1,2022,2,8474.79,32803.34
2217,2021,2,2023,3,3266.29,36069.63
2217,2021,3,2024,4,2288.78,38358.41
2218,2021,0,2021,1,8807.54,8807.54
2218,2021,1,2022,2,4230.9,13038.43
2218,2021,2,2023,3,1491.13,14529.57
2218,2021,3,2024,4,841.39,15370.96
2219,2021,0,2021,1,2719.54,2684.84
2219,2021,1,2022,2,1170.77,3840.67
2219,2021,2,2023,3,274.16,4111.33
2219,2021,3,2024,4,159.63,4268.92
2222,2021,0,2021,1,7573.21,7360.93
2222,2021,1,2022,2,3302.91,10571.27
2222,2021,2,2023,3,1304.77,11839.47
2222,2021,3,2024,4,449.9,12276.76
2223,2021,0,2021,1,3010.01,2887.22
2223,2021,1,2022,2,1007.67,3853.79
2223,2021,2,2023,3,414.13,4251.02
2223,2021,3,2024,4,176.26,4420.09
2224,2021,0,2021,1,30174.55,28982.17
2224,2021,1,2022,2,11932.65,40443.29
2224,2021,2,2023,3,5506.62,45732.31
2224,2021,3,2024,4,2059.01,47709.96
2226,2021,0,2021,1,4320.41,4170.84
2226,2021,1,2022,2,1837.16,5944.4
2226,2021,2,2023,3,615.92,6539
2226,2021,3,2024,4,333.09,6860.56
2227,2021,0,2021,1,943.72,943.72
2227,2021,1,2022,2,402.63,1346.35
2227,2021,2,2023,3,281.31,1627.66
2227,2021,3,2024,4,41.76,1669.42
2228,2021,0,2021,1,4388.02,4293.55
2228,2021,1,2022,2,1705.76,5962.59
2228,2021,2,2023,3,502.18,6453.96
2228,2021,3,2024,4,376.03,6821.89
2229,2021,0,2021,1,87877.22,87877.22
2229,2021,1,2022,2,40822.64,128699.85
2229,2021,2,2023,3,18507.09,147206.94
2229,2021,3,2024,4,5095.59,152302.53
2230,2021,0,2021,1,7129.65,7129.65
2230,2021,1,2022,2,3579.3,10708.96
2230,2021,2,2023,3,1445.3,12154.25
2230,2021,3,2024,4,706.16,12860.41
2231,2021,0,2021,1,15729.86,15592.85
2231,2021,1,2022,2,5770.09,21312.69
2231,2021,2,2023,3,4029.24,25306.84
2231,2021,3,2024,4,63.1,25369.39
2232,2021,0,2021,1,9194.57,8939.17
2232,2021,1,2022,2,3757.49,12592.29
2232,2021,2,2023,3,1271.61,13828.58
2232,2021,3,2024,4,917.61,14720.7
2233,2021,0,2021,1,1827.42,1734.92
2233,2021,1,2022,2,751.7,2448.58
2233,2021,2,2023,3,212.51,2650.34
2233,2021,3,2024,4,133.59,2777.16
2235,2021,0,2021,1,78147.13,75992.72
2235,2021,1,2022,2,27861.47,103086.1
2235,2021,2,2023,3,8640.62,111488.51
2235,2021,3,2024,4,6330.63,117644.62
2236,2021,0,2021,1,6517.26,6404.36
2236,2021,1,2022,2,2932.76,9286.31
2236,2021,2,2023,3,1071.49,10339.24
2236,2021,3,2024,4,321.49,10655.16
2237,2021,0,2021,1,11737.25,11248.13
2237,2021,1,2022,2,5022.09,16060.94
2237,2021,2,2023,3,1798.51,17784.5
2237,2021,3,2024,4,454.5,18220.06
2238,2021,0,2021,1,11958.75,11958.75
2238,2021,1,2022,2,3662.99,15621.73
2238,2021,2,2023,3,2216.27,17838.01
2238,2021,3,2024,4,581.97,18419.98
2239,2021,0,2021,1,2920.61,2920.61
2239,2021,1,2022,2,1060.49,3981.1
2239,2021,2,2023,3,394.91,4376.01
2239,2021,3,2024,4,582.05,4958.06
2240,2021,0,2021,1,10782.32,10533.89
2240,2021,1,2022,2,6503.5,16887.55
2240,2021,2,2023,3,728.07,17598.84
2240,2021,3,2024,4,1135.58,18708.26
2241,2021,0,2021,1,1552.75,1552.75
2241,2021,1,2022,2,576.1,2128.85
2241,2021,2,2023,3,395.03,2523.89
2241,2021,3,2024,4,61.05,2584.94
2242,2021,0,2021,1,7364.04,7364.04
2242,2021,1,2022,2,2741.22,10105.26
2242,2021,2,2023,3,1100.83,11206.1
2242,2021,3,2024,4,686.19,11892.29
2243,2021,0,2021,1,19036.57,18995.38
2243,2021,1,2022,2,8689.12,27665.7
2243,2021,2,2023,3,4407.93,32064.09
2243,2021,3,2024,4,693.33,32755.92
2246,2021,0,2021,1,7379.17,7379.17
2246,2021,1,2022,2,2928.89,10308.06
2246,2021,2,2023,3,1181.16,11489.22
2246,2021,3,2024,4,564.72,12053.94
2247,2021,0,2021,1,2918.2,2918.2
2247,2021,1,2022,2,1393.8,4312
2247,2021,2,2023,3,490.67,4802.67
2247,2021,3,2024,4,453.65,5256.32
2248,2021,0,2021,1,13566.36,13566.36
2248,2021,1,2022,2,5982.43,19548.79
2248,2021,2,2023,3,2963.86,22512.65
2248,2021,3,2024,4,1199.17,23711.82
2250,2021,0,2021,1,242.12,242.12
2250,2021,1,2022,2,84.81,326.93
2250,2021,2,2023,3,24.91,351.83
2250,2021,3,2024,4,35.58,387.41
2251,2021,0,2021,1,7814.62,7774.85
2251,2021,1,2022,2,3755.96,11511.69
2251,2021,2,2023,3,1711.88,13214.86
2251,2021,3,2024,4,71.83,13286.32
2252,2021,0,2021,1,5633.7,5633.7
2252,2021,1,2022,2,2111.92,7745.62
2252,2021,2,2023,3,1165.3,8910.92
2252,2021,3,2024,4,224.33,9135.25
2253,2021,0,2021,1,26264.49,25458.1
2253,2021,1,2022,2,9894.33,35048.64
2253,2021,2,2023,3,5042.58,39936.4
2253,2021,3,2024,4,487.09,40408.54
2254,2021,0,2021,1,21668.1,21668.1
2254,2021,1,2022,2,9644.94,31313.04
2254,2021,2,2023,3,4519.82,35832.86
2254,2021,3,2024,4,1455.07,37287.93
2255,2021,0,2021,1,2547.5,2537.86
2255,2021,1,2022,2,1126.45,3660.05
2255,2021,2,2023,3,404.38,4062.9
2255,2021,3,2024,4,218.84,4280.91
2256,2021,0,2021,1,7029.67,6814.58
2256,2021,1,2022,2,2903.8,9629.53
2256,2021,2,2023,3,483.14,10097.89
2256,2021,3,2024,4,600.55,10680.06
2257,2021,0,2021,1,5039.99,5039.99
2257,2021,1,2022,2,1931.77,6971.76
2257,2021,2,2023,3,1454.29,8426.05
2257,2021,3,2024,4,258.13,8684.18
2258,2021,0,2021,1,1358.24,1336.55
2258,2021,1,2022,2,553.35,1881.06
2258,2021,2,2023,3,273,2149.71
2258,2021,3,2024,4,57.47,2206.26
2259,2021,0,2021,1,22358.48,20973.68
2259,2021,1,2022,2,9719.43,30091.12
2259,2021,2,2023,3,859.07,30896.98
2259,2021,3,2024,4,2317.67,33071.1
2260,2021,0,2021,1,32026.95,31249.25
2260,2021,1,2022,2,13647.03,44564.89
2260,2021,2,2023,3,3378.04,47860.9
2260,2021,3,2024,4,1914.89,49729.29
2262,2021,0,2021,1,20566.73,20566.73
2262,2021,1,2022,2,9195.46,29762.19
2262,2021,2,2023,3,5231.64,34993.83
2262,2021,3,2024,4,410.2,35404.03
2263,2021,0,2021,1,782.42,771.48
2263,2021,1,2022,2,360.26,1126.71
2263,2021,2,2023,3,93.38,1218.78
2263,2021,3,2024,4,29.28,1247.65
2264,2021,0,2021,1,2869.46,2869.46
2264,2021,1,2022,2,1236.27,4105.72
2264,2021,2,2023,3,554.76,4660.48
2264,2021,3,2024,4,240.72,4901.2
2265,2021,0,2021,1,41.15,41.15
2265,2021,1,2022,2,18.16,59.31
2265,2021,2,2023,3,8.66,67.97
2265,2021,3,2024,4,4.49,72.46
2266,2021,0,2021,1,2819.37,2819.37
2266,2021,1,2022,2,1410.19,4229.55
2266,2021,2,2023,3,288.4,4517.95
2266,2021,3,2024,4,392.67,4910.62
2268,2021,0,2021,1,7886.41,7645.18
2268,2021,1,2022,2,3063.73,10615.19
2268,2021,2,2023,3,1479.31,12049.25
2268,2021,3,2024,4,133.18,12178.36
2269,2021,0,2021,1,7259.07,7202.52
2269,2021,1,2022,2,3768.71,10941.88
2269,2021,2,2023,3,677.72,11614.32
2269,2021,3,2024,4,614.91,12224.44
2270,2021,0,2021,1,11356.59,11265.8
2270,2021,1,2022,2,4393.32,15624
2270,2021,2,2023,3,2678.61,18281.19
2270,2021,3,2024,4,327.44,18606.01
2271,2021,0,2021,1,11974.37,11684.92
2271,2021,1,2022,2,5460.93,17013.85
2271,2021,2,2023,3,2093.33,19056.58
2271,2021,3,2024,4,712.76,19752.11
2274,2021,0,2021,1,859.82,859.82
2274,2021,1,2022,2,351.52,1211.33
2274,2021,2,2023,3,94.92,1306.25
2274,2021,3,2024,4,122.66,1428.91
2275,2021,0,2021,1,7364.34,7364.34
2275,2021,1,2022,2,3150.83,10515.17
2275,2021,2,2023,3,1090.46,11605.63
2275,2021,3,2024,4,905.99,12511.62
2276,2021,0,2021,1,2878.15,2878.15
2276,2021,1,2022,2,1256.29,4134.44
2276,2021,2,2023,3,399.85,4534.29
2276,2021,3,2024,4,195.82,4730.11
2279,2021,0,2021,1,2204.21,2143.59
2279,2021,1,2022,2,807.32,2928.71
2279,2021,2,2023,3,356.89,3275.78
2279,2021,3,2024,4,160.21,3431.59
2280,2021,0,2021,1,34181.31,34181.31
2280,2021,1,2022,2,17630.22,51811.53
2280,2021,2,2023,3,5260.86,57072.39
2280,2021,3,2024,4,1391.19,58463.58
2281,2021,0,2021,1,10904.2,10890.42
2281,2021,1,2022,2,4283.94,15168.95
2281,2021,2,2023,3,1660.55,16827.4
2281,2021,3,2024,4,612.43,17439.06
2282,2021,0,2021,1,4731.07,4536.35
2282,2021,1,2022,2,1648.85,6117.34
2282,2021,2,2023,3,964.5,7042.14
2282,2021,3,2024,4,59.87,7099.55
2283,2021,0,2021,1,8660.39,8426.53
2283,2021,1,2022,2,4166.1,12480.12
2283,2021,2,2023,3,1430.1,13871.6
2283,2021,3,2024,4,406.15,14266.79
2285,2021,0,2021,1,7925.26,7840.13
2285,2021,1,2022,2,4515.54,12307.17
2285,2021,2,2023,3,772.7,13071.56
2285,2021,3,2024,4,422.49,13489.52
2287,2021,0,2021,1,1754.56,1754.56
2287,2021,1,2022,2,728.23,2482.8
2287,2021,2,2023,3,375.82,2858.61
2287,2021,3,2024,4,47.89,2906.5
2288,2021,0,2021,1,574.93,550.27
2288,2021,1,2022,2,267.84,806.62
2288,2021,2,2023,3,71.12,874.69
2288,2021,3,2024,4,21.51,895.28
2289,2021,0,2021,1,10405.76,10405.76
2289,2021,1,2022,2,4725.87,15131.63
2289,2021,2,2023,3,2032.94,17164.57
2289,2021,3,2024,4,414.59,17579.16
2292,2021,0,2021,1,684.1,684.1
2292,2021,1,2022,2,240.36,924.46
2292,2021,2,2023,3,174.6,1099.05
2292,2021,3,2024,4,15.66,1114.71
2293,2021,0,2021,1,5293.57,5293.57
2293,2021,1,2022,2,2638.4,7931.97
2293,2021,2,2023,3,1269.89,9201.86
2293,2021,3,2024,4,64.89,9266.75
2295,2021,0,2021,1,5997.51,5997.51
2295,2021,1,2022,2,2056.59,8054.1
2295,2021,2,2023,3,1773.95,9828.05
2295,2021,3,2024,4,437.92,10265.97
2296,2021,0,2021,1,108621.08,108621.08
2296,2021,1,2022,2,31424.35,140045.43
2296,2021,2,2023,3,25917.46,165962.89
2296,2021,3,2024,4,8672.37,174635.26
2297,2021,0,2021,1,63226.55,61337.6
2297,2021,1,2022,2,37912.86,98117.77
2297,2021,2,2023,3,4460.68,102445.18
2297,2021,3,2024,4,4133.75,106455.43
2298,2021,0,2021,1,14669.2,14669.2
2298,2021,1,2022,2,6867.45,21536.66
2298,2021,2,2023,3,3228.78,24765.44
2298,2021,3,2024,4,1689.38,26454.82
2299,2021,0,2021,1,14277.52,14057.04
2299,2021,1,2022,2,5184.93,19161.91
2299,2021,2,2023,3,2646.58,21767.62
2299,2021,3,2024,4,190.27,21954.96
2300,2021,0,2021,1,3372.03,3355.4
2300,2021,1,2022,2,1146.88,4496.63
2300,2021,2,2023,3,1055.31,5546.73
2300,2021,3,2024,4,23.88,5570.5
2301,2021,0,2021,1,6696.81,6576.55
2301,2021,1,2022,2,3070.25,9591.67
2301,2021,2,2023,3,914.61,10489.86
2301,2021,3,2024,4,644.71,11122.99
2302,2021,0,2021,1,8300.75,8245.09
2302,2021,1,2022,2,3960.68,12179.22
2302,2021,2,2023,3,1184.34,13355.62
2302,2021,3,2024,4,437.13,13789.81
2303,2021,0,2021,1,2307.08,2307.08
2303,2021,1,2022,2,915.45,3222.53
2303,2021,2,2023,3,481.89,3704.42
2303,2021,3,2024,4,151.5,3855.92
2304,2021,0,2021,1,13358.89,13164.9
2304,2021,1,2022,2,4439.9,17540.33
2304,2021,2,2023,3,3142.38,20637.08
2304,2021,3,2024,4,472.19,21102.42
2307,2021,0,2021,1,6567.32,6567.32
2307,2021,1,2022,2,3319.22,9886.55
2307,2021,2,2023,3,190.12,10076.67
2307,2021,3,2024,4,1117.87,11194.54
2309,2021,0,2021,1,3564.67,3450.19
2309,2021,1,2022,2,1697.93,5093.59
2309,2021,2,2023,3,66.91,5158.35
2309,2021,3,2024,4,318.8,5466.91
2310,2021,0,2021,1,4034.97,4034.97
2310,2021,1,2022,2,1380.12,5415.09
2310,2021,2,2023,3,801.95,6217.04
2310,2021,3,2024,4,424.62,6641.66
2311,2021,0,2021,1,10679.51,10679.51
2311,2021,1,2022,2,3077.76,13757.26
2311,2021,2,2023,3,2695.73,16452.99
2311,2021,3,2024,4,1162.79,17615.78
2313,2021,0,2021,1,12486.56,12379.5
2313,2021,1,2022,2,4245.22,16588.32
2313,2021,2,2023,3,1379.44,17955.93
2313,2021,3,2024,4,1352.09,19296.42
2315,2021,0,2021,1,13128.86,13128.86
2315,2021,1,2022,2,5988.31,19117.16
2315,2021,2,2023,3,2716.04,21833.2
2315,2021,3,2024,4,196.1,22029.3
2316,2021,0,2021,1,8054.6,8054.6
2316,2021,1,2022,2,3521.31,11575.9
2316,2021,2,2023,3,1521.48,13097.39
2316,2021,3,2024,4,664.66,13762.05
2317,2021,0,2021,1,4801.31,4757.83
2317,2021,1,2022,2,2263.12,7000.46
2317,2021,2,2023,3,702.94,7697.03
2317,2021,3,2024,4,425.68,8118.86
2318,2021,0,2021,1,10865.64,10317.29
2318,2021,1,2022,2,5131.44,15189.75
2318,2021,2,2023,3,1903.2,16996.91
2318,2021,3,2024,4,11.59,17007.91
2319,2021,0,2021,1,106839.14,106839.14
2319,2021,1,2022,2,49693.66,156532.8
2319,2021,2,2023,3,16139.43,172672.24
2319,2021,3,2024,4,9600.66,182272.9
2321,2021,0,2021,1,24183.13,23266.91
2321,2021,1,2022,2,9768.07,32664.91
2321,2021,2,2023,3,3865.62,36384.07
2321,2021,3,2024,4,24.26,36407.41
2323,2021,0,2021,1,6193.64,6069.96
2323,2021,1,2022,2,2745.58,8760.71
2323,2021,2,2023,3,1116.85,9855.26
2323,2021,3,2024,4,89.52,9943
2324,2021,0,2021,1,3506.85,3506.85
2324,2021,1,2022,2,1429.55,4936.39
2324,2021,2,2023,3,907.14,5843.54
2324,2021,3,2024,4,127.92,5971.46
2325,2021,0,2021,1,8201.53,8201.53
2325,2021,1,2022,2,3604.27,11805.8
2325,2021,2,2023,3,700.54,12506.34
2325,2021,3,2024,4,783.1,13289.44
2326,2021,0,2021,1,5200.1,5038.73
2326,2021,1,2022,2,2503.2,7464.25
2326,2021,2,2023,3,616.92,8062.03
2326,2021,3,2024,4,419.95,8468.95
2327,2021,0,2021,1,56363.8,56363.8
2327,2021,1,2022,2,22026.5,78390.3
2327,2021,2,2023,3,9580.84,87971.13
2327,2021,3,2024,4,1089.11,89060.24
2328,2021,0,2021,1,27799.22,27395.15
2328,2021,1,2022,2,10904.79,38141.44
2328,2021,2,2023,3,6602.94,44648.41
2328,2021,3,2024,4,1500.29,46126.9
2330,2021,0,2021,1,5697.47,5503.35
2330,2021,1,2022,2,2751.99,8161.58
2330,2021,2,2023,3,940.85,9070.37
2330,2021,3,2024,4,492.36,9545.95
2331,2021,0,2021,1,9759.4,9759.4
2331,2021,1,2022,2,4592.92,14352.32
2331,2021,2,2023,3,1589.9,15942.23
2331,2021,3,2024,4,507.29,16449.52
2333,2021,0,2021,1,6684.46,6624.13
2333,2021,1,2022,2,2652.46,9252.66
2333,2021,2,2023,3,929.99,10174.25
2333,2021,3,2024,4,238.02,10410.12
2334,2021,0,2021,1,8590.8,8590.8
2334,2021,1,2022,2,4352.15,12942.95
2334,2021,2,2023,3,1134.1,14077.05
2334,2021,3,2024,4,820.69,14897.74
2336,2021,0,2021,1,3866.99,3866.99
2336,2021,1,2022,2,1823.31,5690.3
2336,2021,2,2023,3,355.38,6045.68
2336,2021,3,2024,4,233.35,6279.03
2337,2021,0,2021,1,6621.97,6621.97
2337,2021,1,2022,2,2431.04,9053.01
2337,2021,2,2023,3,1381.74,10434.75
2337,2021,3,2024,4,722.88,11157.63
2338,2021,0,2021,1,5473.84,5473.84
2338,2021,1,2022,2,2508.55,7982.39
2338,2021,2,2023,3,1223.19,9205.58
2338,2021,3,2024,4,0,9205.58
2339,2021,0,2021,1,15095.39,15095.39
2339,2021,1,2022,2,6821.17,21916.55
2339,2021,2,2023,3,3019.92,24936.47
2339,2021,3,2024,4,1434.14,26370.61
2340,2021,0,2021,1,14002.6,13916.71
2340,2021,1,2022,2,6983.11,20856.99
2340,2021,2,2023,3,2091.95,22936.1
2340,2021,3,2024,4,1429.29,24356.63
2342,2021,0,2021,1,4690.56,4690.56
2342,2021,1,2022,2,2012.72,6703.29
2342,2021,2,2023,3,444.5,7147.79
2342,2021,3,2024,4,475.3,7623.09
2343,2021,0,2021,1,73446.34,71716.08
2343,2021,1,2022,2,33095.34,104031.76
2343,2021,2,2023,3,10523.98,114307.81
2343,2021,3,2024,4,5586.66,119762.86
2345,2021,0,2021,1,4743.42,4717.04
2345,2021,1,2022,2,2261.32,6965.78
2345,2021,2,2023,3,540.43,7503.2
2345,2021,3,2024,4,371.13,7872.27
2346,2021,0,2021,1,3055.58,2999.08
2346,2021,1,2022,2,1473.27,4445.11
2346,2021,2,2023,3,406.24,4843.84
2346,2021,3,2024,4,194.66,5034.9
2348,2021,0,2021,1,14227.6,14227.6
2348,2021,1,2022,2,7539.65,21767.25
2348,2021,2,2023,3,2482.98,24250.23
2348,2021,3,2024,4,75.58,24325.81
2349,2021,0,2021,1,18057.11,18057.11
2349,2021,1,2022,2,7138.01,25195.12
2349,2021,2,2023,3,3897.78,29092.89
2349,2021,3,2024,4,1418.3,30511.19
2350,2021,0,2021,1,49896.26,49896.26
2350,2021,1,2022,2,19425.62,69321.88
2350,2021,2,2023,3,11333.32,80655.2
2350,2021,3,2024,4,1859.18,82514.38
2351,2021,0,2021,1,6977.5,6908.16
2351,2021,1,2022,2,2763.93,9644.62
2351,2021,2,2023,3,1068.12,10702.13
2351,2021,3,2024,4,452.11,11149.75
2352,2021,0,2021,1,17131.99,16739.63
2352,2021,1,2022,2,6528.85,23118.95
2352,2021,2,2023,3,2718.05,25774.76
2352,2021,3,2024,4,921.44,26675.1
2353,2021,0,2021,1,34391.87,34391.87
2353,2021,1,2022,2,10586.22,44978.09
2353,2021,2,2023,3,6249.73,51227.82
2353,2021,3,2024,4,5538.62,56766.44
2354,2021,0,2021,1,2077.3,1965.16
2354,2021,1,2022,2,959.35,2872.71
2354,2021,2,2023,3,337.45,3191.94
2354,2021,3,2024,4,14.94,3206.08
2355,2021,0,2021,1,12725.63,12435.97
2355,2021,1,2022,2,5639.47,17947.08
2355,2021,2,2023,3,516.14,18451.48
2355,2021,3,2024,4,1447.86,19866.38
2356,2021,0,2021,1,80747.3,80747.3
2356,2021,1,2022,2,34908.21,115655.51
2356,2021,2,2023,3,5534.96,121190.46
2356,2021,3,2024,4,10422.99,131613.45
2358,2021,0,2021,1,1360.98,1316.57
2358,2021,1,2022,2,622.1,1918.37
2358,2021,2,2023,3,160.53,2073.67
2358,2021,3,2024,4,100.29,2170.69
2359,2021,0,2021,1,23855.21,23855.21
2359,2021,1,2022,2,7546.88,31402.08
2359,2021,2,2023,3,3534.25,34936.34
2359,2021,3,2024,4,3193.65,38129.99
2360,2021,0,2021,1,7683.14,7683.14
2360,2021,1,2022,2,3328.68,11011.82
2360,2021,2,2023,3,1360.96,12372.78
2360,2021,3,2024,4,565.23,12938.01
2361,2021,0,2021,1,5444.23,5444.23
2361,2021,1,2022,2,1989.05,7433.28
2361,2021,2,2023,3,919.19,8352.47
2361,2021,3,2024,4,479.37,8831.84
2363,2021,0,2021,1,8127.38,8100.96
2363,2021,1,2022,2,3085.84,11176.77
2363,2021,2,2023,3,1511.62,12683.48
2363,2021,3,2024,4,790.78,13471.68
2364,2021,0,2021,1,399.38,389.98
2364,2021,1,2022,2,148.26,534.75
2364,2021,2,2023,3,99.26,631.67
2364,2021,3,2024,4,11.62,643.02
2366,2021,0,2021,1,25198.88,25198.88
2366,2021,1,2022,2,10800,35998.89
2366,2021,2,2023,3,3163.13,39162.02
2366,2021,3,2024,4,3413.91,42575.93
2368,2021,0,2021,1,6947.2,6843.46
2368,2021,1,2022,2,3286.83,10081.21
2368,2021,2,2023,3,511.39,10584.97
2368,2021,3,2024,4,970.1,11540.58
2369,2021,0,2021,1,19584.54,19584.54
2369,2021,1,2022,2,9048.55,28633.09
2369,2021,2,2023,3,3285.41,31918.5
2369,2021,3,2024,4,1227.52,33146.02
2370,2021,0,2021,1,9035.12,9035.12
2370,2021,1,2022,2,3441.43,12476.55
2370,2021,2,2023,3,1291.63,13768.18
2370,2021,3,2024,4,1238.82,15007
2371,2021,0,2021,1,8154.56,8154.56
2371,2021,1,2022,2,3535.27,11689.83
2371,2021,2,2023,3,707.84,12397.67
2371,2021,3,2024,4,811.1,13208.77
2372,2021,0,2021,1,12684.58,12488.63
2372,2021,1,2022,2,3734.77,16165.71
2372,2021,2,2023,3,2499.85,18626.95
2372,2021,3,2024,4,827.9,19442.06
2373,2021,0,2021,1,8864.8,8742.67
2373,2021,1,2022,2,3803.85,12494.1
2373,2021,2,2023,3,1221.33,13698.61
2373,2021,3,2024,4,654.78,14344.37
2374,2021,0,2021,1,100083.69,98728.72
2374,2021,1,2022,2,38263.08,136473.78
2374,2021,2,2023,3,20074.63,156276.63
2374,2021,3,2024,4,3927.55,160151
2375,2021,0,2021,1,4293.28,4214.1
2375,2021,1,2022,2,1507.97,5694.26
2375,2021,2,2023,3,1271.1,6941.92
2375,2021,3,2024,4,53.8,6994.73
2376,2021,0,2021,1,7767.77,7525.4
2376,2021,1,2022,2,3651.81,11063.27
2376,2021,2,2023,3,1519.9,12535.75
2376,2021,3,2024,4,45.23,12579.57
2377,2021,0,2021,1,52.4,50.14
2377,2021,1,2022,2,24.76,73.84
2377,2021,2,2023,3,6.21,79.79
2377,2021,3,2024,4,1.24,80.97
2378,2021,0,2021,1,4675.39,4675.39
2378,2021,1,2022,2,2206.24,6881.64
2378,2021,2,2023,3,338.32,7219.96
2378,2021,3,2024,4,737.47,7957.43
2380,2021,0,2021,1,4432.84,4432.84
2380,2021,1,2022,2,2000.66,6433.49
2380,2021,2,2023,3,646.77,7080.26
2380,2021,3,2024,4,395.12,7475.38
2381,2021,0,2021,1,14894.05,14894.05
2381,2021,1,2022,2,6032.79,20926.84
2381,2021,2,2023,3,1811.37,22738.21
2381,2021,3,2024,4,1433.35,24171.56
2383,2021,0,2021,1,2480.53,2480.53
2383,2021,1,2022,2,1008.45,3488.98
2383,2021,2,2023,3,298.89,3787.87
2383,2021,3,2024,4,327.86,4115.73
2384,2021,0,2021,1,15724.33,15724.33
2384,2021,1,2022,2,6080.64,21804.97
2384,2021,2,2023,3,2184.13,23989.1
2384,2021,3,2024,4,1566.67,25555.77
2385,2021,0,2021,1,19672.48,19672.48
2385,2021,1,2022,2,7797.57,27470.05
2385,2021,2,2023,3,3155.31,30625.35
2385,2021,3,2024,4,2079.35,32704.7
2386,2021,0,2021,1,4648.04,4440.94
2386,2021,1,2022,2,2212.2,6554.56
2386,2021,2,2023,3,372.68,6910.64
2386,2021,3,2024,4,106.99,7012.86
2387,2021,0,2021,1,136464.12,136464.12
2387,2021,1,2022,2,51317.96,187782.08
2387,2021,2,2023,3,31382.36,219164.44
2387,2021,3,2024,4,7008.02,226172.46
2388,2021,0,2021,1,10070.81,9785.72
2388,2021,1,2022,2,4636.36,14290.82
2388,2021,2,2023,3,728.08,14998.29
2388,2021,3,2024,4,670.78,15650.08
2389,2021,0,2021,1,6314.97,6129.09
2389,2021,1,2022,2,2935.44,8978.13
2389,2021,2,2023,3,883.01,9835.15
2389,2021,3,2024,4,87.02,9919.6
2391,2021,0,2021,1,71723.06,71723.06
2391,2021,1,2022,2,30996.59,102719.65
2391,2021,2,2023,3,8294.42,111014.07
2391,2021,3,2024,4,9731.57,120745.64
2392,2021,0,2021,1,52972.48,52972.48
2392,2021,1,2022,2,19193.46,72165.95
2392,2021,2,2023,3,11186.52,83352.46
2392,2021,3,2024,4,2497.15,85849.61
2393,2021,0,2021,1,7693.22,7693.22
2393,2021,1,2022,2,3266.2,10959.42
2393,2021,2,2023,3,1186.36,12145.78
2393,2021,3,2024,4,714.88,12860.66
2395,2021,0,2021,1,5775.8,5732.27
2395,2021,1,2022,2,2557.08,8270.08
2395,2021,2,2023,3,635.24,8900.52
2395,2021,3,2024,4,406.15,9303.62
2396,2021,0,2021,1,6217.47,6217.47
2396,2021,1,2022,2,2857.11,9074.59
2396,2021,2,2023,3,1679.55,10754.14
2396,2021,3,2024,4,0,10754.14
2398,2021,0,2021,1,255.24,254.22
2398,2021,1,2022,2,90.62,344.48
2398,2021,2,2023,3,45.66,389.95
2398,2021,3,2024,4,16.6,406.48
2399,2021,0,2021,1,12306.81,12257.57
2399,2021,1,2022,2,6121.62,18354.7
2399,2021,2,2023,3,692.24,19044.16
2399,2021,3,2024,4,1554.76,20592.71
2400,2021,0,2021,1,10604.67,10360.67
2400,2021,1,2022,2,4637.45,14891.41
2400,2021,2,2023,3,1910.93,16758.38
2400,2021,3,2024,4,175.13,16929.48
2401,2021,0,2021,1,9002.81,8608.87
2401,2021,1,2022,2,3682.34,12130.08
2401,2021,2,2023,3,1308.46,13381.28
2401,2021,3,2024,4,407.55,13771
2402,2021,0,2021,1,11766.73,11766.73
2402,2021,1,2022,2,4373.96,16140.69
2402,2021,2,2023,3,2660.04,18800.73
2402,2021,3,2024,4,846.35,19647.08
2406,2021,0,2021,1,9055.06,8668.77
2406,2021,1,2022,2,3599.27,12114.5
2406,2021,2,2023,3,513.82,12606.4
2406,2021,3,2024,4,593.11,13174.21
2408,2021,0,2021,1,18172.99,18172.99
2408,2021,1,2022,2,6720.75,24893.74
2408,2021,2,2023,3,4963.19,29856.92
2408,2021,3,2024,4,1225.06,31081.98
2409,2021,0,2021,1,351.65,351.65
2409,2021,1,2022,2,126.86,478.51
2409,2021,2,2023,3,64.24,542.74
2409,2021,3,2024,4,51.46,594.2
2410,2021,0,2021,1,83453.9,83232.48
2410,2021,1,2022,2,42174.6,125295.19
2410,2021,2,2023,3,19244.56,144488.69
2410,2021,3,2024,4,316.52,144804.37
2411,2021,0,2021,1,7784.95,7271.71
2411,2021,1,2022,2,3117.35,10183.54
2411,2021,2,2023,3,1065.13,11178.44
2411,2021,3,2024,4,213.51,11377.88
2412,2021,0,2021,1,742.7,714.75
2412,2021,1,2022,2,239.64,945.37
2412,2021,2,2023,3,166.72,1105.82
2412,2021,3,2024,4,18.33,1123.46
2413,2021,0,2021,1,4584.66,4560.18
2413,2021,1,2022,2,1469.62,6021.95
2413,2021,2,2023,3,816.87,6834.46
2413,2021,3,2024,4,386.26,7218.66
2414,2021,0,2021,1,11234.4,11234.4
2414,2021,1,2022,2,4730.06,15964.46
2414,2021,2,2023,3,2414.47,18378.93
2414,2021,3,2024,4,1032.28,19411.21
2415,2021,0,2021,1,17416.83,16779.64
2415,2021,1,2022,2,7152.64,23670.59
2415,2021,2,2023,3,1738.86,25345.83
2415,2021,3,2024,4,1164.85,26468.07
2416,2021,0,2021,1,10690.49,9964.72
2416,2021,1,2022,2,3782.41,13490.34
2416,2021,2,2023,3,1961.66,15318.83
2416,2021,3,2024,4,89.74,15402.48
2417,2021,0,2021,1,65779.83,65423.87
2417,2021,1,2022,2,26061.42,91344.26
2417,2021,2,2023,3,10398.38,101686.37
2417,2021,3,2024,4,8153.76,109796.01
2418,2021,0,2021,1,1643.23,1643.23
2418,2021,1,2022,2,738.65,2381.88
2418,2021,2,2023,3,366.75,2748.63
2418,2021,3,2024,4,195.49,2944.12
2420,2021,0,2021,1,15807.55,15807.55
2420,2021,1,2022,2,4522.19,20329.74
2420,2021,2,2023,3,2298.27,22628
2420,2021,3,2024,4,2621.04,25249.04
2421,2021,0,2021,1,16480.1,16480.1
2421,2021,1,2022,2,6738.25,23218.34
2421,2021,2,2023,3,3687.96,26906.3
2421,2021,3,2024,4,627.36,27533.66
2422,2021,0,2021,1,6474.21,6410.87
2422,2021,1,2022,2,2702.78,9087.21
2422,2021,2,2023,3,1155.19,10231.1
2422,2021,3,2024,4,615.38,10840.45
2423,2021,0,2021,1,19569.46,19239.44
2423,2021,1,2022,2,8102.83,27205.63
2423,2021,2,2023,3,4899.11,32022.12
2423,2021,3,2024,4,323.23,32339.9
2424,2021,0,2021,1,11263.94,11016.5
2424,2021,1,2022,2,4447.19,15366
2424,2021,2,2023,3,1829.45,17155.26
2424,2021,3,2024,4,434.55,17580.26
2425,2021,0,2021,1,1279.17,1250.58
2425,2021,1,2022,2,533.37,1772.03
2425,2021,2,2023,3,239,2005.69
2425,2021,3,2024,4,115.26,2118.37
2426,2021,0,2021,1,9485.28,9148.5
2426,2021,1,2022,2,2825.69,11873.87
2426,2021,2,2023,3,1903.57,13709.85
2426,2021,3,2024,4,568.59,14258.26
2427,2021,0,2021,1,9582.85,9155.36
2427,2021,1,2022,2,3757.41,12745.16
2427,2021,2,2023,3,1663.74,14334.68
2427,2021,3,2024,4,17.72,14351.61
2428,2021,0,2021,1,16265.31,16265.31
2428,2021,1,2022,2,6805.52,23070.83
2428,2021,2,2023,3,2737.99,25808.82
2428,2021,3,2024,4,1876.24,27685.06
2429,2021,0,2021,1,23748.2,23333.97
2429,2021,1,2022,2,8485.44,31671.41
2429,2021,2,2023,3,2407.6,34037.01
2429,2021,3,2024,4,3117.5,37100.14
2431,2021,0,2021,1,19944.4,19944.4
2431,2021,1,2022,2,9813.86,29758.25
2431,2021,2,2023,3,2592.37,32350.63
2431,2021,3,2024,4,2144.3,34494.93
2432,2021,0,2021,1,6413.85,6413.85
2432,2021,1,2022,2,3564.1,9977.94
2432,2021,2,2023,3,431.83,10409.78
2432,2021,3,2024,4,806.8,11216.58
2433,2021,0,2021,1,8115.71,8115.71
2433,2021,1,2022,2,3575.94,11691.64
2433,2021,2,2023,3,825.51,12517.15
2433,2021,3,2024,4,707.38,13224.53
2434,2021,0,2021,1,3260.39,3081.87
2434,2021,1,2022,2,1507.71,4507.03
2434,2021,2,2023,3,274.3,4766.31
2434,2021,3,2024,4,145.1,4903.46
2435,2021,0,2021,1,7030.3,6899.03
2435,2021,1,2022,2,2369.12,9223.92
2435,2021,2,2023,3,1100.54,10303.91
2435,2021,3,2024,4,414.98,10711.14
2436,2021,0,2021,1,5242.45,4979.03
2436,2021,1,2022,2,2169.35,7039.37
2436,2021,2,2023,3,686.09,7690.98
2436,2021,3,2024,4,38.27,7727.33
2437,2021,0,2021,1,30539.13,29062.11
2437,2021,1,2022,2,13166.15,41591.49
2437,2021,2,2023,3,4473.6,45848.73
2437,2021,3,2024,4,533.06,46356
2440,2021,0,2021,1,7104.22,7104.22
2440,2021,1,2022,2,3075.31,10179.53
2440,2021,2,2023,3,1898.68,12078.22
2440,2021,3,2024,4,316.44,12394.66
2443,2021,0,2021,1,6306.25,6306.25
2443,2021,1,2022,2,3148.2,9454.46
2443,2021,2,2023,3,84.23,9538.69
2443,2021,3,2024,4,932.55,10471.24
2444,2021,0,2021,1,7296.14,7029.08
2444,2021,1,2022,2,3651.83,10547.25
2444,2021,2,2023,3,614.48,11139.23
2444,2021,3,2024,4,696.49,11810.23
2445,2021,0,2021,1,1682.21,1594.62
2445,2021,1,2022,2,705.17,2263.07
2445,2021,2,2023,3,201.92,2454.48
2445,2021,3,2024,4,76.25,2526.75
2446,2021,0,2021,1,13234.4,13234.4
2446,2021,1,2022,2,5565.83,18800.23
2446,2021,2,2023,3,846.36,19646.59
2446,2021,3,2024,4,1803.15,21449.74
2448,2021,0,2021,1,4348.09,4348.09
2448,2021,1,2022,2,1249.31,5597.4
2448,2021,2,2023,3,687.93,6285.33
2448,2021,3,2024,4,361.3,6646.63
2449,2021,0,2021,1,4908.32,4871.01
2449,2021,1,2022,2,1664.03,6522.38
2449,2021,2,2023,3,1325.11,7837.41
2449,2021,3,2024,4,168.06,8004.2
2451,2021,0,2021,1,6140.57,5895.39
2451,2021,1,2022,2,2191.51,7999.4
2451,2021,2,2023,3,951.61,8913.01
2451,2021,3,2024,4,546.15,9437.35
2453,2021,0,2021,1,5170.19,4988.69
2453,2021,1,2022,2,2432.82,7336.1
2453,2021,2,2023,3,564.25,7880.55
2453,2021,3,2024,4,196.38,8070.03
2455,2021,0,2021,1,7358.92,6993.96
2455,2021,1,2022,2,3903.3,10703.67
2455,2021,2,2023,3,585.06,11259.72
2455,2021,3,2024,4,297.49,11542.46
2456,2021,0,2021,1,10187.22,10187.22
2456,2021,1,2022,2,3989.77,14176.98
2456,2021,2,2023,3,2681.04,16858.02
2456,2021,3,2024,4,605.23,17463.25
2457,2021,0,2021,1,11854.49,11352.91
2457,2021,1,2022,2,5815.69,16922.52
2457,2021,2,2023,3,1655.86,18508.32
2457,2021,3,2024,4,421.99,18912.46
2458,2021,0,2021,1,15123.23,15123.23
2458,2021,1,2022,2,6851.78,21975.01
2458,2021,2,2023,3,2654.39,24629.4
2458,2021,3,2024,4,1143,25772.4
2459,2021,0,2021,1,1047.34,1031.22
2459,2021,1,2022,2,451.04,1475.31
2459,2021,2,2023,3,115.75,1589.28
2459,2021,3,2024,4,80.69,1668.72
2461,2021,0,2021,1,7919.63,7455.24
2461,2021,1,2022,2,2609.5,9911.72
2461,2021,2,2023,3,1281.07,11117.68
2461,2021,3,2024,4,185.43,11292.23
2463,2021,0,2021,1,11704.89,11704.89
2463,2021,1,2022,2,5479.09,17183.98
2463,2021,2,2023,3,2178.46,19362.44
2463,2021,3,2024,4,865.42,20227.86
2466,2021,0,2021,1,8409.85,8409.85
2466,2021,1,2022,2,3451.14,11860.99
2466,2021,2,2023,3,1562.47,13423.46
2466,2021,3,2024,4,615.32,14038.78
2468,2021,0,2021,1,5364.94,5364.94
2468,2021,1,2022,2,2712.07,8077.01
2468,2021,2,2023,3,1141.96,9218.97
2468,2021,3,2024,4,233.53,9452.5
2469,2021,0,2021,1,10965.97,10965.97
2469,2021,1,2022,2,3898.16,14864.13
2469,2021,2,2023,3,1907.53,16771.66
2469,2021,3,2024,4,661.23,17432.89
2470,2021,0,2021,1,1605.66,1590.77
2470,2021,1,2022,2,872.82,2455.49
2470,2021,2,2023,3,134.9,2589.14
2470,2021,3,2024,4,154.89,2742.6
2471,2021,0,2021,1,2853.37,2848.11
2471,2021,1,2022,2,1341.48,4187.12
2471,2021,2,2023,3,713.96,4899.77
2471,2021,3,2024,4,82.45,4982.07
2473,2021,0,2021,1,4527.16,4305.94
2473,2021,1,2022,2,2033.51,6240.08
2473,2021,2,2023,3,558.97,6771.74
2473,2021,3,2024,4,68.44,6836.84
2474,2021,0,2021,1,7028.87,7028.87
2474,2021,1,2022,2,3376.56,10405.42
2474,2021,2,2023,3,1344.52,11749.95
2474,2021,3,2024,4,217.7,11967.65
2475,2021,0,2021,1,13232.36,12965.01
2475,2021,1,2022,2,5399.39,18255.31
2475,2021,2,2023,3,2517.88,20722.32
2475,2021,3,2024,4,1304.24,22000.21
2476,2021,0,2021,1,20149.38,19937.5
2476,2021,1,2022,2,8888.73,28732.77
2476,2021,2,2023,3,2967.06,31668.63
2476,2021,3,2024,4,1490.37,33143.33
2478,2021,0,2021,1,15803.65,15176.77
2478,2021,1,2022,2,5658.47,20610.79
2478,2021,2,2023,3,3108.61,23596.09
2478,2021,3,2024,4,1103.46,24655.78
2479,2021,0,2021,1,9709.94,9481.66
2479,2021,1,2022,2,3800.22,13192.54
2479,2021,2,2023,3,1390.44,14550.29
2479,2021,3,2024,4,287.63,14831.16
2480,2021,0,2021,1,14454.77,14454.77
2480,2021,1,2022,2,5445.97,19900.74
2480,2021,2,2023,3,3292.33,23193.07
2480,2021,3,2024,4,134.96,23328.03
2482,2021,0,2021,1,5724.36,5724.36
2482,2021,1,2022,2,2548.41,8272.77
2482,2021,2,2023,3,792.93,9065.7
2482,2021,3,2024,4,595.25,9660.95
2483,2021,0,2021,1,17788.7,17348.14
2483,2021,1,2022,2,7734.26,24890.85
2483,2021,2,2023,3,3866.31,28661.41
2483,2021,3,2024,4,196.2,28852.75
2484,2021,0,2021,1,7099.47,7099.47
2484,2021,1,2022,2,3344.97,10444.44
2484,2021,2,2023,3,886.66,11331.09
2484,2021,3,2024,4,932.98,12264.07
2485,2021,0,2021,1,9332.27,9332.27
2485,2021,1,2022,2,4115.82,13448.09
2485,2021,2,2023,3,1783.38,15231.46
2485,2021,3,2024,4,875.68,16107.14
2486,2021,0,2021,1,28185.82,27565.13
2486,2021,1,2022,2,10783,38110.67
2486,2021,2,2023,3,6464.08,44432.4
2486,2021,3,2024,4,1083.2,45491.75
2487,2021,0,2021,1,5623.51,5594.49
2487,2021,1,2022,2,1775.5,7360.83
2487,2021,2,2023,3,1406.4,8759.97
2487,2021,3,2024,4,327.7,9085.98
2488,2021,0,2021,1,24069.17,23688.2
2488,2021,1,2022,2,10227.23,33753.55
2488,2021,2,2023,3,2599.29,36311.7
2488,2021,3,2024,4,1734.53,38018.78
2489,2021,0,2021,1,5147.81,5094.94
2489,2021,1,2022,2,1614.23,6692.59
2489,2021,2,2023,3,1208.69,7888.87
2489,2021,3,2024,4,146.5,8033.87
2490,2021,0,2021,1,4723.53,4696.22
2490,2021,1,2022,2,2543.69,7225.21
2490,2021,2,2023,3,558.93,7780.91
2490,2021,3,2024,4,460.95,8239.2
2491,2021,0,2021,1,8203.92,8079.64
2491,2021,1,2022,2,3193.79,11225.06
2491,2021,2,2023,3,1734.64,12933.42
2491,2021,3,2024,4,141.45,13072.73
2493,2021,0,2021,1,3269.76,3269.76
2493,2021,1,2022,2,1448.25,4718.01
2493,2021,2,2023,3,579.9,5297.91
2493,2021,3,2024,4,228.74,5526.65
2494,2021,0,2021,1,10937.61,10937.61
2494,2021,1,2022,2,4807.37,15744.99
2494,2021,2,2023,3,2490.72,18235.71
2494,2021,3,2024,4,310.15,18545.86
2496,2021,0,2021,1,13551.07,13421.69
2496,2021,1,2022,2,5295.53,18666.66
2496,2021,2,2023,3,1643.39,20294.36
2496,2021,3,2024,4,1362.91,21644.25
2497,2021,0,2021,1,10396.32,10309.88
2497,2021,1,2022,2,4441.41,14714.36
2497,2021,2,2023,3,1389.42,16092.23
2497,2021,3,2024,4,1199.47,17281.72
2498,2021,0,2021,1,8887.46,8515.29
2498,2021,1,2022,2,3057.35,11444.6
2498,2021,2,2023,3,1258.08,12650
2498,2021,3,2024,4,639.23,13262.46
2499,2021,0,2021,1,3207.01,3095.23
2499,2021,1,2022,2,1313.85,4363.29
2499,2021,2,2023,3,463.26,4810.4
2499,2021,3,2024,4,202.6,5005.94
2500,2021,0,2021,1,22868.66,22868.66
2500,2021,1,2022,2,6804.24,29672.9
2500,2021,2,2023,3,5686.53,35359.43
2500,2021,3,2024,4,1582.59,36942.02
2501,2021,0,2021,1,3982.36,3967.73
2501,2021,1,2022,2,1749.45,5710.74
2501,2021,2,2023,3,687.18,6395.4
2501,2021,3,2024,4,284.84,6679.19
2502,2021,0,2021,1,4215.92,4150.08
2502,2021,1,2022,2,1654.02,5778.27
2502,2021,2,2023,3,523.46,6293.55
2502,2021,3,2024,4,592.25,6876.56
2505,2021,0,2021,1,11451.73,11277.19
2505,2021,1,2022,2,5272.1,16468.93
2505,2021,2,2023,3,2174.47,18610.26
2505,2021,3,2024,4,85.34,18694.3
2506,2021,0,2021,1,9277.6,9277.6
2506,2021,1,2022,2,4584.73,13862.33
2506,2021,2,2023,3,41.58,13903.9
2506,2021,3,2024,4,1477.77,15381.67
2507,2021,0,2021,1,5067.45,5063.3
2507,2021,1,2022,2,2334.4,7395.78
2507,2021,2,2023,3,1121,8515.86
2507,2021,3,2024,4,420.2,8935.72
2509,2021,0,2021,1,5307.34,5307.34
2509,2021,1,2022,2,2202,7509.33
2509,2021,2,2023,3,1156.23,8665.56
2509,2021,3,2024,4,36.28,8701.84
2511,2021,0,2021,1,9233.46,9233.46
2511,2021,1,2022,2,4097.8,13331.26
2511,2021,2,2023,3,2190.55,15521.82
2511,2021,3,2024,4,486.36,16008.18
2512,2021,0,2021,1,14240.26,13882.45
2512,2021,1,2022,2,5974.75,19707.07
2512,2021,2,2023,3,2599.53,22241.28
2512,2021,3,2024,4,492.04,22720.96
2513,2021,0,2021,1,9857.08,9501.73
2513,2021,1,2022,2,5037.83,14357.94
2513,2021,2,2023,3,762.61,15093.05
2513,2021,3,2024,4,162.43,15249.63
2514,2021,0,2021,1,22329.82,21686.19
2514,2021,1,2022,2,10029.05,31426.16
2514,2021,2,2023,3,2979.65,34319.93
2514,2021,3,2024,4,781.76,35079.15
2515,2021,0,2021,1,4463.41,4436.01
2515,2021,1,2022,2,1887.99,6312.41
2515,2021,2,2023,3,310.4,6620.9
2515,2021,3,2024,4,465.14,7083.18
2516,2021,0,2021,1,12064.1,11775.04
2516,2021,1,2022,2,4623.52,16287.78
2516,2021,2,2023,3,1832.68,18076.55
2516,2021,3,2024,4,1099.1,19149.31
2517,2021,0,2021,1,6207.42,5782.65
2517,2021,1,2022,2,2442.88,8058.36
2517,2021,2,2023,3,1036.73,9024.15
2517,2021,3,2024,4,105.03,9121.99
2518,2021,0,2021,1,8075.5,8075.5
2518,2021,1,2022,2,3264.01,11339.52
2518,2021,2,2023,3,1800.87,13140.38
2518,2021,3,2024,4,821.44,13961.82
2520,2021,0,2021,1,8125.2,8125.2
2520,2021,1,2022,2,4251.77,12376.97
2520,2021,2,2023,3,1010.84,13387.81
2520,2021,3,2024,4,590.39,13978.2
2521,2021,0,2021,1,15244.78,15244.78
2521,2021,1,2022,2,6443.04,21687.82
2521,2021,2,2023,3,3493.16,25180.97
2521,2021,3,2024,4,175.66,25356.63
2522,2021,0,2021,1,11731.89,10900.41
2522,2021,1,2022,2,5753.25,16245.91
2522,2021,2,2023,3,1268.08,17424.11
2522,2021,3,2024,4,42.05,17463.19
2523,2021,0,2021,1,1113.76,1063.05
2523,2021,1,2022,2,350.02,1397.13
2523,2021,2,2023,3,210.49,1598.04
2523,2021,3,2024,4,13.91,1611.31
2524,2021,0,2021,1,2853.08,2754.14
2524,2021,1,2022,2,1265.47,3975.72
2524,2021,2,2023,3,429.91,4390.73
2524,2021,3,2024,4,212.95,4596.29
2525,2021,0,2021,1,17322.47,17078.18
2525,2021,1,2022,2,6612.42,23597.35
2525,2021,2,2023,3,4120.08,27659.32
2525,2021,3,2024,4,456.59,28109.47
2526,2021,0,2021,1,17972.6,17972.6
2526,2021,1,2022,2,7903.1,25875.69
2526,2021,2,2023,3,5408.64,31284.33
2526,2021,3,2024,4,325.56,31609.89
2527,2021,0,2021,1,969.48,969.48
2527,2021,1,2022,2,356.26,1325.74
2527,2021,2,2023,3,234.29,1560.02
2527,2021,3,2024,4,38.3,1598.32
2528,2021,0,2021,1,87579.32,87579.32
2528,2021,1,2022,2,37918.78,125498.11
2528,2021,2,2023,3,13410.05,138908.15
2528,2021,3,2024,4,7276.24,146184.39
2529,2021,0,2021,1,70.48,68.57
2529,2021,1,2022,2,40.59,108.06
2529,2021,2,2023,3,5.99,113.89
2529,2021,3,2024,4,3.75,117.54
2530,2021,0,2021,1,31063.54,31063.54
2530,2021,1,2022,2,14844.08,45907.62
2530,2021,2,2023,3,2905.61,48813.24
2530,2021,3,2024,4,5123.86,53937.1
2531,2021,0,2021,1,435.64,433.28
2531,2021,1,2022,2,149.04,581.51
2531,2021,2,2023,3,79.37,660.45
2531,2021,3,2024,4,11.88,672.27
2533,2021,0,2021,1,7138.1,7138.1
2533,2021,1,2022,2,2419.8,9557.9
2533,2021,2,2023,3,1487.45,11045.35
2533,2021,3,2024,4,884.77,11930.12
2535,2021,0,2021,1,8702.57,8631.45
2535,2021,1,2022,2,4510.74,13105.33
2535,2021,2,2023,3,1439.65,14533.21
2535,2021,3,2024,4,733.02,15260.25
2536,2021,0,2021,1,6858.05,6681.62
2536,2021,1,2022,2,2251.41,8875.11
2536,2021,2,2023,3,1101.02,9947.81
2536,2021,3,2024,4,748.31,10676.87
2541,2021,0,2021,1,823.18,810.65
2541,2021,1,2022,2,303.85,1109.88
2541,2021,2,2023,3,182.99,1290.09
2541,2021,3,2024,4,9.02,1298.97
2542,2021,0,2021,1,615.81,615.81
2542,2021,1,2022,2,195.31,811.12
2542,2021,2,2023,3,147.45,958.57
2542,2021,3,2024,4,70.63,1029.2
2544,2021,0,2021,1,1922.88,1922.88
2544,2021,1,2022,2,949.02,2871.9
2544,2021,2,2023,3,316.84,3188.74
2544,2021,3,2024,4,113.61,3302.35
2545,2021,0,2021,1,11847.52,11847.52
2545,2021,1,2022,2,4291.65,16139.17
2545,2021,2,2023,3,3745.42,19884.59
2545,2021,3,2024,4,255.33,20139.92
2546,2021,0,2021,1,15736.91,15673.28
2546,2021,1,2022,2,5501.65,21152.69
2546,2021,2,2023,3,2818.61,23959.91
2546,2021,3,2024,4,1709.08,25662.08
2547,2021,0,2021,1,24638.61,24041.22
2547,2021,1,2022,2,11898.39,35651.13
2547,2021,2,2023,3,3290.33,38861.67
2547,2021,3,2024,4,310.95,39165.09
2548,2021,0,2021,1,9513.44,8935.71
2548,2021,1,2022,2,3150.15,11894.55
2548,2021,2,2023,3,1565.12,13364.62
2548,2021,3,2024,4,86.11,13445.5
2549,2021,0,2021,1,7261.25,7189.4
2549,2021,1,2022,2,3460.98,10616.13
2549,2021,2,2023,3,1306.09,11909.29
2549,2021,3,2024,4,674.5,12577.11
2550,2021,0,2021,1,15180.68,14782.75
2550,2021,1,2022,2,4790.9,19448.07
2550,2021,2,2023,3,1753.74,21155.84
2550,2021,3,2024,4,1013.96,22143.21
2551,2021,0,2021,1,8305.36,7922.5
2551,2021,1,2022,2,2718.98,10516.14
2551,2021,2,2023,3,1432.23,11882.35
2551,2021,3,2024,4,8.36,11890.33
2552,2021,0,2021,1,9595.23,9323.04
2552,2021,1,2022,2,4033.75,13242.36
2552,2021,2,2023,3,2606.84,15775.25
2552,2021,3,2024,4,4.4,15779.53
2553,2021,0,2021,1,79711.14,78799.27
2553,2021,1,2022,2,37332.47,115704.67
2553,2021,2,2023,3,14502.01,130040.78
2553,2021,3,2024,4,4468.93,134458.59
2554,2021,0,2021,1,13675.45,13400.9
2554,2021,1,2022,2,7160,20417.16
2554,2021,2,2023,3,960.24,21358.12
2554,2021,3,2024,4,893.62,22233.8
2555,2021,0,2021,1,6018.97,5756.23
2555,2021,1,2022,2,2847.84,8479.76
2555,2021,2,2023,3,624.89,9077.37
2555,2021,3,2024,4,65.62,9140.13
2556,2021,0,2021,1,3711.9,3711.9
2556,2021,1,2022,2,1320.56,5032.46
2556,2021,2,2023,3,973.94,6006.41
2556,2021,3,2024,4,14.94,6021.35
2558,2021,0,2021,1,8615.68,8615.68
2558,2021,1,2022,2,4378.97,12994.65
2558,2021,2,2023,3,1078.39,14073.03
2558,2021,3,2024,4,514.69,14587.72
2559,2021,0,2021,1,6637.84,6475.51
2559,2021,1,2022,2,2540.27,8953.66
2559,2021,2,2023,3,1002.53,9931.68
2559,2021,3,2024,4,179.31,10106.6
2560,2021,0,2021,1,13726.82,13726.82
2560,2021,1,2022,2,5037.4,18764.21
2560,2021,2,2023,3,2692.85,21457.06
2560,2021,3,2024,4,891.46,22348.52
2561,2021,0,2021,1,4720.98,4550.71
2561,2021,1,2022,2,1656.1,6147.08
2561,2021,2,2023,3,757.61,6877.37
2561,2021,3,2024,4,161.82,7033.35
2562,2021,0,2021,1,3656.12,3656.12
2562,2021,1,2022,2,1678.41,5334.53
2562,2021,2,2023,3,593.81,5928.34
2562,2021,3,2024,4,398.55,6326.89
2563,2021,0,2021,1,64424.98,61692.79
2563,2021,1,2022,2,28154.16,88652.96
2563,2021,2,2023,3,11152.04,99332.05
2563,2021,3,2024,4,1824.08,101078.77
2564,2021,0,2021,1,3512.09,3512.09
2564,2021,1,2022,2,1670.03,5182.12
2564,2021,2,2023,3,695.64,5877.76
2564,2021,3,2024,4,255.55,6133.31
2565,2021,0,2021,1,16475.68,15649.62
2565,2021,1,2022,2,6987.54,22286.82
2565,2021,2,2023,3,2411.39,24577.31
2565,2021,3,2024,4,289.59,24852.38
2566,2021,0,2021,1,7411.29,7227.05
2566,2021,1,2022,2,3202.67,10350.11
2566,2021,2,2023,3,1535.94,11847.87
2566,2021,3,2024,4,9.04,11856.69
2567,2021,0,2021,1,11429.01,11187.7
2567,2021,1,2022,2,5657.59,16725.84
2567,2021,2,2023,3,1556.78,18249.75
2567,2021,3,2024,4,798.46,19031.35
2568,2021,0,2021,1,7651.85,7651.85
2568,2021,1,2022,2,2649.42,10301.28
2568,2021,2,2023,3,1480.13,11781.41
2568,2021,3,2024,4,830.71,12612.12
2569,2021,0,2021,1,8787.99,8787.99
2569,2021,1,2022,2,3054.47,11842.46
2569,2021,2,2023,3,1434.45,13276.91
2569,2021,3,2024,4,894.36,14171.27
2570,2021,0,2021,1,8478.64,8312.55
2570,2021,1,2022,2,2957.59,11212.2
2570,2021,2,2023,3,1774.5,12951.94
2570,2021,3,2024,4,270.74,13217.37
2571,2021,0,2021,1,12189.45,12189.45
2571,2021,1,2022,2,6272.46,18461.91
2571,2021,2,2023,3,2957.82,21419.73
2571,2021,3,2024,4,681.55,22101.28
2572,2021,0,2021,1,172947.25,170915.57
2572,2021,1,2022,2,70945.53,241027.68
2572,2021,2,2023,3,25461.69,266190.25
2572,2021,3,2024,4,10026.4,276098.87
2575,2021,0,2021,1,11921.99,11750.31
2575,2021,1,2022,2,5947.39,17612.05
2575,2021,2,2023,3,1265.11,18858.95
2575,2021,3,2024,4,717.59,19566.2
2578,2021,0,2021,1,11000.69,10750.85
2578,2021,1,2022,2,5057.97,15693.95
2578,2021,2,2023,3,1910.3,17560.86
2578,2021,3,2024,4,311.15,17864.94
2579,2021,0,2021,1,3561.6,3434.23
2579,2021,1,2022,2,1227.4,4617.73
2579,2021,2,2023,3,517.45,5116.68
2579,2021,3,2024,4,297.56,5403.6
2580,2021,0,2021,1,1978.18,1978.18
2580,2021,1,2022,2,837.26,2815.43
2580,2021,2,2023,3,287.07,3102.51
2580,2021,3,2024,4,126.88,3229.39
2581,2021,0,2021,1,20342.64,20342.64
2581,2021,1,2022,2,8044.53,28387.17
2581,2021,2,2023,3,2910.25,31297.42
2581,2021,3,2024,4,2836.33,34133.75
2582,2021,0,2021,1,16538.19,16538.19
2582,2021,1,2022,2,7203.02,23741.21
2582,2021,2,2023,3,1663.07,25404.27
2582,2021,3,2024,4,2040.43,27444.7
2583,2021,0,2021,1,20808.29,20138.07
2583,2021,1,2022,2,8431.05,28297.57
2583,2021,2,2023,3,3665.86,31845.36
2583,2021,3,2024,4,1228.39,33034.18
2584,2021,0,2021,1,13508.61,13508.61
2584,2021,1,2022,2,5575.18,19083.8
2584,2021,2,2023,3,3153.87,22237.66
2584,2021,3,2024,4,798.55,23036.21
2585,2021,0,2021,1,1053.88,1053.88
2585,2021,1,2022,2,447.53,1501.42
2585,2021,2,2023,3,192.9,1694.31
2585,2021,3,2024,4,37.64,1731.95
2586,2021,0,2021,1,7034.77,7034.77
2586,2021,1,2022,2,2606.22,9640.98
2586,2021,2,2023,3,1109.74,10750.72
2586,2021,3,2024,4,380.71,11131.43
2588,2021,0,2021,1,2739.97,2613.99
2588,2021,1,2022,2,1217.9,3775.89
2588,2021,2,2023,3,266.49,4030.12
2588,2021,3,2024,4,139.7,4163.4
2589,2021,0,2021,1,4244.35,4150.68
2589,2021,1,2022,2,1893.25,6002.14
2589,2021,2,2023,3,498.13,6489.28
2589,2021,3,2024,4,337.77,6819.6
2590,2021,0,2021,1,115927.47,112098.52
2590,2021,1,2022,2,39442.24,150238.03
2590,2021,2,2023,3,25375.09,174775.01
2590,2021,3,2024,4,2926.11,177604.47
2591,2021,0,2021,1,6942.96,6686.99
2591,2021,1,2022,2,2584.1,9175.83
2591,2021,2,2023,3,1316.38,10443.68
2591,2021,3,2024,4,82.3,10522.95
2592,2021,0,2021,1,2891.9,2826.88
2592,2021,1,2022,2,1282.38,4080.42
2592,2021,2,2023,3,363.58,4435.82
2592,2021,3,2024,4,126.13,4559.12
2593,2021,0,2021,1,7169.25,6958.93
2593,2021,1,2022,2,2588.05,9471.05
2593,2021,2,2023,3,1611.57,11035.34
2593,2021,3,2024,4,268.92,11296.37
2595,2021,0,2021,1,144601.45,140745.35
2595,2021,1,2022,2,68233.56,207159.32
2595,2021,2,2023,3,4092.68,211142.86
2595,2021,3,2024,4,13531.54,224313.56
2596,2021,0,2021,1,16415.19,16415.19
2596,2021,1,2022,2,7632.02,24047.21
2596,2021,2,2023,3,398.36,24445.57
2596,2021,3,2024,4,2908.57,27354.14
2598,2021,0,2021,1,8766.95,8641.34
2598,2021,1,2022,2,4334.18,12913.42
2598,2021,2,2023,3,884.43,13785.18
2598,2021,3,2024,4,539.21,14316.66
2599,2021,0,2021,1,7208.66,7208.66
2599,2021,1,2022,2,3103.01,10311.67
2599,2021,2,2023,3,1031.14,11342.81
2599,2021,3,2024,4,618.87,11961.68
2600,2021,0,2021,1,11957.44,11957.44
2600,2021,1,2022,2,6358.34,18315.78
2600,2021,2,2023,3,1724.28,20040.06
2600,2021,3,2024,4,698.07,20738.13
2601,2021,0,2021,1,38016.63,36493.17
2601,2021,1,2022,2,14745.51,50647.78
2601,2021,2,2023,3,5850.96,56264.28
2601,2021,3,2024,4,2006.72,58190.58
2602,2021,0,2021,1,10866.09,10866.09
2602,2021,1,2022,2,5481.86,16347.95
2602,2021,2,2023,3,1560.23,17908.18
2602,2021,3,2024,4,652.02,18560.2
2603,2021,0,2021,1,22201.12,22201.12
2603,2021,1,2022,2,10637.03,32838.15
2603,2021,2,2023,3,6761.71,39599.86
2603,2021,3,2024,4,435.52,40035.38
2604,2021,0,2021,1,8080.29,7950.99
2604,2021,1,2022,2,4166.6,12050.92
2604,2021,2,2023,3,298.77,12344.91
2604,2021,3,2024,4,1106.33,13433.54
2605,2021,0,2021,1,11783.17,11783.17
2605,2021,1,2022,2,3639.86,15423.03
2605,2021,2,2023,3,3062.79,18485.82
2605,2021,3,2024,4,553.07,19038.89
2606,2021,0,2021,1,20634.9,20634.9
2606,2021,1,2022,2,8029,28663.9
2606,2021,2,2023,3,4306.25,32970.16
2606,2021,3,2024,4,844.02,33814.18
2607,2021,0,2021,1,1919.46,1919.46
2607,2021,1,2022,2,667.86,2587.32
2607,2021,2,2023,3,197.97,2785.29
2607,2021,3,2024,4,335.25,3120.54
2608,2021,0,2021,1,47264.47,47264.47
2608,2021,1,2022,2,18464.3,65728.77
2608,2021,2,2023,3,5500.63,71229.39
2608,2021,3,2024,4,5847.57,77076.96
2609,2021,0,2021,1,25651.93,25651.93
2609,2021,1,2022,2,12319.67,37971.6
2609,2021,2,2023,3,2568.9,40540.5
2609,2021,3,2024,4,2860.74,43401.24
2610,2021,0,2021,1,43213.39,43213.39
2610,2021,1,2022,2,21183.42,64396.81
2610,2021,2,2023,3,7300.1,71696.91
2610,2021,3,2024,4,2477.22,74174.13
2612,2021,0,2021,1,4498.63,4498.63
2612,2021,1,2022,2,1613.04,6111.67
2612,2021,2,2023,3,882.24,6993.91
2612,2021,3,2024,4,231.87,7225.78
2613,2021,0,2021,1,8089.7,8089.7
2613,2021,1,2022,2,4001.26,12090.96
2613,2021,2,2023,3,2107.54,14198.5
2613,2021,3,2024,4,174.05,14372.55
2614,2021,0,2021,1,2821.56,2794.17
2614,2021,1,2022,2,1024.26,3808.49
2614,2021,2,2023,3,664.84,4466.87
2614,2021,3,2024,4,142.49,4607.98
2615,2021,0,2021,1,4589.07,4572.79
2615,2021,1,2022,2,1657.99,6224.91
2615,2021,2,2023,3,941.55,7163.11
2615,2021,3,2024,4,260.61,7422.8
2616,2021,0,2021,1,1734.98,1711.08
2616,2021,1,2022,2,748.78,2449.55
2616,2021,2,2023,3,445.12,2888.54
2616,2021,3,2024,4,78.05,2965.52
2617,2021,0,2021,1,16332.7,16332.7
2617,2021,1,2022,2,5359.09,21691.79
2617,2021,2,2023,3,2523.1,24214.89
2617,2021,3,2024,4,1834.99,26049.88
2618,2021,0,2021,1,5965.02,5835.1
2618,2021,1,2022,2,2781.47,8555.99
2618,2021,2,2023,3,1066.09,9598.87
2618,2021,3,2024,4,337.44,9928.96
2620,2021,0,2021,1,29060.8,28176.36
2620,2021,1,2022,2,14743.11,42470.77
2620,2021,2,2023,3,3232.38,45604.78
2620,2021,3,2024,4,458.63,46049.46
2621,2021,0,2021,1,13367.12,13017.76
2621,2021,1,2022,2,5614.38,18485.4
2621,2021,2,2023,3,1648.14,20090.47
2621,2021,3,2024,4,271.07,20354.46
2623,2021,0,2021,1,3547.18,3547.18
2623,2021,1,2022,2,1306.39,4853.58
2623,2021,2,2023,3,863.26,5716.84
2623,2021,3,2024,4,255.6,5972.44
2624,2021,0,2021,1,12085.53,12085.53
2624,2021,1,2022,2,4804.33,16889.86
2624,2021,2,2023,3,2186.52,19076.38
2624,2021,3,2024,4,401.53,19477.91
2626,2021,0,2021,1,3338.38,3306.84
2626,2021,1,2022,2,1580.22,4872.13
2626,2021,2,2023,3,294.65,5164
2626,2021,3,2024,4,422.05,5582.07
2628,2021,0,2021,1,3505.34,3427.13
2628,2021,1,2022,2,1361.13,4757.89
2628,2021,2,2023,3,932.3,5669.39
2628,2021,3,2024,4,28.25,5697.02
2629,2021,0,2021,1,9942.62,9679.79
2629,2021,1,2022,2,4301.82,13867.89
2629,2021,2,2023,3,1546.04,15373.05
2629,2021,3,2024,4,326.31,15690.74
2630,2021,0,2021,1,495.62,495.62
2630,2021,1,2022,2,172.02,667.63
2630,2021,2,2023,3,88.01,755.64
2630,2021,3,2024,4,12.9,768.54
2631,2021,0,2021,1,13892.15,13892.15
2631,2021,1,2022,2,5781.07,19673.21
2631,2021,2,2023,3,2266.41,21939.63
2631,2021,3,2024,4,1286.09,23225.72
2632,2021,0,2021,1,14827.58,14614.49
2632,2021,1,2022,2,5737.89,20269.92
2632,2021,2,2023,3,1975.09,22216.63
2632,2021,3,2024,4,2046.3,24233.53
2633,2021,0,2021,1,6883.63,6883.63
2633,2021,1,2022,2,3548.45,10432.08
2633,2021,2,2023,3,934.21,11366.29
2633,2021,3,2024,4,470.38,11836.67
2636,2021,0,2021,1,723.32,689.68
2636,2021,1,2022,2,264.89,942.25
2636,2021,2,2023,3,136.9,1072.78
2636,2021,3,2024,4,1.94,1074.63
2637,2021,0,2021,1,5290.04,5067.32
2637,2021,1,2022,2,2063.67,7044.1
2637,2021,2,2023,3,758.87,7771.02
2637,2021,3,2024,4,168.48,7932.41
2638,2021,0,2021,1,13598.75,13598.75
2638,2021,1,2022,2,6670.45,20269.2
2638,2021,2,2023,3,1567.03,21836.23
2638,2021,3,2024,4,1237.69,23073.92
2639,2021,0,2021,1,8365.41,8177.47
2639,2021,1,2022,2,2775.71,10890.82
2639,2021,2,2023,3,1168.82,12033.38
2639,2021,3,2024,4,662.4,12680.9
2640,2021,0,2021,1,9786.43,9606.32
2640,2021,1,2022,2,4032.77,13564.87
2640,2021,2,2023,3,2139.16,15664.65
2640,2021,3,2024,4,49.45,15713.19
2641,2021,0,2021,1,7144.71,7136.06
2641,2021,1,2022,2,2410.47,9543.62
2641,2021,2,2023,3,1456.45,10998.31
2641,2021,3,2024,4,861.01,11858.27
2642,2021,0,2021,1,26979.08,25894.37
2642,2021,1,2022,2,9933.77,35428.75
2642,2021,2,2023,3,2865.29,38178.83
2642,2021,3,2024,4,1857.27,39961.43
2643,2021,0,2021,1,7881.17,7881.17
2643,2021,1,2022,2,2938.92,10820.1
2643,2021,2,2023,3,934.56,11754.66
2643,2021,3,2024,4,957.91,12712.57
2644,2021,0,2021,1,13762.2,13451.12
2644,2021,1,2022,2,5745.68,19066.93
2644,2021,2,2023,3,2308.13,21322.88
2644,2021,3,2024,4,349.53,21664.51
2645,2021,0,2021,1,11330.69,11330.67
2645,2021,1,2022,2,4622.2,15952.86
2645,2021,2,2023,3,1968.35,17921.2
2645,2021,3,2024,4,591.25,18512.45
2646,2021,0,2021,1,29913.94,29913.94
2646,2021,1,2022,2,15326,45239.94
2646,2021,2,2023,3,3208.93,48448.87
2646,2021,3,2024,4,3130.14,51579.01
2647,2021,0,2021,1,69796.73,66821.41
2647,2021,1,2022,2,20283.53,86240.29
2647,2021,2,2023,3,13042.49,98726.8
2647,2021,3,2024,4,1396.88,100064.13
2648,2021,0,2021,1,5347.42,5247.81
2648,2021,1,2022,2,2103.24,7311.87
2648,2021,2,2023,3,523.52,7825.64
2648,2021,3,2024,4,770.63,8581.92
2649,2021,0,2021,1,3663.17,3619.48
2649,2021,1,2022,2,1255.28,4859.79
2649,2021,2,2023,3,843.95,5693.67
2649,2021,3,2024,4,77.11,5769.86
2650,2021,0,2021,1,8424.52,8268.13
2650,2021,1,2022,2,3251.63,11459.41
2650,2021,2,2023,3,1566.24,12996.57
2650,2021,3,2024,4,288.9,13280.11
2651,2021,0,2021,1,10771.43,10680.04
2651,2021,1,2022,2,4753.76,15393.47
2651,2021,2,2023,3,2080.58,17456.4
2651,2021,3,2024,4,306.29,17760.09
2652,2021,0,2021,1,10013.94,9940.47
2652,2021,1,2022,2,3712.9,13626.14
2652,2021,2,2023,3,2208.29,15818.22
2652,2021,3,2024,4,603.87,16417.66
2653,2021,0,2021,1,9219.69,9023.11
2653,2021,1,2022,2,3363.55,12314.94
2653,2021,2,2023,3,2488.44,14750.31
2653,2021,3,2024,4,146.1,14893.3
2654,2021,0,2021,1,8778.15,8778.15
2654,2021,1,2022,2,3734.53,12512.69
2654,2021,2,2023,3,895.82,13408.51
2654,2021,3,2024,4,1023.88,14432.39
2656,2021,0,2021,1,15489.49,15416.35
2656,2021,1,2022,2,5215.53,20607.26
2656,2021,2,2023,3,3391.25,23982.49
2656,2021,3,2024,4,1085.7,25063.06
2657,2021,0,2021,1,9715.75,9491.72
2657,2021,1,2022,2,3558.85,12968.51
2657,2021,2,2023,3,1085.04,14028.53
2657,2021,3,2024,4,544.27,14560.25
2658,2021,0,2021,1,12731.4,12731.4
2658,2021,1,2022,2,5800.1,18531.5
2658,2021,2,2023,3,2315.57,20847.07
2658,2021,3,2024,4,651.81,21498.88
2659,2021,0,2021,1,505.56,504.2
2659,2021,1,2022,2,184.23,687.93
2659,2021,2,2023,3,72.79,760.53
2659,2021,3,2024,4,77.62,837.94
2661,2021,0,2021,1,2541.89,2541.89
2661,2021,1,2022,2,1000.63,3542.52
2661,2021,2,2023,3,462.11,4004.63
2661,2021,3,2024,4,192,4196.63
2662,2021,0,2021,1,6511.8,6511.8
2662,2021,1,2022,2,2078.11,8589.91
2662,2021,2,2023,3,875.31,9465.21
2662,2021,3,2024,4,600.59,10065.8
2663,2021,0,2021,1,19625.26,18659.57
2663,2021,1,2022,2,8374.4,26621.89
2663,2021,2,2023,3,2640.72,29132.67
2663,2021,3,2024,4,813.36,29906
2664,2021,0,2021,1,5720.01,5615.99
2664,2021,1,2022,2,2217.02,7792.69
2664,2021,2,2023,3,1065.63,8838.95
2664,2021,3,2024,4,92.14,8929.41
2665,2021,0,2021,1,13831.73,13566.6
2665,2021,1,2022,2,5098.83,18567.7
2665,2021,2,2023,3,1592.21,20129.39
2665,2021,3,2024,4,1184.01,21290.71
2666,2021,0,2021,1,6720,6720
2666,2021,1,2022,2,3425.15,10145.15
2666,2021,2,2023,3,730.5,10875.65
2666,2021,3,2024,4,626.66,11502.31
2667,2021,0,2021,1,16644.45,16644.45
2667,2021,1,2022,2,5726.3,22370.75
2667,2021,2,2023,3,3722.92,26093.67
2667,2021,3,2024,4,1198.95,27292.62
2668,2021,0,2021,1,6324.39,6324.39
2668,2021,1,2022,2,2123.59,8447.98
2668,2021,2,2023,3,1288.77,9736.74
2668,2021,3,2024,4,659.11,10395.85
2670,2021,0,2021,1,9391.71,9391.71
2670,2021,1,2022,2,4304.37,13696.08
2670,2021,2,2023,3,1988.1,15684.18
2670,2021,3,2024,4,168.66,15852.84
2672,2021,0,2021,1,1351.7,1347.81
2672,2021,1,2022,2,551.79,1898.01
2672,2021,2,2023,3,207.53,2104.94
2672,2021,3,2024,4,173,2277.45
2673,2021,0,2021,1,7248.09,7161.72
2673,2021,1,2022,2,2775.59,9904.24
2673,2021,2,2023,3,544.95,10442.69
2673,2021,3,2024,4,1262.53,11690.18
2675,2021,0,2021,1,23441.77,23441.77
2675,2021,1,2022,2,9442.65,32884.42
2675,2021,2,2023,3,6017.91,38902.33
2675,2021,3,2024,4,119.82,39022.15
2676,2021,0,2021,1,12931.83,12539.99
2676,2021,1,2022,2,5874.09,18236.1
2676,2021,2,2023,3,2725.85,20879.35
2676,2021,3,2024,4,195.46,21068.89
2677,2021,0,2021,1,12865.37,12787.26
2677,2021,1,2022,2,6642.8,19389.73
2677,2021,2,2023,3,1958.34,21336.18
2677,2021,3,2024,4,1007.97,22338.03
2679,2021,0,2021,1,3779.33,3752.61
2679,2021,1,2022,2,1151.03,4895.5
2679,2021,2,2023,3,753.16,5643.34
2679,2021,3,2024,4,315.83,5956.93
2680,2021,0,2021,1,5140.78,5053.53
2680,2021,1,2022,2,2147.33,7164.42
2680,2021,2,2023,3,752.3,7903.95
2680,2021,3,2024,4,263.49,8162.97
2681,2021,0,2021,1,12535.63,12032.91
2681,2021,1,2022,2,4985.48,16818.45
2681,2021,2,2023,3,2075.67,18810.87
2681,2021,3,2024,4,203.59,19006.3
2682,2021,0,2021,1,619.7,600.79
2682,2021,1,2022,2,297.52,889.24
2682,2021,2,2023,3,47.89,935.66
2682,2021,3,2024,4,3.36,938.92
2683,2021,0,2021,1,11752.41,11500.88
2683,2021,1,2022,2,5070.47,16462.83
2683,2021,2,2023,3,1796.17,18220.56
2683,2021,3,2024,4,704.75,18910.23
2684,2021,0,2021,1,1417.47,1374.03
2684,2021,1,2022,2,684.9,2037.94
2684,2021,2,2023,3,221.17,2252.33
2684,2021,3,2024,4,25.25,2276.81
2685,2021,0,2021,1,11949.9,11833.21
2685,2021,1,2022,2,4073.42,15866.86
2685,2021,2,2023,3,2714.59,18554.95
2685,2021,3,2024,4,232.88,18785.55
2686,2021,0,2021,1,1680.2,1544.74
2686,2021,1,2022,2,528.07,2030.25
2686,2021,2,2023,3,49.11,2075.4
2686,2021,3,2024,4,106.8,2173.59
2687,2021,0,2021,1,10104.66,9913.61
2687,2021,1,2022,2,5165.04,14981
2687,2021,2,2023,3,1213.15,16171.21
2687,2021,3,2024,4,1092.77,17243.32
2688,2021,0,2021,1,149007.71,148064.52
2688,2021,1,2022,2,76827.94,224406.15
2688,2021,2,2023,3,17382.75,241678.88
2688,2021,3,2024,4,3388.4,245045.83
2689,2021,0,2021,1,1421.87,1421.87
2689,2021,1,2022,2,598.25,2020.12
2689,2021,2,2023,3,274.95,2295.07
2689,2021,3,2024,4,48.8,2343.87
2690,2021,0,2021,1,152539.84,152368.37
2690,2021,1,2022,2,50548.96,202860.51
2690,2021,2,2023,3,36824.64,239643.76
2690,2021,3,2024,4,13229.09,252857.98
2691,2021,0,2021,1,10064.61,9882.58
2691,2021,1,2022,2,3559.95,13378.15
2691,2021,2,2023,3,2594.14,15925.38
2691,2021,3,2024,4,65.32,15989.52
2692,2021,0,2021,1,3431.22,3386.05
2692,2021,1,2022,2,1619.35,4984.08
2692,2021,2,2023,3,295.44,5275.64
2692,2021,3,2024,4,343.81,5614.93
2693,2021,0,2021,1,8273.94,8084.93
2693,2021,1,2022,2,2960.66,10977.96
2693,2021,2,2023,3,1007.19,11962.15
2693,2021,3,2024,4,453.54,12405.32
2694,2021,0,2021,1,13860.14,13637.07
2694,2021,1,2022,2,6902.27,20428.25
2694,2021,2,2023,3,1383.62,21789.59
2694,2021,3,2024,4,1074.15,22846.45
2697,2021,0,2021,1,10918.62,10559.71
2697,2021,1,2022,2,3728.88,14166.01
2697,2021,2,2023,3,1962.53,16064.03
2697,2021,3,2024,4,337.61,16390.54
2698,2021,0,2021,1,9277.01,9277.01
2698,2021,1,2022,2,3807.1,13084.1
2698,2021,2,2023,3,876.19,13960.3
2698,2021,3,2024,4,638.84,14599.14
2699,2021,0,2021,1,6269.41,6237.05
2699,2021,1,2022,2,2520.1,8744.15
2699,2021,2,2023,3,1125.32,9863.66
2699,2021,3,2024,4,555.09,10415.88
2700,2021,0,2021,1,20677.02,20677.02
2700,2021,1,2022,2,6965.95,27642.97
2700,2021,2,2023,3,3512.14,31155.11
2700,2021,3,2024,4,2206.69,33361.8
2702,2021,0,2021,1,4228.38,4228.38
2702,2021,1,2022,2,1677.77,5906.14
2702,2021,2,2023,3,802.94,6709.09
2702,2021,3,2024,4,387.26,7096.35
2703,2021,0,2021,1,14409.14,14064.52
2703,2021,1,2022,2,3997.42,17966.33
2703,2021,2,2023,3,3459.6,21343.19
2703,2021,3,2024,4,376.71,21710.88
2704,2021,0,2021,1,25280.89,24237.64
2704,2021,1,2022,2,12259.64,35991.37
2704,2021,2,2023,3,3536.57,39382
2704,2021,3,2024,4,129.96,39506.61
2705,2021,0,2021,1,12364.39,11729.54
2705,2021,1,2022,2,5228.97,16690.02
2705,2021,2,2023,3,2477.57,19040.39
2705,2021,3,2024,4,89.23,19125.04
2706,2021,0,2021,1,1554.08,1554.08
2706,2021,1,2022,2,796,2350.08
2706,2021,2,2023,3,31.46,2381.54
2706,2021,3,2024,4,276.27,2657.81
2707,2021,0,2021,1,10763.09,10147.93
2707,2021,1,2022,2,3717.96,13653.4
2707,2021,2,2023,3,2388.86,15905.72
2707,2021,3,2024,4,0.36,15906.06
2708,2021,0,2021,1,18911.22,18911.22
2708,2021,1,2022,2,8127.22,27038.44
2708,2021,2,2023,3,3232.42,30270.85
2708,2021,3,2024,4,2543.97,32814.82
2709,2021,0,2021,1,6208.92,6002.06
2709,2021,1,2022,2,2847.15,8754.36
2709,2021,2,2023,3,1001.6,9722.59
2709,2021,3,2024,4,112.63,9831.47
2710,2021,0,2021,1,4471.48,4361.22
2710,2021,1,2022,2,2080.13,6390.06
2710,2021,2,2023,3,620.4,6995.16
2710,2021,3,2024,4,518.41,7500.79
2711,2021,0,2021,1,10501.26,10469.76
2711,2021,1,2022,2,3399.78,13859.34
2711,2021,2,2023,3,2105.03,15958.05
2711,2021,3,2024,4,211.36,16168.78
2712,2021,0,2021,1,6292.92,6222.93
2712,2021,1,2022,2,3375.41,9560.79
2712,2021,2,2023,3,1436.42,10981.23
2712,2021,3,2024,4,34.98,11015.83
2714,2021,0,2021,1,2013.57,2009.64
2714,2021,1,2022,2,724.87,2733.08
2714,2021,2,2023,3,249.57,2982.16
2714,2021,3,2024,4,243.1,3224.79
2715,2021,0,2021,1,89337.17,89191.57
2715,2021,1,2022,2,34997.6,124132.13
2715,2021,2,2023,3,20830,144928.19
2715,2021,3,2024,4,700.89,145627.93
2716,2021,0,2021,1,8268.26,8035.77
2716,2021,1,2022,2,4119.52,12039.46
2716,2021,2,2023,3,1454.22,13452.79
2716,2021,3,2024,4,387.83,13829.71
2717,2021,0,2021,1,1207.99,1207.99
2717,2021,1,2022,2,450.89,1658.88
2717,2021,2,2023,3,288.95,1947.83
2717,2021,3,2024,4,18.29,1966.12
2719,2021,0,2021,1,3223.74,3142.02
2719,2021,1,2022,2,1139.77,4252.9
2719,2021,2,2023,3,376.61,4619.96
2719,2021,3,2024,4,285.83,4898.54
2721,2021,0,2021,1,1726.48,1712.18
2721,2021,1,2022,2,774.22,2479.99
2721,2021,2,2023,3,339.33,2816.51
2721,2021,3,2024,4,13.9,2830.3
2723,2021,0,2021,1,4995.64,4853.67
2723,2021,1,2022,2,2704.31,7481.13
2723,2021,2,2023,3,725.41,8185.92
2723,2021,3,2024,4,183.56,8364.26
2724,2021,0,2021,1,14601.61,14453.52
2724,2021,1,2022,2,5007.48,19410.22
2724,2021,2,2023,3,2547.01,21931.39
2724,2021,3,2024,4,1438.08,23354.89
2727,2021,0,2021,1,2409.02,2404.83
2727,2021,1,2022,2,1023.96,3427.02
2727,2021,2,2023,3,350.77,3777.18
2727,2021,3,2024,4,278.09,4054.79
2728,2021,0,2021,1,18078.69,17647.95
2728,2021,1,2022,2,10241.24,27645.18
2728,2021,2,2023,3,1268.59,28883.54
2728,2021,3,2024,4,2004.65,30840.43
2731,2021,0,2021,1,23446.96,23079.87
2731,2021,1,2022,2,9507.75,32438.76
2731,2021,2,2023,3,3767.88,36147.65
2731,2021,3,2024,4,2208.45,38321.52
2733,2021,0,2021,1,1500.38,1500.38
2733,2021,1,2022,2,628.09,2128.47
2733,2021,2,2023,3,177.48,2305.95
2733,2021,3,2024,4,111.4,2417.35
2734,2021,0,2021,1,15974.94,15974.94
2734,2021,1,2022,2,6459.45,22434.4
2734,2021,2,2023,3,2759.24,25193.64
2734,2021,3,2024,4,1161.53,26355.17
2735,2021,0,2021,1,7557.71,7444.56
2735,2021,1,2022,2,1976.88,9391.85
2735,2021,2,2023,3,1504.47,10873.79
2735,2021,3,2024,4,541.5,11407.19
2738,2021,0,2021,1,7760.36,7760.36
2738,2021,1,2022,2,2676.32,10436.69
2738,2021,2,2023,3,2214.14,12650.82
2738,2021,3,2024,4,213.8,12864.62
2739,2021,0,2021,1,20658.11,20658.11
2739,2021,1,2022,2,10155.82,30813.92
2739,2021,2,2023,3,2868.1,33682.03
2739,2021,3,2024,4,2170.93,35852.96
2740,2021,0,2021,1,20224.77,20224.77
2740,2021,1,2022,2,8538.06,28762.84
2740,2021,2,2023,3,1540.37,30303.21
2740,2021,3,2024,4,3082.49,33385.7
2741,2021,0,2021,1,8696.4,8600.5
2741,2021,1,2022,2,4398.83,12950.82
2741,2021,2,2023,3,1074.88,14013.84
2741,2021,3,2024,4,228.41,14239.73
2746,2021,0,2021,1,1822.27,1798.98
2746,2021,1,2022,2,652.94,2443.58
2746,2021,2,2023,3,362.36,2801.31
2746,2021,3,2024,4,164.66,2963.86
2747,2021,0,2021,1,10344.22,10344.22
2747,2021,1,2022,2,4142.63,14486.86
2747,2021,2,2023,3,670.2,15157.06
2747,2021,3,2024,4,1741.48,16898.54
2749,2021,0,2021,1,4180.87,4180.87
2749,2021,1,2022,2,1734.41,5915.27
2749,2021,2,2023,3,1010.79,6926.06
2749,2021,3,2024,4,341.47,7267.53
2750,2021,0,2021,1,2220.3,2132.97
2750,2021,1,2022,2,786.7,2888.72
2750,2021,2,2023,3,416.78,3289.12
2750,2021,3,2024,4,99.53,3384.73
2751,2021,0,2021,1,6890.29,6596.08
2751,2021,1,2022,2,2786.04,9263.16
2751,2021,2,2023,3,1193.52,10405.72
2751,2021,3,2024,4,147.77,10547.18
2752,2021,0,2021,1,8469.63,8291.21
2752,2021,1,2022,2,2454.33,10693.84
2752,2021,2,2023,3,1604.94,12264.97
2752,2021,3,2024,4,617.68,12869.64
2753,2021,0,2021,1,11372.77,11326.26
2753,2021,1,2022,2,4266.1,15574.91
2753,2021,2,2023,3,2555.12,18119.58
2753,2021,3,2024,4,208.44,18327.16
2754,2021,0,2021,1,14454.98,14240.59
2754,2021,1,2022,2,7168.05,21302.34
2754,2021,2,2023,3,2328.39,23596.2
2754,2021,3,2024,4,154.64,23748.55
2755,2021,0,2021,1,16056.43,15546.08
2755,2021,1,2022,2,5608.5,20976.31
2755,2021,2,2023,3,2081.54,22991.69
2755,2021,3,2024,4,840.07,23805.06
2756,2021,0,2021,1,2396.6,2396.6
2756,2021,1,2022,2,790.05,3186.65
2756,2021,2,2023,3,517.29,3703.94
2756,2021,3,2024,4,291.02,3994.96
2757,2021,0,2021,1,11865.7,11587.49
2757,2021,1,2022,2,4556.7,16037.34
2757,2021,2,2023,3,1858.6,17852.37
2757,2021,3,2024,4,810.29,18643.66
2758,2021,0,2021,1,3637.24,3610.89
2758,2021,1,2022,2,1462.24,5062.54
2758,2021,2,2023,3,631.15,5689.11
2758,2021,3,2024,4,182.43,5870.23
2759,2021,0,2021,1,14396.03,14089.61
2759,2021,1,2022,2,6040.13,20001.18
2759,2021,2,2023,3,2693.47,22637.32
2759,2021,3,2024,4,311.95,22942.64
2760,2021,0,2021,1,9190.51,9058.21
2760,2021,1,2022,2,4810.66,13799.61
2760,2021,2,2023,3,1200.89,14983.21
2760,2021,3,2024,4,1028.31,15996.72
2761,2021,0,2021,1,3898.6,3898.6
2761,2021,1,2022,2,1618.19,5516.8
2761,2021,2,2023,3,366.17,5882.97
2761,2021,3,2024,4,320.43,6203.4
2762,2021,0,2021,1,97887.48,97887.48
2762,2021,1,2022,2,32114.94,130002.43
2762,2021,2,2023,3,26121.46,156123.89
2762,2021,3,2024,4,4602.79,160726.68
2763,2021,0,2021,1,5434.1,5383
2763,2021,1,2022,2,1413.51,6783.23
2763,2021,2,2023,3,1518.78,8287.72
2763,2021,3,2024,4,98.93,8385.72
2764,2021,0,2021,1,8366.09,8366.09
2764,2021,1,2022,2,3109.63,11475.72
2764,2021,2,2023,3,1820.14,13295.86
2764,2021,3,2024,4,0,13295.86
2766,2021,0,2021,1,9981.96,9981.96
2766,2021,1,2022,2,3804.43,13786.4
2766,2021,2,2023,3,844.54,14630.94
2766,2021,3,2024,4,1860.84,16491.78
2767,2021,0,2021,1,47779.79,47779.79
2767,2021,1,2022,2,21735.36,69515.14
2767,2021,2,2023,3,7405.29,76920.43
2767,2021,3,2024,4,4508.08,81428.51
2768,2021,0,2021,1,4191.04,3980.23
2768,2021,1,2022,2,1509.98,5414.26
2768,2021,2,2023,3,975.83,6341.01
2768,2021,3,2024,4,109.36,6444.87
2769,2021,0,2021,1,11279.94,11279.94
2769,2021,1,2022,2,5721.7,17001.64
2769,2021,2,2023,3,1481.31,18482.95
2769,2021,3,2024,4,1188.32,19671.27
2770,2021,0,2021,1,160923.98,160923.98
2770,2021,1,2022,2,75904.3,236828.28
2770,2021,2,2023,3,26075.26,262903.54
2770,2021,3,2024,4,19558.52,282462.06
2771,2021,0,2021,1,4395.74,4379
2771,2021,1,2022,2,1777,6149.22
2771,2021,2,2023,3,537.15,6684.32
2771,2021,3,2024,4,244.04,6927.43
2772,2021,0,2021,1,15104.18,15104.18
2772,2021,1,2022,2,5743.48,20847.66
2772,2021,2,2023,3,2382.66,23230.32
2772,2021,3,2024,4,1517.85,24748.17
2773,2021,0,2021,1,2321.54,2321.54
2773,2021,1,2022,2,786.51,3108.05
2773,2021,2,2023,3,600.21,3708.26
2773,2021,3,2024,4,218.29,3926.55
2774,2021,0,2021,1,6013.67,5952.22
2774,2021,1,2022,2,2169.21,8099.26
2774,2021,2,2023,3,1335.22,9420.84
2774,2021,3,2024,4,289.9,9707.78
2777,2021,0,2021,1,30801.03,30801.03
2777,2021,1,2022,2,11895.35,42696.38
2777,2021,2,2023,3,5002.32,47698.7
2777,2021,3,2024,4,2919.36,50618.06
2778,2021,0,2021,1,8045.9,7924.83
2778,2021,1,2022,2,3346.48,11220.95
2778,2021,2,2023,3,1352.74,12553.33
2778,2021,3,2024,4,321.45,12869.94
2779,2021,0,2021,1,12537.41,12286.02
2779,2021,1,2022,2,6890.18,19038.04
2779,2021,2,2023,3,2151.29,21146.2
2779,2021,3,2024,4,180.28,21322.87
2780,2021,0,2021,1,13610.81,13610.81
2780,2021,1,2022,2,5528.27,19139.08
2780,2021,2,2023,3,860.51,19999.59
2780,2021,3,2024,4,1550.31,21549.9
2781,2021,0,2021,1,10352.68,10158.72
2781,2021,1,2022,2,4018.53,14101.96
2781,2021,2,2023,3,1912.18,15978.32
2781,2021,3,2024,4,376.07,16347.34
2782,2021,0,2021,1,13587.1,13587.1
2782,2021,1,2022,2,5465.57,19052.67
2782,2021,2,2023,3,1898.75,20951.43
2782,2021,3,2024,4,1131.32,22082.75
2783,2021,0,2021,1,11019.98,10777.69
2783,2021,1,2022,2,4013.26,14702.72
2783,2021,2,2023,3,1914.51,16575.14
2783,2021,3,2024,4,474.15,17038.86
2784,2021,0,2021,1,17176.67,16730.01
2784,2021,1,2022,2,6412.27,22975.54
2784,2021,2,2023,3,2746.28,25650.41
2784,2021,3,2024,4,956.53,26582.06
2785,2021,0,2021,1,39279.29,38245.25
2785,2021,1,2022,2,18641.42,56395.93
2785,2021,2,2023,3,5663.65,61910.48
2785,2021,3,2024,4,1985.73,63843.94
2786,2021,0,2021,1,12806.36,12806.36
2786,2021,1,2022,2,5102.45,17908.82
2786,2021,2,2023,3,2251.51,20160.32
2786,2021,3,2024,4,734.43,20894.75
2787,2021,0,2021,1,24100.25,23808.29
2787,2021,1,2022,2,9179.95,32877.04
2787,2021,2,2023,3,4444.99,37268.18
2787,2021,3,2024,4,1115.31,38369.98
2788,2021,0,2021,1,2592.68,2515.15
2788,2021,1,2022,2,1193.21,3672.68
2788,2021,2,2023,3,481.6,4139.89
2788,2021,3,2024,4,55.68,4193.9
2789,2021,0,2021,1,21031.38,21031.38
2789,2021,1,2022,2,9271.15,30302.53
2789,2021,2,2023,3,3896.04,34198.57
2789,2021,3,2024,4,1277.78,35476.35
2790,2021,0,2021,1,37799.5,37799.5
2790,2021,1,2022,2,14016.08,51815.58
2790,2021,2,2023,3,8166.08,59981.66
2790,2021,3,2024,4,1094.43,61076.09
2791,2021,0,2021,1,71349.41,70456.09
2791,2021,1,2022,2,30645.32,100717.72
2791,2021,2,2023,3,17726.56,118222.34
2791,2021,3,2024,4,2034.22,120231.09
2792,2021,0,2021,1,2145.85,2044.43
2792,2021,1,2022,2,1044.47,3039.53
2792,2021,2,2023,3,379.41,3401
2792,2021,3,2024,4,96.19,3492.65
2794,2021,0,2021,1,8924.87,8355.52
2794,2021,1,2022,2,4167.34,12257
2794,2021,2,2023,3,727.6,12938.19
2794,2021,3,2024,4,324.52,13242.01
2795,2021,0,2021,1,26768.84,26275.84
2795,2021,1,2022,2,13669.4,39693.48
2795,2021,2,2023,3,3853.62,43476.13
2795,2021,3,2024,4,2016.15,45455.15
2797,2021,0,2021,1,7305.07,7305.07
2797,2021,1,2022,2,3716.12,11021.2
2797,2021,2,2023,3,768.12,11789.32
2797,2021,3,2024,4,467.1,12256.42
2798,2021,0,2021,1,20886.34,20886.34
2798,2021,1,2022,2,7600.93,28487.28
2798,2021,2,2023,3,3593.03,32080.31
2798,2021,3,2024,4,1626.45,33706.76
2799,2021,0,2021,1,3457.27,3311.41
2799,2021,1,2022,2,1727.35,4965.89
2799,2021,2,2023,3,250.46,5205.78
2799,2021,3,2024,4,75.09,5277.7
2800,2021,0,2021,1,13529.31,13312.38
2800,2021,1,2022,2,5965.76,19182.48
2800,2021,2,2023,3,2699.2,21838.41
2800,2021,3,2024,4,155.34,21991.26
2802,2021,0,2021,1,6285.02,6191.94
2802,2021,1,2022,2,2653.66,8806.3
2802,2021,2,2023,3,1509.5,10293.45
2802,2021,3,2024,4,38.83,10331.7
2803,2021,0,2021,1,4957,4782.04
2803,2021,1,2022,2,2127.78,6834.71
2803,2021,2,2023,3,381.9,7203.13
2803,2021,3,2024,4,244.21,7438.72
2805,2021,0,2021,1,72422.61,69647.64
2805,2021,1,2022,2,28872.18,97413.54
2805,2021,2,2023,3,11945.52,108901.35
2805,2021,3,2024,4,842.66,109711.72
2806,2021,0,2021,1,9494.06,9494.06
2806,2021,1,2022,2,3755.84,13249.9
2806,2021,2,2023,3,934.56,14184.46
2806,2021,3,2024,4,1198.55,15383.01
2807,2021,0,2021,1,2136.57,2130.78
2807,2021,1,2022,2,754.95,2883.69
2807,2021,2,2023,3,490.88,3373.24
2807,2021,3,2024,4,137.4,3510.27
2808,2021,0,2021,1,6696.03,6438.38
2808,2021,1,2022,2,2110.36,8467.53
2808,2021,2,2023,3,1294.19,9711.93
2808,2021,3,2024,4,103.92,9811.84
2809,2021,0,2021,1,1507.68,1507.68
2809,2021,1,2022,2,652.83,2160.51
2809,2021,2,2023,3,374.18,2534.69
2809,2021,3,2024,4,116.19,2650.88
2810,2021,0,2021,1,16854.68,16463.42
2810,2021,1,2022,2,7159.8,23457
2810,2021,2,2023,3,2631.48,26027.4
2810,2021,3,2024,4,405.97,26423.95
2811,2021,0,2021,1,4952.58,4803.35
2811,2021,1,2022,2,2066.49,6807.58
2811,2021,2,2023,3,498.48,7291.04
2811,2021,3,2024,4,289.51,7571.83
2812,2021,0,2021,1,21749.28,21505.2
2812,2021,1,2022,2,5871.07,27310.38
2812,2021,2,2023,3,5484.68,32733.51
2812,2021,3,2024,4,193.51,32924.85
2814,2021,0,2021,1,9785.79,9496.49
2814,2021,1,2022,2,3021.36,12428.52
2814,2021,2,2023,3,3052.37,15390.65
2814,2021,3,2024,4,80.56,15468.83
2815,2021,0,2021,1,5966.78,5966.78
2815,2021,1,2022,2,2663.86,8630.64
2815,2021,2,2023,3,1002.52,9633.15
2815,2021,3,2024,4,369.68,10002.83
2816,2021,0,2021,1,9255.61,9255.61
2816,2021,1,2022,2,2882.03,12137.64
2816,2021,2,2023,3,1015.11,13152.75
2816,2021,3,2024,4,1492.51,14645.26
2817,2021,0,2021,1,29836.14,29836.14
2817,2021,1,2022,2,13245.98,43082.11
2817,2021,2,2023,3,6617.16,49699.28
2817,2021,3,2024,4,987.1,50686.38
2818,2021,0,2021,1,13454.05,13454.05
2818,2021,1,2022,2,5203.27,18657.32
2818,2021,2,2023,3,2047.37,20704.69
2818,2021,3,2024,4,1222.46,21927.15
2819,2021,0,2021,1,8596.2,8443.14
2819,2021,1,2022,2,3798.31,12173.82
2819,2021,2,2023,3,1522.39,13669.1
2819,2021,3,2024,4,214.04,13879.34
2820,2021,0,2021,1,14974.8,14974.8
2820,2021,1,2022,2,7176.26,22151.05
2820,2021,2,2023,3,2238.53,24389.58
2820,2021,3,2024,4,802.09,25191.67
2823,2021,0,2021,1,5456,5424.89
2823,2021,1,2022,2,2430.12,7841.15
2823,2021,2,2023,3,830.62,8667.04
2823,2021,3,2024,4,453.87,9118.32
2826,2021,0,2021,1,263.71,256.48
2826,2021,1,2022,2,98.68,352.46
2826,2021,2,2023,3,44.55,395.79
2826,2021,3,2024,4,10.18,405.69
2827,2021,0,2021,1,6877.82,6601.08
2827,2021,1,2022,2,2640.85,9135.67
2827,2021,2,2023,3,1429.64,10507.78
2827,2021,3,2024,4,41.01,10547.14
2828,2021,0,2021,1,7148.83,6994.37
2828,2021,1,2022,2,2931.13,9862.17
2828,2021,2,2023,3,1390.98,11223.09
2828,2021,3,2024,4,340.17,11555.92
2829,2021,0,2021,1,7438.3,7291.24
2829,2021,1,2022,2,3311.61,10537.38
2829,2021,2,2023,3,1277.5,11789.63
2829,2021,3,2024,4,246.42,12031.18
2830,2021,0,2021,1,2680.94,2570.64
2830,2021,1,2022,2,888.12,3422.22
2830,2021,2,2023,3,479.95,3882.43
2830,2021,3,2024,4,81.06,3960.16
2832,2021,0,2021,1,3837.74,3801.44
2832,2021,1,2022,2,1611.67,5397.86
2832,2021,2,2023,3,285.89,5681.05
2832,2021,3,2024,4,635.45,6310.49
2833,2021,0,2021,1,10622.86,10368.25
2833,2021,1,2022,2,4749.87,15004.28
2833,2021,2,2023,3,1377.47,16348.74
2833,2021,3,2024,4,458.9,16796.64
2834,2021,0,2021,1,29710.63,29710.63
2834,2021,1,2022,2,11408.24,41118.86
2834,2021,2,2023,3,5043.15,46162.02
2834,2021,3,2024,4,3095.77,49257.79
2835,2021,0,2021,1,12944.18,12944.18
2835,2021,1,2022,2,5439.39,18383.57
2835,2021,2,2023,3,1486.56,19870.12
2835,2021,3,2024,4,1877.16,21747.28
2836,2021,0,2021,1,4518.5,4455.89
2836,2021,1,2022,2,1696.03,6128.42
2836,2021,2,2023,3,755.87,6873.81
2836,2021,3,2024,4,398.98,7267.26
2837,2021,0,2021,1,6674.51,6555.65
2837,2021,1,2022,2,2302.45,8817.1
2837,2021,2,2023,3,1635.44,10423.41
2837,2021,3,2024,4,287.23,10705.52
2838,2021,0,2021,1,2090.62,2090.62
2838,2021,1,2022,2,900.13,2990.75
2838,2021,2,2023,3,264.84,3255.59
2838,2021,3,2024,4,301.94,3557.53
2839,2021,0,2021,1,16679.62,16679.62
2839,2021,1,2022,2,6538.75,23218.37
2839,2021,2,2023,3,4933.33,28151.7
2839,2021,3,2024,4,205.28,28356.98
2840,2021,0,2021,1,19119.53,19119.53
2840,2021,1,2022,2,6313.27,25432.81
2840,2021,2,2023,3,3596.41,29029.21
2840,2021,3,2024,4,1363.91,30393.12
2842,2021,0,2021,1,13439.36,12681.86
2842,2021,1,2022,2,4161.01,16608.34
2842,2021,2,2023,3,1589.06,18107.83
2842,2021,3,2024,4,1011.61,19062.42
2843,2021,0,2021,1,3786.45,3734.64
2843,2021,1,2022,2,1788.47,5498.65
2843,2021,2,2023,3,719.34,6208.15
2843,2021,3,2024,4,52.95,6260.37
2844,2021,0,2021,1,42368.61,41777.56
2844,2021,1,2022,2,21985.29,63456.15
2844,2021,2,2023,3,4045.07,67444.78
2844,2021,3,2024,4,4053.81,71442.04
2845,2021,0,2021,1,13566.42,12977.76
2845,2021,1,2022,2,5580.71,18316.32
2845,2021,2,2023,3,2631.43,20833.57
2845,2021,3,2024,4,337.95,21156.86
2846,2021,0,2021,1,11043.93,10754.23
2846,2021,1,2022,2,4480.25,15116.96
2846,2021,2,2023,3,2423.89,17477.27
2846,2021,3,2024,4,307.32,17776.53
2847,2021,0,2021,1,1549.67,1549.67
2847,2021,1,2022,2,694.26,2243.93
2847,2021,2,2023,3,107.03,2350.96
2847,2021,3,2024,4,168.86,2519.82
2848,2021,0,2021,1,8510.55,8496.62
2848,2021,1,2022,2,3668.9,12159.52
2848,2021,2,2023,3,195.19,12354.39
2848,2021,3,2024,4,1183.08,13535.53
2850,2021,0,2021,1,1583.01,1583.01
2850,2021,1,2022,2,641.17,2224.18
2850,2021,2,2023,3,354.03,2578.22
2850,2021,3,2024,4,138.94,2717.16
2851,2021,0,2021,1,1745.23,1745.23
2851,2021,1,2022,2,777.37,2522.61
2851,2021,2,2023,3,346.37,2868.98
2851,2021,3,2024,4,27.29,2896.27
2853,2021,0,2021,1,1305.62,1262.74
2853,2021,1,2022,2,666.13,1906.98
2853,2021,2,2023,3,190.03,2090.77
2853,2021,3,2024,4,15.47,2105.73
2854,2021,0,2021,1,12630.47,12443.76
2854,2021,1,2022,2,5414.49,17778.22
2854,2021,2,2023,3,1147.98,18909.23
2854,2021,3,2024,4,1339.97,20229.39
2855,2021,0,2021,1,10665.87,10665.87
2855,2021,1,2022,2,4099.64,14765.51
2855,2021,2,2023,3,1795.14,16560.65
2855,2021,3,2024,4,700.43,17261.08
2857,2021,0,2021,1,12360.6,12360.6
2857,2021,1,2022,2,5036.2,17396.81
2857,2021,2,2023,3,2228.61,19625.41
2857,2021,3,2024,4,839.84,20465.25
2858,2021,0,2021,1,18174.48,17163.87
2858,2021,1,2022,2,6027.83,22856.51
2858,2021,2,2023,3,2250.66,24982.02
2858,2021,3,2024,4,454.45,25411.2
2859,2021,0,2021,1,2116.31,2027.72
2859,2021,1,2022,2,769.15,2764.67
2859,2021,2,2023,3,285.94,3038.64
2859,2021,3,2024,4,81.98,3117.2
2860,2021,0,2021,1,10233.88,10161.91
2860,2021,1,2022,2,4862.04,14989.77
2860,2021,2,2023,3,2836.82,17806.65
2860,2021,3,2024,4,147.9,17953.5
2861,2021,0,2021,1,7958.84,7895.91
2861,2021,1,2022,2,3728.31,11594.74
2861,2021,2,2023,3,209.45,11802.54
2861,2021,3,2024,4,1397.81,13189.3
2864,2021,0,2021,1,19987.99,19660.8
2864,2021,1,2022,2,8149,27676.41
2864,2021,2,2023,3,4352.51,31957.67
2864,2021,3,2024,4,1366.02,33301.33
2865,2021,0,2021,1,9990.12,9751.03
2865,2021,1,2022,2,3509.24,13176.28
2865,2021,2,2023,3,1393.72,14536.64
2865,2021,3,2024,4,616.97,15138.84
2866,2021,0,2021,1,2805.22,2693.68
2866,2021,1,2022,2,1242.05,3886.35
2866,2021,2,2023,3,387.79,4258.73
2866,2021,3,2024,4,113.03,4367.26
2867,2021,0,2021,1,7126.53,7126.53
2867,2021,1,2022,2,3095.49,10222.02
2867,2021,2,2023,3,1129.92,11351.95
2867,2021,3,2024,4,491.08,11843.03
2868,2021,0,2021,1,14221.01,13833.29
2868,2021,1,2022,2,5277.83,18967.23
2868,2021,2,2023,3,1814.81,20732.56
2868,2021,3,2024,4,600.97,21317.14
2869,2021,0,2021,1,8302.58,8274.23
2869,2021,1,2022,2,3402.8,11665.41
2869,2021,2,2023,3,1381.31,13042
2869,2021,3,2024,4,521.47,13561.69
2870,2021,0,2021,1,3496.93,3448.55
2870,2021,1,2022,2,1546.57,4973.73
2870,2021,2,2023,3,673.59,5637.99
2870,2021,3,2024,4,156.81,5792.63
2871,2021,0,2021,1,29921.06,29350.47
2871,2021,1,2022,2,12014.97,41136.31
2871,2021,2,2023,3,7556.41,48548.62
2871,2021,3,2024,4,155.44,48701.09
2872,2021,0,2021,1,1864.78,1818.51
2872,2021,1,2022,2,789.44,2588.36
2872,2021,2,2023,3,268.75,2850.44
2872,2021,3,2024,4,89.34,2937.57
2873,2021,0,2021,1,10433.19,10068.28
2873,2021,1,2022,2,4156.18,14079.09
2873,2021,2,2023,3,792.82,14844.19
2873,2021,3,2024,4,1293.95,16092.88
2874,2021,0,2021,1,6375.67,6225.45
2874,2021,1,2022,2,2948.87,9104.84
2874,2021,2,2023,3,1119.78,10198.23
2874,2021,3,2024,4,79.33,10275.69
2875,2021,0,2021,1,10928.52,10928.52
2875,2021,1,2022,2,4020.18,14948.7
2875,2021,2,2023,3,2047.5,16996.21
2875,2021,3,2024,4,1014.25,18010.46
2876,2021,0,2021,1,5656.18,5539.39
2876,2021,1,2022,2,2850.19,8330.72
2876,2021,2,2023,3,673.88,8990.69
2876,2021,3,2024,4,344.84,9328.41
2877,2021,0,2021,1,7567.93,7567.93
2877,2021,1,2022,2,3018.59,10586.52
2877,2021,2,2023,3,1867.54,12454.06
2877,2021,3,2024,4,36.36,12490.42
2878,2021,0,2021,1,6834.09,6834.09
2878,2021,1,2022,2,2607.51,9441.6
2878,2021,2,2023,3,864.77,10306.37
2878,2021,3,2024,4,722.3,11028.67
2879,2021,0,2021,1,29199.53,29199.53
2879,2021,1,2022,2,10088.38,39287.91
2879,2021,2,2023,3,6942.54,46230.45
2879,2021,3,2024,4,594.64,46825.09
2880,2021,0,2021,1,3988.06,3982.57
2880,2021,1,2022,2,1730.89,5711.07
2880,2021,2,2023,3,1105.17,6814.72
2880,2021,3,2024,4,164.79,6979.29
2882,2021,0,2021,1,2500.69,2432.31
2882,2021,1,2022,2,1082.11,3484.83
2882,2021,2,2023,3,442.79,3915.51
2882,2021,3,2024,4,213.77,4123.44
2883,2021,0,2021,1,15381.83,14791.28
2883,2021,1,2022,2,7281.82,21793.53
2883,2021,2,2023,3,1939.87,23658.92
2883,2021,3,2024,4,951.17,24573.57
2884,2021,0,2021,1,38566.58,37001.67
2884,2021,1,2022,2,15465,51839.14
2884,2021,2,2023,3,6722.04,58288.43
2884,2021,3,2024,4,382.31,58655.22
2885,2021,0,2021,1,13240.11,13155.29
2885,2021,1,2022,2,5553.79,18673.5
2885,2021,2,2023,3,1662.26,20325.11
2885,2021,3,2024,4,1296.94,21613.74
2886,2021,0,2021,1,5161.62,5114.78
2886,2021,1,2022,2,2006.17,7102.75
2886,2021,2,2023,3,966.47,8060.44
2886,2021,3,2024,4,279.15,8337.06
2887,2021,0,2021,1,17609.04,16714.04
2887,2021,1,2022,2,6892.15,23255.88
2887,2021,2,2023,3,2332.72,25470.04
2887,2021,3,2024,4,56.84,25523.99
2888,2021,0,2021,1,6411.95,6411.95
2888,2021,1,2022,2,3472.88,9884.83
2888,2021,2,2023,3,77.86,9962.69
2888,2021,3,2024,4,1123.88,11086.57
2890,2021,0,2021,1,98137.85,98137.85
2890,2021,1,2022,2,41324.04,139461.89
2890,2021,2,2023,3,14220.61,153682.5
2890,2021,3,2024,4,3705.79,157388.29
2891,2021,0,2021,1,20485.58,20131.9
2891,2021,1,2022,2,9843.32,29805.28
2891,2021,2,2023,3,5308.13,35021.76
2891,2021,3,2024,4,465.16,35478.89
2892,2021,0,2021,1,1564.27,1520.16
2892,2021,1,2022,2,717.95,2217.86
2892,2021,2,2023,3,289.77,2499.47
2892,2021,3,2024,4,70.86,2568.33
2893,2021,0,2021,1,2976.5,2893.81
2893,2021,1,2022,2,1412.67,4267.22
2893,2021,2,2023,3,353.57,4610.97
2893,2021,3,2024,4,196.91,4802.41
2894,2021,0,2021,1,11125.48,10971.49
2894,2021,1,2022,2,4243.85,15156.6
2894,2021,2,2023,3,1752.43,16884.78
2894,2021,3,2024,4,649.39,17525.18
2895,2021,0,2021,1,8868.37,8868.37
2895,2021,1,2022,2,2444.33,11312.7
2895,2021,2,2023,3,1870.78,13183.48
2895,2021,3,2024,4,851.57,14035.05
2896,2021,0,2021,1,8323.11,8255.31
2896,2021,1,2022,2,3975.01,12197.94
2896,2021,2,2023,3,767.3,12958.98
2896,2021,3,2024,4,1097.63,14047.68
2897,2021,0,2021,1,110935.82,106462.23
2897,2021,1,2022,2,44715.85,149374.87
2897,2021,2,2023,3,20563.12,169108.76
2897,2021,3,2024,4,203.88,169304.42
2898,2021,0,2021,1,19777.01,19662.67
2898,2021,1,2022,2,7433.79,27053.47
2898,2021,2,2023,3,3831.8,30863.12
2898,2021,3,2024,4,1624.73,32478.46
2899,2021,0,2021,1,10344.81,10344.81
2899,2021,1,2022,2,5666.11,16010.92
2899,2021,2,2023,3,871.81,16882.73
2899,2021,3,2024,4,1101.8,17984.53
2900,2021,0,2021,1,20365.46,20365.46
2900,2021,1,2022,2,10198.16,30563.61
2900,2021,2,2023,3,3202.51,33766.12
2900,2021,3,2024,4,2372.49,36138.61
2903,2021,0,2021,1,13372.62,13172.55
2903,2021,1,2022,2,4776.68,17877.76
2903,2021,2,2023,3,1163.99,19024.33
2903,2021,3,2024,4,1656.78,20656.32
2904,2021,0,2021,1,129.3,122.93
2904,2021,1,2022,2,53.39,173.7
2904,2021,2,2023,3,11.37,184.5
2904,2021,3,2024,4,7.83,191.95
2906,2021,0,2021,1,37860.99,37040.08
2906,2021,1,2022,2,15425.63,52131.24
2906,2021,2,2023,3,6286.64,58281.57
2906,2021,3,2024,4,825.35,59089.03
2907,2021,0,2021,1,3561.84,3561.84
2907,2021,1,2022,2,1392.38,4954.22
2907,2021,2,2023,3,487.21,5441.43
2907,2021,3,2024,4,281.64,5723.07
2912,2021,0,2021,1,11217.13,10639.48
2912,2021,1,2022,2,6435.5,16743.58
2912,2021,2,2023,3,355.96,17081.2
2912,2021,3,2024,4,1055.11,18081.97
2913,2021,0,2021,1,16167.62,15903.65
2913,2021,1,2022,2,6142.83,21946.19
2913,2021,2,2023,3,1942.21,23856.69
2913,2021,3,2024,4,1820.95,25647.91
2915,2021,0,2021,1,6585.74,6384.74
2915,2021,1,2022,2,2469.64,8779.01
2915,2021,2,2023,3,1477.97,10211.87
2915,2021,3,2024,4,108.01,10316.58
2916,2021,0,2021,1,3270.19,3179.39
2916,2021,1,2022,2,1316.87,4459.7
2916,2021,2,2023,3,447.61,4894.88
2916,2021,3,2024,4,294.13,5180.85
2917,2021,0,2021,1,420.7,414.45
2917,2021,1,2022,2,155.41,567.54
2917,2021,2,2023,3,23.18,590.38
2917,2021,3,2024,4,88.9,677.96
2918,2021,0,2021,1,10322.49,10322.49
2918,2021,1,2022,2,4173.64,14496.13
2918,2021,2,2023,3,381.78,14877.91
2918,2021,3,2024,4,1658.74,16536.65
2919,2021,0,2021,1,1575.74,1514.36
2919,2021,1,2022,2,652.13,2141.09
2919,2021,2,2023,3,165.16,2299.81
2919,2021,3,2024,4,80.89,2377.55
2920,2021,0,2021,1,10736.47,10170.38
2920,2021,1,2022,2,4548.84,14479.37
2920,2021,2,2023,3,2198.01,16561.49
2920,2021,3,2024,4,19.03,16579.51
2921,2021,0,2021,1,8111.26,8061.09
2921,2021,1,2022,2,3729.33,11767.36
2921,2021,2,2023,3,1240.39,13000.08
2921,2021,3,2024,4,376.7,13374.45
2922,2021,0,2021,1,23695.44,23173.05
2922,2021,1,2022,2,7812.18,30813
2922,2021,2,2023,3,4384.23,35100.58
2922,2021,3,2024,4,907.34,35987.92
2924,2021,0,2021,1,8991.11,8676.69
2924,2021,1,2022,2,4436.77,12958.3
2924,2021,2,2023,3,1100.12,14019.95
2924,2021,3,2024,4,702.96,14698.33
2926,2021,0,2021,1,2664.04,2648.79
2926,2021,1,2022,2,1136.7,3778.98
2926,2021,2,2023,3,639.81,4415.13
2926,2021,3,2024,4,127.47,4541.87
2927,2021,0,2021,1,7990.04,7990.04
2927,2021,1,2022,2,2622.44,10612.48
2927,2021,2,2023,3,1884.98,12497.46
2927,2021,3,2024,4,100.89,12598.35
2929,2021,0,2021,1,3450.67,3383
2929,2021,1,2022,2,1183.1,4542.9
2929,2021,2,2023,3,496.15,5029.32
2929,2021,3,2024,4,343.14,5365.73
2930,2021,0,2021,1,13120,12599.43
2930,2021,1,2022,2,6065.59,18424.35
2930,2021,2,2023,3,1097.76,19478.56
2930,2021,3,2024,4,317.64,19783.6
2931,2021,0,2021,1,80923.63,80923.63
2931,2021,1,2022,2,32493.73,113417.35
2931,2021,2,2023,3,11039.29,124456.65
2931,2021,3,2024,4,9002.16,133458.81
2933,2021,0,2021,1,5799.54,5676.66
2933,2021,1,2022,2,1995.84,7630.2
2933,2021,2,2023,3,1313.41,8915.78
2933,2021,3,2024,4,122.28,9035.47
2934,2021,0,2021,1,10508.56,10359.77
2934,2021,1,2022,2,3910.48,14214.88
2934,2021,2,2023,3,3010.45,17182.7
2934,2021,3,2024,4,139.56,17320.28
2935,2021,0,2021,1,2200.59,2200.59
2935,2021,1,2022,2,602.66,2803.25
2935,2021,2,2023,3,506.31,3309.55
2935,2021,3,2024,4,142.3,3451.85
2937,2021,0,2021,1,16296.02,15378.1
2937,2021,1,2022,2,7102.24,22080.28
2937,2021,2,2023,3,1348.25,23352.59
2937,2021,3,2024,4,410.83,23740.28
2939,2021,0,2021,1,1968.61,1865.9
2939,2021,1,2022,2,1035.96,2847.81
2939,2021,2,2023,3,141.03,2981.48
2939,2021,3,2024,4,42.11,3021.39
2941,2021,0,2021,1,4296.53,4296.53
2941,2021,1,2022,2,2180.19,6476.72
2941,2021,2,2023,3,748.68,7225.4
2941,2021,3,2024,4,264.3,7489.7
2942,2021,0,2021,1,4960.29,4960.29
2942,2021,1,2022,2,2544.78,7505.07
2942,2021,2,2023,3,269.03,7774.1
2942,2021,3,2024,4,675.23,8449.33
2943,2021,0,2021,1,1237.63,1230.56
2943,2021,1,2022,2,628.55,1855.52
2943,2021,2,2023,3,245.87,2099.99
2943,2021,3,2024,4,42.14,2141.88
2944,2021,0,2021,1,6090.29,5990.79
2944,2021,1,2022,2,2849.77,8794
2944,2021,2,2023,3,1153.87,9929.02
2944,2021,3,2024,4,183.89,10109.91
2946,2021,0,2021,1,3251.76,3251.76
2946,2021,1,2022,2,1165.2,4416.96
2946,2021,2,2023,3,726.91,5143.87
2946,2021,3,2024,4,23.57,5167.44
2948,2021,0,2021,1,3678.36,3678.36
2948,2021,1,2022,2,1565.57,5243.92
2948,2021,2,2023,3,500.82,5744.74
2948,2021,3,2024,4,273.54,6018.28
2950,2021,0,2021,1,3826.22,3605.61
2950,2021,1,2022,2,1720.52,5226.94
2950,2021,2,2023,3,315.88,5524.6
2950,2021,3,2024,4,134.1,5650.98
2951,2021,0,2021,1,34373.86,33679.11
2951,2021,1,2022,2,13577.09,46981.79
2951,2021,2,2023,3,2299.8,49235.11
2951,2021,3,2024,4,4746.42,53885.6
2952,2021,0,2021,1,6304.75,6304.75
2952,2021,1,2022,2,2262.26,8567.01
2952,2021,2,2023,3,1031.26,9598.27
2952,2021,3,2024,4,1103.42,10701.69
2953,2021,0,2021,1,5627.52,5530.86
2953,2021,1,2022,2,2274.2,7766.01
2953,2021,2,2023,3,1752.51,9488.41
2953,2021,3,2024,4,11.63,9499.84
2954,2021,0,2021,1,7705.43,7705.43
2954,2021,1,2022,2,3558.33,11263.77
2954,2021,2,2023,3,2074.11,13337.87
2954,2021,3,2024,4,119.93,13457.8
2955,2021,0,2021,1,17037.98,17037.98
2955,2021,1,2022,2,5819.66,22857.65
2955,2021,2,2023,3,2366.21,25223.86
2955,2021,3,2024,4,3151.02,28374.88
2956,2021,0,2021,1,2716.85,2618.71
2956,2021,1,2022,2,1179.91,3756
2956,2021,2,2023,3,416.04,4157.01
2956,2021,3,2024,4,171.92,4322.72
2957,2021,0,2021,1,4250.38,4250.38
2957,2021,1,2022,2,1628.76,5879.14
2957,2021,2,2023,3,365.5,6244.64
2957,2021,3,2024,4,723.3,6967.94
2958,2021,0,2021,1,17417.8,16886.17
2958,2021,1,2022,2,8997.82,25609.36
2958,2021,2,2023,3,2222.15,27763.69
2958,2021,3,2024,4,55.74,27817.72
2959,2021,0,2021,1,9072.78,9072.78
2959,2021,1,2022,2,4221.4,13294.18
2959,2021,2,2023,3,989.69,14283.87
2959,2021,3,2024,4,863.8,15147.67
2960,2021,0,2021,1,78769.15,78769.15
2960,2021,1,2022,2,35413.31,114182.46
2960,2021,2,2023,3,22545.02,136727.48
2960,2021,3,2024,4,432.79,137160.27
2963,2021,0,2021,1,3321.96,3315.55
2963,2021,1,2022,2,1282.68,4595.75
2963,2021,2,2023,3,740.21,5334.52
2963,2021,3,2024,4,250.29,5584.33
2964,2021,0,2021,1,4812.55,4781.93
2964,2021,1,2022,2,1901.68,6671.51
2964,2021,2,2023,3,704.14,7371.17
2964,2021,3,2024,4,295.36,7664.65
2965,2021,0,2021,1,3787.11,3618.95
2965,2021,1,2022,2,1531.34,5082.29
2965,2021,2,2023,3,669.61,5722.16
2965,2021,3,2024,4,79.38,5798.01
2966,2021,0,2021,1,15340.27,15222.75
2966,2021,1,2022,2,6665.19,21836.89
2966,2021,2,2023,3,2528.17,24345.69
2966,2021,3,2024,4,455,24797.2
2967,2021,0,2021,1,14219.92,14219.92
2967,2021,1,2022,2,5656.9,19876.82
2967,2021,2,2023,3,3297.11,23173.93
2967,2021,3,2024,4,152.25,23326.18
2968,2021,0,2021,1,17913.39,17477.1
2968,2021,1,2022,2,7967.68,25250.72
2968,2021,2,2023,3,2274.4,27469.73
2968,2021,3,2024,4,500.5,27958.04
2972,2021,0,2021,1,5985.59,5896.1
2972,2021,1,2022,2,3077.29,8927.38
2972,2021,2,2023,3,205.91,9130.21
2972,2021,3,2024,4,751.22,9870.2
2974,2021,0,2021,1,12461.92,12294.38
2974,2021,1,2022,2,4572.21,16805.12
2974,2021,2,2023,3,2959.94,19725.27
2974,2021,3,2024,4,813.49,20527.83
2976,2021,0,2021,1,39388.98,39378.75
2976,2021,1,2022,2,15768.84,55143.49
2976,2021,2,2023,3,7979.76,63121.18
2976,2021,3,2024,4,2283.36,65403.95
2977,2021,0,2021,1,8292.53,8292.53
2977,2021,1,2022,2,3276.61,11569.14
2977,2021,2,2023,3,1162.83,12731.96
2977,2021,3,2024,4,890.16,13622.12
2978,2021,0,2021,1,12335.08,12335.08
2978,2021,1,2022,2,5458.89,17793.97
2978,2021,2,2023,3,2630.81,20424.78
2978,2021,3,2024,4,798.2,21222.98
2979,2021,0,2021,1,3669.1,3638.6
2979,2021,1,2022,2,1861.72,5484.83
2979,2021,2,2023,3,981.92,6458.59
2979,2021,3,2024,4,40.07,6498.32
2980,2021,0,2021,1,7165.26,6773.37
2980,2021,1,2022,2,3610.23,10186.14
2980,2021,2,2023,3,683.23,10832
2980,2021,3,2024,4,150.87,10974.63
2981,2021,0,2021,1,4489.97,4424.41
2981,2021,1,2022,2,1981.05,6376.54
2981,2021,2,2023,3,787.13,7152.17
2981,2021,3,2024,4,473.83,7619.08
2985,2021,0,2021,1,19824.51,19824.51
2985,2021,1,2022,2,7318.13,27142.64
2985,2021,2,2023,3,4279.11,31421.75
2985,2021,3,2024,4,1347.25,32769
2986,2021,0,2021,1,10741.99,10688.8
2986,2021,1,2022,2,4203.61,14871.6
2986,2021,2,2023,3,2235.98,17096.51
2986,2021,3,2024,4,451.73,17546
2987,2021,0,2021,1,8908.07,8908.07
2987,2021,1,2022,2,3677.23,12585.3
2987,2021,2,2023,3,303.02,12888.32
2987,2021,3,2024,4,1557.9,14446.22
2989,2021,0,2021,1,9966.68,9813.55
2989,2021,1,2022,2,3603.74,13361.93
2989,2021,2,2023,3,2278.6,15605.52
2989,2021,3,2024,4,536.23,16133.51
2990,2021,0,2021,1,3331.59,3286.11
2990,2021,1,2022,2,1421.41,4688.11
2990,2021,2,2023,3,571.93,5252.23
2990,2021,3,2024,4,221.31,5470.52
2991,2021,0,2021,1,12598.24,12124.58
2991,2021,1,2022,2,4319.01,16281.2
2991,2021,2,2023,3,2776.49,18953.31
2991,2021,3,2024,4,608.87,19539.29
2992,2021,0,2021,1,23147.61,22969.45
2992,2021,1,2022,2,12160.6,35036.45
2992,2021,2,2023,3,2201.76,37221.27
2992,2021,3,2024,4,1480.24,38690.11
2993,2021,0,2021,1,84952.14,82715.95
2993,2021,1,2022,2,32398.24,114261.37
2993,2021,2,2023,3,7245.7,121316.35
2993,2021,3,2024,4,9657.13,130719.28
2994,2021,0,2021,1,3642.18,3642.18
2994,2021,1,2022,2,1406.13,5048.3
2994,2021,2,2023,3,759.49,5807.79
2994,2021,3,2024,4,441.92,6249.71
2995,2021,0,2021,1,1283.25,1283.25
2995,2021,1,2022,2,526.98,1810.23
2995,2021,2,2023,3,159.34,1969.57
2995,2021,3,2024,4,145.76,2115.33
2997,2021,0,2021,1,9055.6,8582.25
2997,2021,1,2022,2,3107.7,11527.5
2997,2021,2,2023,3,1550.04,12996.52
2997,2021,3,2024,4,285.16,13266.77
2999,2021,0,2021,1,13705.47,13705.47
2999,2021,1,2022,2,3781.63,17487.11
2999,2021,2,2023,3,2771.22,20258.32
2999,2021,3,2024,4,1530.75,21789.07
3000,2021,0,2021,1,10549.07,10549.07
3000,2021,1,2022,2,4000.31,14549.38
3000,2021,2,2023,3,1172.12,15721.5
3000,2021,3,2024,4,1812.46,17533.96
3001,2021,0,2021,1,16814.59,16814.59
3001,2021,1,2022,2,6472.88,23287.47
3001,2021,2,2023,3,4043.78,27331.25
3001,2021,3,2024,4,912.59,28243.84
3002,2021,0,2021,1,100956.09,100956.09
3002,2021,1,2022,2,42466.6,143422.69
3002,2021,2,2023,3,12285.86,155708.54
3002,2021,3,2024,4,9666.62,165375.16
3003,2021,0,2021,1,3117.17,3037.38
3003,2021,1,2022,2,1380.4,4382.45
3003,2021,2,2023,3,98.23,4478.16
3003,2021,3,2024,4,320.92,4790.87
3004,2021,0,2021,1,17740.27,17114.47
3004,2021,1,2022,2,7935.1,24769.65
3004,2021,2,2023,3,1364.59,26086.11
3004,2021,3,2024,4,1320.32,27359.85
3005,2021,0,2021,1,8730.91,8593.65
3005,2021,1,2022,2,3484.17,12023.03
3005,2021,2,2023,3,2243.47,14231.23
3005,2021,3,2024,4,119.64,14348.99
3006,2021,0,2021,1,3975.66,3975.66
3006,2021,1,2022,2,1788.28,5763.93
3006,2021,2,2023,3,630.61,6394.54
3006,2021,3,2024,4,326.19,6720.73
3007,2021,0,2021,1,3833.23,3833.23
3007,2021,1,2022,2,1736.94,5570.18
3007,2021,2,2023,3,595.78,6165.96
3007,2021,3,2024,4,157.15,6323.11
3009,2021,0,2021,1,2976.57,2854.65
3009,2021,1,2022,2,1360.78,4159.7
3009,2021,2,2023,3,466.31,4606.9
3009,2021,3,2024,4,140.12,4741.29
3011,2021,0,2021,1,3231.17,3231.17
3011,2021,1,2022,2,1160.62,4391.79
3011,2021,2,2023,3,710.74,5102.53
3011,2021,3,2024,4,282.62,5385.15
3012,2021,0,2021,1,4220.79,4220.79
3012,2021,1,2022,2,1685.36,5906.15
3012,2021,2,2023,3,464.2,6370.35
3012,2021,3,2024,4,642.24,7012.59
3013,2021,0,2021,1,4836.01,4725.71
3013,2021,1,2022,2,1849.09,6532.62
3013,2021,2,2023,3,1012.83,7522.35
3013,2021,3,2024,4,64.58,7585.46
3014,2021,0,2021,1,11564.95,11564.95
3014,2021,1,2022,2,4947.93,16512.88
3014,2021,2,2023,3,2159.61,18672.49
3014,2021,3,2024,4,903.58,19576.07
3016,2021,0,2021,1,18689.07,17837.79
3016,2021,1,2022,2,9394.58,26804.44
3016,2021,2,2023,3,17.64,26821.27
3016,2021,3,2024,4,896.31,27676.76
3017,2021,0,2021,1,12514.88,12334.86
3017,2021,1,2022,2,5423.09,17679.94
3017,2021,2,2023,3,1500.16,19158.52
3017,2021,3,2024,4,1455.76,20593.34
3018,2021,0,2021,1,3733.48,3733.48
3018,2021,1,2022,2,1333.05,5066.53
3018,2021,2,2023,3,728.3,5794.83
3018,2021,3,2024,4,528.09,6322.92
3019,2021,0,2021,1,4562.04,4562.04
3019,2021,1,2022,2,2037.95,6599.99
3019,2021,2,2023,3,712.81,7312.8
3019,2021,3,2024,4,464.98,7777.78
3020,2021,0,2021,1,3838.01,3739.49
3020,2021,1,2022,2,1462.35,5164.3
3020,2021,2,2023,3,560.27,5710.19
3020,2021,3,2024,4,144.91,5851.37
3021,2021,0,2021,1,86256.5,86101.14
3021,2021,1,2022,2,38486.05,124517.87
3021,2021,2,2023,3,4386.92,128896.88
3021,2021,3,2024,4,13892.66,142764.52
3023,2021,0,2021,1,1778.38,1778.38
3023,2021,1,2022,2,793.8,2572.18
3023,2021,2,2023,3,327.75,2899.93
3023,2021,3,2024,4,127.42,3027.35
3026,2021,0,2021,1,10297.5,9874.7
3026,2021,1,2022,2,5082.28,14748.3
3026,2021,2,2023,3,1470.78,16158.69
3026,2021,3,2024,4,263.31,16411.19
3027,2021,0,2021,1,5928.63,5731.89
3027,2021,1,2022,2,2725.29,8366.74
3027,2021,2,2023,3,689,9032.88
3027,2021,3,2024,4,2.33,9035.14
3028,2021,0,2021,1,7145.91,7145.91
3028,2021,1,2022,2,2540.12,9686.04
3028,2021,2,2023,3,1307.71,10993.74
3028,2021,3,2024,4,904.74,11898.48
3029,2021,0,2021,1,6645.01,6536.87
3029,2021,1,2022,2,2695.77,9188.77
3029,2021,2,2023,3,970.66,10143.64
3029,2021,3,2024,4,350.8,10488.73
3030,2021,0,2021,1,9616.61,9559.89
3030,2021,1,2022,2,3105.75,12647.32
3030,2021,2,2023,3,3477.59,16104.4
3030,2021,3,2024,4,412.23,16514.19
3031,2021,0,2021,1,33803.97,33746.95
3031,2021,1,2022,2,17894.66,51611.42
3031,2021,2,2023,3,3760.26,55365.33
3031,2021,3,2024,4,3522.39,58881.78
3032,2021,0,2021,1,2340.34,2340.34
3032,2021,1,2022,2,1120.58,3460.92
3032,2021,2,2023,3,201.49,3662.41
3032,2021,3,2024,4,480.92,4143.33
3033,2021,0,2021,1,10476.15,10144.96
3033,2021,1,2022,2,4655.52,14653.3
3033,2021,2,2023,3,1655.57,16256.53
3033,2021,3,2024,4,801.29,17032.49
3034,2021,0,2021,1,13624.48,13272.32
3034,2021,1,2022,2,5879.49,18999.83
3034,2021,2,2023,3,1380.05,20344.2
3034,2021,3,2024,4,1297.28,21607.95
3035,2021,0,2021,1,13635.06,13635.06
3035,2021,1,2022,2,6586.44,20221.5
3035,2021,2,2023,3,3797.95,24019.44
3035,2021,3,2024,4,788.28,24807.72
3036,2021,0,2021,1,27771.45,27771.45
3036,2021,1,2022,2,9638.67,37410.13
3036,2021,2,2023,3,4350.59,41760.72
3036,2021,3,2024,4,4344.77,46105.49
3037,2021,0,2021,1,9899.77,9558.12
3037,2021,1,2022,2,4356.87,13764.63
3037,2021,2,2023,3,1715.81,15421.23
3037,2021,3,2024,4,467.35,15872.45
3038,2021,0,2021,1,14817.95,14373.23
3038,2021,1,2022,2,5329.14,19542.42
3038,2021,2,2023,3,2511.14,21978.2
3038,2021,3,2024,4,268.11,22238.27
3039,2021,0,2021,1,25317.6,25203.74
3039,2021,1,2022,2,13501.33,38644.36
3039,2021,2,2023,3,1070.25,39709.8
3039,2021,3,2024,4,3136.86,42832.55
3040,2021,0,2021,1,8601.28,8294.88
3040,2021,1,2022,2,3446.64,11618.75
3040,2021,2,2023,3,1255.59,12829.61
3040,2021,3,2024,4,275.44,13095.24
3041,2021,0,2021,1,48150.73,48150.73
3041,2021,1,2022,2,20750.74,68901.48
3041,2021,2,2023,3,6347.33,75248.8
3041,2021,3,2024,4,7246.71,82495.51
3043,2021,0,2021,1,3895.83,3895.83
3043,2021,1,2022,2,1478.45,5374.28
3043,2021,2,2023,3,750.09,6124.36
3043,2021,3,2024,4,246.71,6371.07
3044,2021,0,2021,1,9851.65,9851.65
3044,2021,1,2022,2,4795.58,14647.23
3044,2021,2,2023,3,1049.83,15697.06
3044,2021,3,2024,4,1031.53,16728.59
3046,2021,0,2021,1,18302.15,18258.16
3046,2021,1,2022,2,6545.33,24787.75
3046,2021,2,2023,3,2645.37,27426.76
3046,2021,3,2024,4,1988.23,29410.21
3047,2021,0,2021,1,3778.4,3773.96
3047,2021,1,2022,2,1488.01,5260.22
3047,2021,2,2023,3,872.26,6131.45
3047,2021,3,2024,4,186.48,6317.71
3049,2021,0,2021,1,13120.12,12768.41
3049,2021,1,2022,2,4620.04,17264.59
3049,2021,2,2023,3,2250.22,19454.49
3049,2021,3,2024,4,505.93,19946.86
3050,2021,0,2021,1,10203.49,10203.49
3050,2021,1,2022,2,4350.19,14553.68
3050,2021,2,2023,3,2316.27,16869.94
3050,2021,3,2024,4,340.17,17210.11
3051,2021,0,2021,1,9517,9430.81
3051,2021,1,2022,2,3486.27,12885.5
3051,2021,2,2023,3,2199.39,15064.97
3051,2021,3,2024,4,208.48,15271.56
3052,2021,0,2021,1,5300.35,5135.58
3052,2021,1,2022,2,1973.49,7047.72
3052,2021,2,2023,3,1101.01,8114.51
3052,2021,3,2024,4,192.89,8301.4
3053,2021,0,2021,1,17009.42,15775.3
3053,2021,1,2022,2,6579.18,21877.12
3053,2021,2,2023,3,1037.75,22839.58
3053,2021,3,2024,4,788.58,23570.94
3055,2021,0,2021,1,14185.27,14185.27
3055,2021,1,2022,2,4274.27,18459.54
3055,2021,2,2023,3,3784.93,22244.47
3055,2021,3,2024,4,894.48,23138.95
3058,2021,0,2021,1,1225.75,1225.75
3058,2021,1,2022,2,496.94,1722.69
3058,2021,2,2023,3,214.33,1937.02
3058,2021,3,2024,4,86.62,2023.64
3060,2021,0,2021,1,10324.77,9668.67
3060,2021,1,2022,2,4174.85,13578.23
3060,2021,2,2023,3,1406.38,14895.24
3060,2021,3,2024,4,14.24,14908.57
3061,2021,0,2021,1,24278.96,23282.59
3061,2021,1,2022,2,8132.07,31080.93
3061,2021,2,2023,3,3161.83,34113.01
3061,2021,3,2024,4,798.92,34879.14
3062,2021,0,2021,1,6190.87,6126.53
3062,2021,1,2022,2,2768.88,8866.63
3062,2021,2,2023,3,423.42,9285.65
3062,2021,3,2024,4,891.44,10167.82
3063,2021,0,2021,1,6660.7,6460.44
3063,2021,1,2022,2,2846.34,9221.2
3063,2021,2,2023,3,697.53,9897.75
3063,2021,3,2024,4,67.69,9963.41
3064,2021,0,2021,1,17164.19,16316.44
3064,2021,1,2022,2,5856.47,21883.66
3064,2021,2,2023,3,3123.4,24852.8
3064,2021,3,2024,4,312.73,25150.08
3065,2021,0,2021,1,9076.64,9076.64
3065,2021,1,2022,2,4518.79,13595.42
3065,2021,2,2023,3,1985.52,15580.94
3065,2021,3,2024,4,212.97,15793.91
3066,2021,0,2021,1,3101.9,3101.9
3066,2021,1,2022,2,1215.3,4317.2
3066,2021,2,2023,3,553.29,4870.48
3066,2021,3,2024,4,281.44,5151.92
3067,2021,0,2021,1,2166.51,2133.12
3067,2021,1,2022,2,817.56,2938.08
3067,2021,2,2023,3,164.88,3100.42
3067,2021,3,2024,4,238.57,3335.31
3068,2021,0,2021,1,2247.89,2247.89
3068,2021,1,2022,2,891.65,3139.54
3068,2021,2,2023,3,484.39,3623.93
3068,2021,3,2024,4,160.75,3784.68
3069,2021,0,2021,1,21835.06,21007.26
3069,2021,1,2022,2,10604.14,31209.37
3069,2021,2,2023,3,3617.1,34689.34
3069,2021,3,2024,4,131.68,34816.03
3070,2021,0,2021,1,7117.17,7040.29
3070,2021,1,2022,2,3070.85,10077.97
3070,2021,2,2023,3,1534.92,11596.31
3070,2021,3,2024,4,53.11,11648.84
3071,2021,0,2021,1,9126.05,9126.05
3071,2021,1,2022,2,3537.93,12663.99
3071,2021,2,2023,3,929.67,13593.66
3071,2021,3,2024,4,1324.6,14918.26
3072,2021,0,2021,1,2793.66,2775.01
3072,2021,1,2022,2,1205.11,3972.08
3072,2021,2,2023,3,429.07,4398.28
3072,2021,3,2024,4,153.9,4551.16
3073,2021,0,2021,1,6732.62,6732.62
3073,2021,1,2022,2,2262.65,8995.27
3073,2021,2,2023,3,1311.96,10307.23
3073,2021,3,2024,4,772.36,11079.59
3074,2021,0,2021,1,28739.38,27854.21
3074,2021,1,2022,2,13257.42,40703.3
3074,2021,2,2023,3,3979.11,44559.85
3074,2021,3,2024,4,1035.93,45563.88
3075,2021,0,2021,1,5561.61,5532.82
3075,2021,1,2022,2,1972.24,7494.85
3075,2021,2,2023,3,1435.36,8922.78
3075,2021,3,2024,4,332.35,9253.4
3076,2021,0,2021,1,15081.78,14280.65
3076,2021,1,2022,2,5683.18,19661.94
3076,2021,2,2023,3,3135.97,22631.33
3076,2021,3,2024,4,88.63,22715.25
3077,2021,0,2021,1,1575.31,1574.13
3077,2021,1,2022,2,499.09,2072.85
3077,2021,2,2023,3,348.77,2421.36
3077,2021,3,2024,4,110.19,2531.47
3078,2021,0,2021,1,14433.23,14433.23
3078,2021,1,2022,2,7342.35,21775.57
3078,2021,2,2023,3,2924.36,24699.94
3078,2021,3,2024,4,967.77,25667.71
3079,2021,0,2021,1,41425.95,40451.43
3079,2021,1,2022,2,18913.27,58919.77
3079,2021,2,2023,3,6919.58,65676.58
3079,2021,3,2024,4,2378.19,67998.82
3080,2021,0,2021,1,15766.27,15401.76
3080,2021,1,2022,2,5959.09,21223.07
3080,2021,2,2023,3,2252.57,23423.56
3080,2021,3,2024,4,643.71,24052.39
3081,2021,0,2021,1,5763.21,5667.19
3081,2021,1,2022,2,1627.32,7267.39
3081,2021,2,2023,3,1296.73,8542.52
3081,2021,3,2024,4,252.7,8791.01
3082,2021,0,2021,1,10523.75,10521.16
3082,2021,1,2022,2,4588.57,15108.6
3082,2021,2,2023,3,1420.4,16528.66
3082,2021,3,2024,4,967.82,17496.24
3083,2021,0,2021,1,10448.08,10448.08
3083,2021,1,2022,2,3999.78,14447.85
3083,2021,2,2023,3,1264.39,15712.24
3083,2021,3,2024,4,1043,16755.24
3084,2021,0,2021,1,7576.12,7407.27
3084,2021,1,2022,2,3392.7,10724.36
3084,2021,2,2023,3,866.05,11571.11
3084,2021,3,2024,4,528.24,12087.58
3085,2021,0,2021,1,10686.34,10686.34
3085,2021,1,2022,2,4141.55,14827.89
3085,2021,2,2023,3,1884.03,16711.93
3085,2021,3,2024,4,1047.69,17759.62
3087,2021,0,2021,1,16497.14,16260.8
3087,2021,1,2022,2,6266.3,22437.32
3087,2021,2,2023,3,4217.73,26594.63
3087,2021,3,2024,4,700.01,27284.61
3088,2021,0,2021,1,13518.45,13030.46
3088,2021,1,2022,2,7216.36,19986.32
3088,2021,2,2023,3,1510.13,21441.93
3088,2021,3,2024,4,64.13,21503.75
3089,2021,0,2021,1,6831.69,6819.97
3089,2021,1,2022,2,3960.66,10773.84
3089,2021,2,2023,3,281.53,11054.89
3089,2021,3,2024,4,837.53,11890.98
3090,2021,0,2021,1,13648.76,13168.59
3090,2021,1,2022,2,5943.45,18902.95
3090,2021,2,2023,3,3015.43,21812.29
3090,2021,3,2024,4,79.56,21889.05
3091,2021,0,2021,1,10819.05,10819.05
3091,2021,1,2022,2,3903.15,14722.2
3091,2021,2,2023,3,2472.49,17194.69
3091,2021,3,2024,4,412.36,17607.05
3092,2021,0,2021,1,64728.67,63943.75
3092,2021,1,2022,2,29217.27,92806.73
3092,2021,2,2023,3,13829.12,106468.15
3092,2021,3,2024,4,492.38,106954.56
3093,2021,0,2021,1,8756.7,8534.62
3093,2021,1,2022,2,3772.84,12211.78
3093,2021,2,2023,3,1959.24,14121.34
3093,2021,3,2024,4,60.23,14180.04
3094,2021,0,2021,1,13694.99,13694.99
3094,2021,1,2022,2,5568.03,19263.02
3094,2021,2,2023,3,3505.27,22768.29
3094,2021,3,2024,4,0,22768.29
3095,2021,0,2021,1,97461.55,97461.55
3095,2021,1,2022,2,37929.15,135390.7
3095,2021,2,2023,3,12590.42,147981.11
3095,2021,3,2024,4,11716.93,159698.04
3096,2021,0,2021,1,18882.45,18102.37
3096,2021,1,2022,2,7432.91,25228.21
3096,2021,2,2023,3,3325.38,28416.21
3096,2021,3,2024,4,611.94,29002.86
3098,2021,0,2021,1,20515.36,19913.73
3098,2021,1,2022,2,7561.49,27253.47
3098,2021,2,2023,3,2739.06,29912.2
3098,2021,3,2024,4,2350.73,32193.99
3099,2021,0,2021,1,1884.01,1868.41
3099,2021,1,2022,2,836.7,2698.18
3099,2021,2,2023,3,507.4,3201.38
3099,2021,3,2024,4,5.66,3207
3100,2021,0,2021,1,6250.33,6116.01
3100,2021,1,2022,2,2538.15,8599.6
3100,2021,2,2023,3,887.32,9467.85
3100,2021,3,2024,4,599.51,10054.47
3101,2021,0,2021,1,30645.84,30645.84
3101,2021,1,2022,2,11576.5,42222.34
3101,2021,2,2023,3,6737.99,48960.33
3101,2021,3,2024,4,2089.49,51049.82
3102,2021,0,2021,1,10669.63,10520.98
3102,2021,1,2022,2,3756.83,14225.48
3102,2021,2,2023,3,1469.39,15674.39
3102,2021,3,2024,4,968.63,16629.53
3104,2021,0,2021,1,3081.96,3021.8
3104,2021,1,2022,2,1364.44,4359.6
3104,2021,2,2023,3,454.27,4805
3104,2021,3,2024,4,193.31,4994.53
3105,2021,0,2021,1,5969.71,5969.71
3105,2021,1,2022,2,3145.37,9115.09
3105,2021,2,2023,3,721.25,9836.34
3105,2021,3,2024,4,648.27,10484.61
3107,2021,0,2021,1,1496.38,1495.3
3107,2021,1,2022,2,550.83,2045.74
3107,2021,2,2023,3,392.69,2438.14
3107,2021,3,2024,4,61.31,2499.41
3108,2021,0,2021,1,12801.17,12801.17
3108,2021,1,2022,2,5198.06,17999.24
3108,2021,2,2023,3,991.89,18991.13
3108,2021,3,2024,4,2110.49,21101.62
3113,2021,0,2021,1,4153.28,4041.52
3113,2021,1,2022,2,1944.53,5933.73
3113,2021,2,2023,3,720.55,6634.89
3113,2021,3,2024,4,67.76,6700.82
3114,2021,0,2021,1,24956.81,24084.81
3114,2021,1,2022,2,10031.53,33765.83
3114,2021,2,2023,3,5331.65,38911.19
3114,2021,3,2024,4,75.68,38984.23
3116,2021,0,2021,1,5749.03,5611.39
3116,2021,1,2022,2,2084.25,7645.75
3116,2021,2,2023,3,1202.95,8819.89
3116,2021,3,2024,4,322.97,9135.13
3117,2021,0,2021,1,9583.56,9384.89
3117,2021,1,2022,2,3966.39,13269.06
3117,2021,2,2023,3,2006.93,15234.38
3117,2021,3,2024,4,183.27,15413.85
3118,2021,0,2021,1,16045.62,16045.62
3118,2021,1,2022,2,6168.77,22214.4
3118,2021,2,2023,3,3901.66,26116.06
3118,2021,3,2024,4,0,26116.06
3119,2021,0,2021,1,57404.01,56601.67
3119,2021,1,2022,2,16252.04,72626.56
3119,2021,2,2023,3,14922.7,87340.68
3119,2021,3,2024,4,417.21,87752.06
3120,2021,0,2021,1,44765.73,44069.5
3120,2021,1,2022,2,15449.85,59279.06
3120,2021,2,2023,3,9986.59,69110.34
3120,2021,3,2024,4,2746.44,71814.06
3121,2021,0,2021,1,5467.68,5336.37
3121,2021,1,2022,2,1989.03,7277.63
3121,2021,2,2023,3,1362.27,8607.18
3121,2021,3,2024,4,296.45,8896.51
3124,2021,0,2021,1,11542.75,11215.53
3124,2021,1,2022,2,4202.17,15298.58
3124,2021,2,2023,3,1816.13,17063.23
3124,2021,3,2024,4,801.32,17841.83
3126,2021,0,2021,1,23779.05,23408.13
3126,2021,1,2022,2,8672.69,31945.53
3126,2021,2,2023,3,3686.94,35574.96
3126,2021,3,2024,4,2104.6,37646.73
3127,2021,0,2021,1,6477.29,6477.29
3127,2021,1,2022,2,2568.34,9045.63
3127,2021,2,2023,3,1157.61,10203.23
3127,2021,3,2024,4,367.05,10570.28
3128,2021,0,2021,1,24131.53,24131.53
3128,2021,1,2022,2,8451.54,32583.06
3128,2021,2,2023,3,4532.86,37115.93
3128,2021,3,2024,4,2793.02,39908.95
3129,2021,0,2021,1,1212.96,1209.33
3129,2021,1,2022,2,430.51,1638.55
3129,2021,2,2023,3,367.64,2005.1
3129,2021,3,2024,4,47.55,2052.5
3130,2021,0,2021,1,2994.66,2907.86
3130,2021,1,2022,2,1362.23,4230.61
3130,2021,2,2023,3,369.9,4589.79
3130,2021,3,2024,4,188.48,4772.8
3131,2021,0,2021,1,2441.99,2408.07
3131,2021,1,2022,2,986.68,3381.04
3131,2021,2,2023,3,660.83,4032.7
3131,2021,3,2024,4,70.17,4101.89
3133,2021,0,2021,1,2808.6,2766.38
3133,2021,1,2022,2,1184.9,3933.47
3133,2021,2,2023,3,539.8,4465.16
3133,2021,3,2024,4,55.27,4519.6
3135,2021,0,2021,1,22653.04,22349.38
3135,2021,1,2022,2,10589.33,32796.76
3135,2021,2,2023,3,5824.8,38543.47
3135,2021,3,2024,4,4.25,38547.67
3137,2021,0,2021,1,16546.26,15728.45
3137,2021,1,2022,2,6000.19,21432.07
3137,2021,2,2023,3,3247.29,24518.87
3137,2021,3,2024,4,300.82,24804.82
3138,2021,0,2021,1,5177.29,5094.24
3138,2021,1,2022,2,1868.24,6932.51
3138,2021,2,2023,3,876.29,7794.74
3138,2021,3,2024,4,341.92,8131.18
3139,2021,0,2021,1,7668.05,7390.19
3139,2021,1,2022,2,2708.46,10000.5
3139,2021,2,2023,3,1040.42,11003.22
3139,2021,3,2024,4,413.18,11401.42
3140,2021,0,2021,1,1443.43,1405.62
3140,2021,1,2022,2,645.52,2034.23
3140,2021,2,2023,3,127.57,2158.45
3140,2021,3,2024,4,175.46,2329.31
3141,2021,0,2021,1,18500.34,17788.68
3141,2021,1,2022,2,7460.38,24962.07
3141,2021,2,2023,3,937.22,25863.24
3141,2021,3,2024,4,2302.52,28077.18
3143,2021,0,2021,1,15988.1,15687.72
3143,2021,1,2022,2,6725.99,22287.34
3143,2021,2,2023,3,2962.09,25193.78
3143,2021,3,2024,4,756.25,25935.81
3146,2021,0,2021,1,19946.88,19946.88
3146,2021,1,2022,2,9204.27,29151.16
3146,2021,2,2023,3,3775.38,32926.53
3146,2021,3,2024,4,890.21,33816.74
3147,2021,0,2021,1,61477.03,60833.64
3147,2021,1,2022,2,23110.84,83702.6
3147,2021,2,2023,3,15294.31,98836.85
3147,2021,3,2024,4,737.14,99566.28
3148,2021,0,2021,1,15538.6,15223.98
3148,2021,1,2022,2,7616.19,22685.96
3148,2021,2,2023,3,1411.58,24068.97
3148,2021,3,2024,4,1368.31,25409.57
3149,2021,0,2021,1,4786.38,4786.38
3149,2021,1,2022,2,1922.19,6708.57
3149,2021,2,2023,3,958.88,7667.45
3149,2021,3,2024,4,95.81,7763.26
3150,2021,0,2021,1,1881.27,1840.96
3150,2021,1,2022,2,700.17,2526.12
3150,2021,2,2023,3,435.67,2952.46
3150,2021,3,2024,4,45.15,2996.64
3151,2021,0,2021,1,13101.27,12444.93
3151,2021,1,2022,2,4949.23,17146.22
3151,2021,2,2023,3,1846.69,18900.39
3151,2021,3,2024,4,157.17,19049.69
3152,2021,0,2021,1,13715.5,13715.5
3152,2021,1,2022,2,3888.98,17604.49
3152,2021,2,2023,3,1999.22,19603.71
3152,2021,3,2024,4,1572.69,21176.4
3153,2021,0,2021,1,1268.77,1268.77
3153,2021,1,2022,2,439.13,1707.9
3153,2021,2,2023,3,191.11,1899.01
3153,2021,3,2024,4,91.87,1990.88
3154,2021,0,2021,1,3674.63,3559.88
3154,2021,1,2022,2,1172.07,4695.35
3154,2021,2,2023,3,691.08,5364.86
3154,2021,3,2024,4,271.81,5628.18
3157,2021,0,2021,1,3102.68,3065.17
3157,2021,1,2022,2,1154.97,4206.19
3157,2021,2,2023,3,446.79,4647.57
3157,2021,3,2024,4,295.88,4939.88
3158,2021,0,2021,1,16546.31,16469.76
3158,2021,1,2022,2,6821.08,23259.28
3158,2021,2,2023,3,2390.51,25638.73
3158,2021,3,2024,4,1543.09,27174.68
3159,2021,0,2021,1,20783.88,20783.88
3159,2021,1,2022,2,7132.1,27915.98
3159,2021,2,2023,3,2129.32,30045.3
3159,2021,3,2024,4,2902.73,32948.03
3161,2021,0,2021,1,31142.19,31142.19
3161,2021,1,2022,2,13504.48,44646.67
3161,2021,2,2023,3,2745.91,47392.57
3161,2021,3,2024,4,4062.77,51455.34
3162,2021,0,2021,1,6448.37,6374.46
3162,2021,1,2022,2,2720.58,9063.87
3162,2021,2,2023,3,1431.82,10479.28
3162,2021,3,2024,4,67.21,10545.72
3163,2021,0,2021,1,9651.63,9651.63
3163,2021,1,2022,2,3613.61,13265.24
3163,2021,2,2023,3,835.61,14100.85
3163,2021,3,2024,4,1559.72,15660.57
3164,2021,0,2021,1,10987.91,10395.48
3164,2021,1,2022,2,4979.7,15106.69
3164,2021,2,2023,3,1411.83,16442.4
3164,2021,3,2024,4,366.24,16788.89
3166,2021,0,2021,1,1040.97,1040.97
3166,2021,1,2022,2,496.39,1537.36
3166,2021,2,2023,3,163.17,1700.53
3166,2021,3,2024,4,62.98,1763.51
3167,2021,0,2021,1,6228.24,6228.24
3167,2021,1,2022,2,3330.08,9558.32
3167,2021,2,2023,3,1215.67,10773.99
3167,2021,3,2024,4,0,10773.99
3168,2021,0,2021,1,694.2,694.2
3168,2021,1,2022,2,268.24,962.45
3168,2021,2,2023,3,136,1098.44
3168,2021,3,2024,4,30.75,1129.19
3169,2021,0,2021,1,1702.73,1702.73
3169,2021,1,2022,2,641.89,2344.62
3169,2021,2,2023,3,130.28,2474.9
3169,2021,3,2024,4,350.06,2824.96
3170,2021,0,2021,1,1753.51,1723.39
3170,2021,1,2022,2,732.55,2443.35
3170,2021,2,2023,3,339.32,2776.84
3170,2021,3,2024,4,19.47,2795.97
3171,2021,0,2021,1,5256.68,5256.68
3171,2021,1,2022,2,2115.4,7372.09
3171,2021,2,2023,3,1097.44,8469.52
3171,2021,3,2024,4,420.07,8889.59
3173,2021,0,2021,1,4579.19,4405.67
3173,2021,1,2022,2,1752.44,6091.71
3173,2021,2,2023,3,917.93,6974.86
3173,2021,3,2024,4,80.32,7052.13
3174,2021,0,2021,1,1000.44,985.79
3174,2021,1,2022,2,431.5,1410.97
3174,2021,2,2023,3,229.65,1637.26
3174,2021,3,2024,4,36.56,1673.28
3175,2021,0,2021,1,4027.17,3879.61
3175,2021,1,2022,2,1627.1,5447.08
3175,2021,2,2023,3,501.13,5929.84
3175,2021,3,2024,4,152.84,6077.09
3176,2021,0,2021,1,2948.04,2946.8
3176,2021,1,2022,2,1154.7,4101.01
3176,2021,2,2023,3,423.24,4524.08
3176,2021,3,2024,4,281.64,4805.6
3177,2021,0,2021,1,20219.81,19494.02
3177,2021,1,2022,2,6929.23,26174.52
3177,2021,2,2023,3,3011.9,29078.3
3177,2021,3,2024,4,872.03,29919.03
3178,2021,0,2021,1,30400.45,30400.45
3178,2021,1,2022,2,12029.8,42430.24
3178,2021,2,2023,3,4488.1,46918.34
3178,2021,3,2024,4,3167.77,50086.11
3179,2021,0,2021,1,9043.72,9043.72
3179,2021,1,2022,2,4094,13137.72
3179,2021,2,2023,3,1100.63,14238.34
3179,2021,3,2024,4,762.88,15001.22
3180,2021,0,2021,1,11498.47,11193.96
3180,2021,1,2022,2,4088.19,15173.88
3180,2021,2,2023,3,3152.95,18243.33
3180,2021,3,2024,4,270.02,18506.2
3181,2021,0,2021,1,1821.49,1821.49
3181,2021,1,2022,2,692.95,2514.44
3181,2021,2,2023,3,377.53,2891.97
3181,2021,3,2024,4,105.49,2997.46
3182,2021,0,2021,1,82389.95,82389.95
3182,2021,1,2022,2,35163.81,117553.76
3182,2021,2,2023,3,12440.03,129993.79
3182,2021,3,2024,4,7011.49,137005.28
3183,2021,0,2021,1,24037.77,24037.77
3183,2021,1,2022,2,9066.16,33103.94
3183,2021,2,2023,3,4373.21,37477.15
3183,2021,3,2024,4,1562.73,39039.88
3184,2021,0,2021,1,134585.72,134585.72
3184,2021,1,2022,2,49087.89,183673.61
3184,2021,2,2023,3,28523.47,212197.09
3184,2021,3,2024,4,12593.43,224790.52
3185,2021,0,2021,1,3918.69,3727.07
3185,2021,1,2022,2,1893.53,5528
3185,2021,2,2023,3,477.92,5982.56
3185,2021,3,2024,4,124.78,6101.24
3186,2021,0,2021,1,12403.36,12403.36
3186,2021,1,2022,2,4980.48,17383.84
3186,2021,2,2023,3,1634.39,19018.23
3186,2021,3,2024,4,681.19,19699.42
3187,2021,0,2021,1,5493.07,5277.14
3187,2021,1,2022,2,2330.24,7515.78
3187,2021,2,2023,3,732.73,8219.71
3187,2021,3,2024,4,421.51,8624.65
3188,2021,0,2021,1,3728.86,3643.98
3188,2021,1,2022,2,1337.31,4950.84
3188,2021,2,2023,3,716.22,5650.76
3188,2021,3,2024,4,83.83,5732.68
3189,2021,0,2021,1,7775.64,7363.01
3189,2021,1,2022,2,3756.98,10920.61
3189,2021,2,2023,3,755.26,11635.79
3189,2021,3,2024,4,421.47,12034.9
3191,2021,0,2021,1,11327.65,10958.25
3191,2021,1,2022,2,4633.2,15440.37
3191,2021,2,2023,3,2571.53,17928.04
3191,2021,3,2024,4,294.02,18212.47
3192,2021,0,2021,1,5456.01,5456.01
3192,2021,1,2022,2,2105.21,7561.22
3192,2021,2,2023,3,1163.14,8724.35
3192,2021,3,2024,4,255.67,8980.02
3193,2021,0,2021,1,8263.98,7757.85
3193,2021,1,2022,2,2768.4,10356.7
3193,2021,2,2023,3,1200.01,11483.22
3193,2021,3,2024,4,63.4,11542.74
3194,2021,0,2021,1,61737.24,60365.04
3194,2021,1,2022,2,32574.1,92215.14
3194,2021,2,2023,3,9718.6,101717.73
3194,2021,3,2024,4,1349.24,103036.98
3195,2021,0,2021,1,12934.49,12934.49
3195,2021,1,2022,2,6977.97,19912.46
3195,2021,2,2023,3,1583.79,21496.25
3195,2021,3,2024,4,1325.18,22821.43
3197,2021,0,2021,1,13024.23,12449.91
3197,2021,1,2022,2,6013.41,18198.15
3197,2021,2,2023,3,1525.81,19656.67
3197,2021,3,2024,4,327.75,19969.98
3198,2021,0,2021,1,2935.04,2909.55
3198,2021,1,2022,2,921.06,3822.61
3198,2021,2,2023,3,661.42,4478.3
3198,2021,3,2024,4,198.24,4674.82
3199,2021,0,2021,1,3287.57,3287.57
3199,2021,1,2022,2,1329.99,4617.55
3199,2021,2,2023,3,771.43,5388.98
3199,2021,3,2024,4,200.73,5589.71
3201,2021,0,2021,1,12925.42,12925.42
3201,2021,1,2022,2,6111.46,19036.88
3201,2021,2,2023,3,2837.05,21873.93
3201,2021,3,2024,4,647.25,22521.18
3202,2021,0,2021,1,2043.43,2034.59
3202,2021,1,2022,2,891.73,2922.45
3202,2021,2,2023,3,45.13,2967.39
3202,2021,3,2024,4,313.34,3279.38
3203,2021,0,2021,1,26061.48,25826.45
3203,2021,1,2022,2,10944.3,36672.06
3203,2021,2,2023,3,3080.39,39724.67
3203,2021,3,2024,4,2469.61,42172.01
3204,2021,0,2021,1,35341.72,35341.72
3204,2021,1,2022,2,15006.5,50348.22
3204,2021,2,2023,3,5692.33,56040.54
3204,2021,3,2024,4,3180.17,59220.71
3206,2021,0,2021,1,1191.27,1174.69
3206,2021,1,2022,2,529.85,1697.17
3206,2021,2,2023,3,219.3,1913.42
3206,2021,3,2024,4,91.01,2003.16
3207,2021,0,2021,1,30124.33,30124.33
3207,2021,1,2022,2,12764.33,42888.66
3207,2021,2,2023,3,4821.41,47710.07
3207,2021,3,2024,4,2752.23,50462.3
3209,2021,0,2021,1,7996.99,7655.27
3209,2021,1,2022,2,4019.36,11502.89
3209,2021,2,2023,3,780.08,12249.63
3209,2021,3,2024,4,47.46,12295.06
3210,2021,0,2021,1,14265.7,14265.7
3210,2021,1,2022,2,6321.29,20586.99
3210,2021,2,2023,3,3022.1,23609.09
3210,2021,3,2024,4,436.86,24045.95
3211,2021,0,2021,1,2998.12,2998.12
3211,2021,1,2022,2,1304.8,4302.92
3211,2021,2,2023,3,256.61,4559.53
3211,2021,3,2024,4,299.26,4858.79
3214,2021,0,2021,1,3823.49,3746.5
3214,2021,1,2022,2,1622.18,5336.01
3214,2021,2,2023,3,526.62,5852.02
3214,2021,3,2024,4,190.44,6038.63
3215,2021,0,2021,1,10620.35,10403.4
3215,2021,1,2022,2,4127.76,14446.84
3215,2021,2,2023,3,1538.9,15954.31
3215,2021,3,2024,4,218.26,16168.11
3217,2021,0,2021,1,6882.84,6882.84
3217,2021,1,2022,2,2588.82,9471.66
3217,2021,2,2023,3,1509.41,10981.07
3217,2021,3,2024,4,0,10981.07
3218,2021,0,2021,1,3944.05,3858.29
3218,2021,1,2022,2,1579.2,5403.15
3218,2021,2,2023,3,464.01,5857.07
3218,2021,3,2024,4,460.79,6307.84
3219,2021,0,2021,1,8338.44,8310.53
3219,2021,1,2022,2,3063.29,11363.56
3219,2021,2,2023,3,1898.78,13255.99
3219,2021,3,2024,4,863.14,14116.23
3221,2021,0,2021,1,13065.37,13065.37
3221,2021,1,2022,2,6143.21,19208.59
3221,2021,2,2023,3,2044.9,21253.48
3221,2021,3,2024,4,1015.01,22268.49
3222,2021,0,2021,1,8456.4,8327.81
3222,2021,1,2022,2,2590.94,10879.35
3222,2021,2,2023,3,2126.98,12973.99
3222,2021,3,2024,4,96.87,13069.39
3223,2021,0,2021,1,15665.83,15599.17
3223,2021,1,2022,2,7206.28,22774.79
3223,2021,2,2023,3,1986.08,24752.42
3223,2021,3,2024,4,531.88,25282.04
3224,2021,0,2021,1,7469.55,7310.16
3224,2021,1,2022,2,3850.34,11078.34
3224,2021,2,2023,3,888.77,11948.14
3224,2021,3,2024,4,603.12,12538.39
3225,2021,0,2021,1,41.29,41.29
3225,2021,1,2022,2,15.15,56.44
3225,2021,2,2023,3,7.53,63.97
3225,2021,3,2024,4,3.6,67.57
3226,2021,0,2021,1,22003.23,21648.64
3226,2021,1,2022,2,8556.01,30066.77
3226,2021,2,2023,3,4438.21,34433.46
3226,2021,3,2024,4,999.91,35417.25
3227,2021,0,2021,1,16987.3,16987.3
3227,2021,1,2022,2,7747.12,24734.41
3227,2021,2,2023,3,3221.21,27955.62
3227,2021,3,2024,4,0,27955.62
3228,2021,0,2021,1,9867.34,9867.34
3228,2021,1,2022,2,5241.38,15108.72
3228,2021,2,2023,3,865.33,15974.06
3228,2021,3,2024,4,1474.98,17449.04
3229,2021,0,2021,1,10449.24,10449.24
3229,2021,1,2022,2,4863.02,15312.26
3229,2021,2,2023,3,1303.31,16615.57
3229,2021,3,2024,4,521.03,17136.6
3230,2021,0,2021,1,15833.76,15833.76
3230,2021,1,2022,2,7438.05,23271.82
3230,2021,2,2023,3,2100.63,25372.45
3230,2021,3,2024,4,1645.92,27018.37
3231,2021,0,2021,1,9336.43,8942.36
3231,2021,1,2022,2,3675.23,12462.47
3231,2021,2,2023,3,778.1,13207.73
3231,2021,3,2024,4,846.14,14018.16
3233,2021,0,2021,1,31628.21,31628.21
3233,2021,1,2022,2,14886.46,46514.67
3233,2021,2,2023,3,8592.36,55107.03
3233,2021,3,2024,4,0,55107.03
3234,2021,0,2021,1,18646.92,18646.92
3234,2021,1,2022,2,7531.48,26178.4
3234,2021,2,2023,3,3239.76,29418.16
3234,2021,3,2024,4,1324.47,30742.63
3235,2021,0,2021,1,46448.03,45491.11
3235,2021,1,2022,2,19075.35,64173.48
3235,2021,2,2023,3,7785.8,71798.88
3235,2021,3,2024,4,2538.73,74285.31
3236,2021,0,2021,1,8549.73,8549.73
3236,2021,1,2022,2,3887.27,12437
3236,2021,2,2023,3,1233.59,13670.59
3236,2021,3,2024,4,499.21,14169.8
3237,2021,0,2021,1,5959.87,5756.08
3237,2021,1,2022,2,2337.03,8013.2
3237,2021,2,2023,3,1386.11,9351.91
3237,2021,3,2024,4,155.05,9501.65
3238,2021,0,2021,1,2871.47,2667.7
3238,2021,1,2022,2,1273.91,3851.21
3238,2021,2,2023,3,248.84,4082.39
3238,2021,3,2024,4,118.53,4192.51
3239,2021,0,2021,1,31462.95,31462.95
3239,2021,1,2022,2,16533.15,47996.11
3239,2021,2,2023,3,5391.13,53387.23
3239,2021,3,2024,4,1140.19,54527.42
3240,2021,0,2021,1,7614.73,7305.26
3240,2021,1,2022,2,2788.42,9980.35
3240,2021,2,2023,3,1993.63,11892.95
3240,2021,3,2024,4,88.06,11977.44
3241,2021,0,2021,1,3838.58,3763.28
3241,2021,1,2022,2,1556.92,5289.66
3241,2021,2,2023,3,696.46,5972.46
3241,2021,3,2024,4,164.39,6133.62
3243,2021,0,2021,1,247.05,240.42
3243,2021,1,2022,2,78.99,317.29
3243,2021,2,2023,3,54.09,369.93
3243,2021,3,2024,4,18.67,388.09
3244,2021,0,2021,1,8125.28,8014.53
3244,2021,1,2022,2,3751.6,11715
3244,2021,2,2023,3,906.04,12608.69
3244,2021,3,2024,4,435.55,13038.3
3245,2021,0,2021,1,15911.48,15911.48
3245,2021,1,2022,2,5568.03,21479.51
3245,2021,2,2023,3,3274.29,24753.8
3245,2021,3,2024,4,1638.45,26392.25
3246,2021,0,2021,1,28570.45,28570.45
3246,2021,1,2022,2,13070.71,41641.16
3246,2021,2,2023,3,3802.69,45443.85
3246,2021,3,2024,4,2356.2,47800.05
3247,2021,0,2021,1,18402.27,17882.33
3247,2021,1,2022,2,7642.04,25308.45
3247,2021,2,2023,3,2985.3,28209.41
3247,2021,3,2024,4,451.75,28648.39
3248,2021,0,2021,1,17594.45,17594.45
3248,2021,1,2022,2,9013.52,26607.96
3248,2021,2,2023,3,2691.16,29299.13
3248,2021,3,2024,4,1980.7,31279.83
3249,2021,0,2021,1,11653.9,11622.72
3249,2021,1,2022,2,5678.46,17285.99
3249,2021,2,2023,3,2338.09,19617.83
3249,2021,3,2024,4,107.5,19725.04
3251,2021,0,2021,1,9818.51,9818.51
3251,2021,1,2022,2,4031.16,13849.67
3251,2021,2,2023,3,2365.17,16214.84
3251,2021,3,2024,4,72.45,16287.29
3252,2021,0,2021,1,26631.46,26492.72
3252,2021,1,2022,2,10699.2,37136.18
3252,2021,2,2023,3,4041.81,41156.93
3252,2021,3,2024,4,1100.37,42251.57
3253,2021,0,2021,1,10195.49,10195.49
3253,2021,1,2022,2,4235.89,14431.38
3253,2021,2,2023,3,2276.55,16707.93
3253,2021,3,2024,4,596.66,17304.59
3254,2021,0,2021,1,8310.42,8310.42
3254,2021,1,2022,2,2735.96,11046.38
3254,2021,2,2023,3,1833.22,12879.6
3254,2021,3,2024,4,670.46,13550.06
3255,2021,0,2021,1,3240.66,3240.66
3255,2021,1,2022,2,889.69,4130.35
3255,2021,2,2023,3,711.4,4841.75
3255,2021,3,2024,4,330.01,5171.76
3256,2021,0,2021,1,8975.71,8975.71
3256,2021,1,2022,2,4320.29,13296
3256,2021,2,2023,3,852.7,14148.7
3256,2021,3,2024,4,757.56,14906.26
3257,2021,0,2021,1,97503.83,95663.98
3257,2021,1,2022,2,41626.07,136504.59
3257,2021,2,2023,3,14349.56,150583.37
3257,2021,3,2024,4,5182.77,155668.34
3258,2021,0,2021,1,33593.82,32682.38
3258,2021,1,2022,2,17525.9,49732.78
3258,2021,2,2023,3,2501.45,52166.36
3258,2021,3,2024,4,1100.76,53237.26
3260,2021,0,2021,1,1098.82,1098.82
3260,2021,1,2022,2,471.02,1569.84
3260,2021,2,2023,3,192.56,1762.41
3260,2021,3,2024,4,124.13,1886.54
3261,2021,0,2021,1,7167.81,7104.34
3261,2021,1,2022,2,2908.75,9987.34
3261,2021,2,2023,3,1584.64,11557.95
3261,2021,3,2024,4,330.61,11885.63
3262,2021,0,2021,1,22669.52,22669.52
3262,2021,1,2022,2,9821.2,32490.71
3262,2021,2,2023,3,3913.49,36404.21
3262,2021,3,2024,4,1292.79,37697
3263,2021,0,2021,1,4710.71,4710.71
3263,2021,1,2022,2,2091.97,6802.68
3263,2021,2,2023,3,670.85,7473.53
3263,2021,3,2024,4,415.59,7889.12
3266,2021,0,2021,1,20486.09,20297.68
3266,2021,1,2022,2,7670.76,27897.89
3266,2021,2,2023,3,2442.34,30317.77
3266,2021,3,2024,4,1882.08,32182.53
3268,2021,0,2021,1,22292.78,22127.87
3268,2021,1,2022,2,8783.28,30846.18
3268,2021,2,2023,3,4262.26,35076.91
3268,2021,3,2024,4,2256.27,37316.49
3269,2021,0,2021,1,5377.19,5308.87
3269,2021,1,2022,2,2376.56,7655.23
3269,2021,2,2023,3,1154.51,8795.07
3269,2021,3,2024,4,265.43,9057.13
3271,2021,0,2021,1,20537.73,20024.36
3271,2021,1,2022,2,8678.7,28486.13
3271,2021,2,2023,3,2999.06,31410.22
3271,2021,3,2024,4,930.83,32317.79
3272,2021,0,2021,1,20280.39,18978.13
3272,2021,1,2022,2,8405.79,26844.16
3272,2021,2,2023,3,2450.06,29136.9
3272,2021,3,2024,4,543.07,29645.1
3273,2021,0,2021,1,19517.12,19423.5
3273,2021,1,2022,2,6731.11,26122.32
3273,2021,2,2023,3,6026.62,32120.03
3273,2021,3,2024,4,39.97,32159.81
3275,2021,0,2021,1,2429.03,2412.47
3275,2021,1,2022,2,984.85,3390.6
3275,2021,2,2023,3,395.28,3783.19
3275,2021,3,2024,4,125.28,3907.61
3276,2021,0,2021,1,1576.38,1576.38
3276,2021,1,2022,2,687.91,2264.29
3276,2021,2,2023,3,122.27,2386.56
3276,2021,3,2024,4,221.61,2608.17
3277,2021,0,2021,1,4288.73,4239.37
3277,2021,1,2022,2,2240.64,6454.22
3277,2021,2,2023,3,803.89,7248.86
3277,2021,3,2024,4,126.38,7373.78
3278,2021,0,2021,1,8885.49,8758.93
3278,2021,1,2022,2,2892.79,11610.53
3278,2021,2,2023,3,2507.64,14082.45
3278,2021,3,2024,4,409.1,14485.73
3279,2021,0,2021,1,11255.67,11255.67
3279,2021,1,2022,2,3524.33,14780
3279,2021,2,2023,3,2663.15,17443.15
3279,2021,3,2024,4,663.89,18107.04
3282,2021,0,2021,1,10142.25,9865.79
3282,2021,1,2022,2,3996.02,13752.89
3282,2021,2,2023,3,1584.32,15294.03
3282,2021,3,2024,4,100.25,15391.54
3283,2021,0,2021,1,7009.45,7009.45
3283,2021,1,2022,2,2884.65,9894.1
3283,2021,2,2023,3,1465.25,11359.35
3283,2021,3,2024,4,776.28,12135.63
3284,2021,0,2021,1,21179.34,21179.34
3284,2021,1,2022,2,9249.19,30428.54
3284,2021,2,2023,3,4667.08,35095.62
3284,2021,3,2024,4,465.42,35561.04
3285,2021,0,2021,1,52526.31,52245.51
3285,2021,1,2022,2,20423.79,72560.12
3285,2021,2,2023,3,10462.96,82967.15
3285,2021,3,2024,4,2609.74,85562.94
3286,2021,0,2021,1,5746.7,5746.7
3286,2021,1,2022,2,1998.86,7745.56
3286,2021,2,2023,3,1395.79,9141.35
3286,2021,3,2024,4,91.07,9232.42
3287,2021,0,2021,1,8718.03,8718.03
3287,2021,1,2022,2,3290.69,12008.71
3287,2021,2,2023,3,1890.98,13899.69
3287,2021,3,2024,4,283.66,14183.35
3288,2021,0,2021,1,1638.35,1629.76
3288,2021,1,2022,2,720.44,2346.42
3288,2021,2,2023,3,275.96,2620.94
3288,2021,3,2024,4,58.66,2679.29
3289,2021,0,2021,1,5692.05,5462.43
3289,2021,1,2022,2,2319.93,7688.78
3289,2021,2,2023,3,551.44,8217.97
3289,2021,3,2024,4,216.79,8426.02
3290,2021,0,2021,1,21038.73,20758.75
3290,2021,1,2022,2,7789.06,28444.16
3290,2021,2,2023,3,1162.43,29591.12
3290,2021,3,2024,4,2677.43,32232.92
3291,2021,0,2021,1,26869.72,26799.3
3291,2021,1,2022,2,15252.86,42012.18
3291,2021,2,2023,3,735.52,42745.77
3291,2021,3,2024,4,3149.29,45886.81
3293,2021,0,2021,1,4378.91,4354.64
3293,2021,1,2022,2,1785.28,6130.02
3293,2021,2,2023,3,1143.56,7267.25
3293,2021,3,2024,4,185.62,7451.84
3294,2021,0,2021,1,62093.35,62093.35
3294,2021,1,2022,2,29352.81,91446.16
3294,2021,2,2023,3,8285.02,99731.18
3294,2021,3,2024,4,4374.67,104105.85
3295,2021,0,2021,1,12117.31,11592.19
3295,2021,1,2022,2,5634.48,16982.49
3295,2021,2,2023,3,650.5,17604.81
3295,2021,3,2024,4,339.42,17929.52
3296,2021,0,2021,1,78034.73,76897.8
3296,2021,1,2022,2,38281.95,114622
3296,2021,2,2023,3,606.89,115220.04
3296,2021,3,2024,4,16340.13,131322.1
3297,2021,0,2021,1,922.3,922.3
3297,2021,1,2022,2,448.54,1370.84
3297,2021,2,2023,3,161.23,1532.08
3297,2021,3,2024,4,39.94,1572.02
3298,2021,0,2021,1,11822.73,11702.12
3298,2021,1,2022,2,5625.65,17270.38
3298,2021,2,2023,3,1655.8,18909.29
3298,2021,3,2024,4,1072.84,19971.19
3300,2021,0,2021,1,15154.37,15154.37
3300,2021,1,2022,2,5799.88,20954.26
3300,2021,2,2023,3,1205.61,22159.87
3300,2021,3,2024,4,1842.12,24001.99
3301,2021,0,2021,1,38406.39,38406.39
3301,2021,1,2022,2,14610.93,53017.31
3301,2021,2,2023,3,6904.56,59921.87
3301,2021,3,2024,4,3282.75,63204.62
3303,2021,0,2021,1,7454.54,7332.78
3303,2021,1,2022,2,2868.92,10154.84
3303,2021,2,2023,3,804.23,10945.93
3303,2021,3,2024,4,726.44,11660.5
3304,2021,0,2021,1,13586.37,13586.37
3304,2021,1,2022,2,4668.15,18254.52
3304,2021,2,2023,3,1284.56,19539.08
3304,2021,3,2024,4,2620.81,22159.89
3305,2021,0,2021,1,13616.79,13384.55
3305,2021,1,2022,2,5333.82,18627.39
3305,2021,2,2023,3,2973.17,21549.85
3305,2021,3,2024,4,428.9,21971.44
3306,2021,0,2021,1,35388.51,35388.51
3306,2021,1,2022,2,16674.97,52063.48
3306,2021,2,2023,3,3899.8,55963.28
3306,2021,3,2024,4,2169.85,58133.13
3307,2021,0,2021,1,2955.1,2856.95
3307,2021,1,2022,2,1318.23,4131.4
3307,2021,2,2023,3,527,4640.9
3307,2021,3,2024,4,15.56,4655.94
3311,2021,0,2021,1,11037.76,10750.14
3311,2021,1,2022,2,3341.24,14004.32
3311,2021,2,2023,3,2232.74,16178.88
3311,2021,3,2024,4,835.62,16992.73
3312,2021,0,2021,1,25077.07,25077.07
3312,2021,1,2022,2,10300.2,35377.27
3312,2021,2,2023,3,4347.67,39724.93
3312,2021,3,2024,4,1921.84,41646.77
3314,2021,0,2021,1,3537.62,3369.26
3314,2021,1,2022,2,1312.87,4619.66
3314,2021,2,2023,3,586.21,5177.97
3314,2021,3,2024,4,149.14,5320.01
3316,2021,0,2021,1,9853.5,9350.16
3316,2021,1,2022,2,4157.35,13295.15
3316,2021,2,2023,3,540.05,13807.61
3316,2021,3,2024,4,784.13,14551.68
3317,2021,0,2021,1,6670.54,6670.54
3317,2021,1,2022,2,3548.49,10219.04
3317,2021,2,2023,3,357.02,10576.06
3317,2021,3,2024,4,701.3,11277.36
3318,2021,0,2021,1,107.11,103.33
3318,2021,1,2022,2,55.9,157.26
3318,2021,2,2023,3,12.47,169.29
3318,2021,3,2024,4,3.31,172.49
3320,2021,0,2021,1,25689.29,25095.4
3320,2021,1,2022,2,12108.32,36923.8
3320,2021,2,2023,3,3301.8,40149.27
3320,2021,3,2024,4,1123.32,41246.61
3321,2021,0,2021,1,4941.45,4941.45
3321,2021,1,2022,2,2352.98,7294.43
3321,2021,2,2023,3,496.52,7790.95
3321,2021,3,2024,4,995.38,8786.33
3322,2021,0,2021,1,1562.1,1496.72
3322,2021,1,2022,2,875.15,2335.24
3322,2021,2,2023,3,95.29,2426.55
3322,2021,3,2024,4,49.97,2474.42
3323,2021,0,2021,1,7880.83,7880.83
3323,2021,1,2022,2,3407.3,11288.14
3323,2021,2,2023,3,1510.44,12798.57
3323,2021,3,2024,4,832.44,13631.01
3324,2021,0,2021,1,1304.01,1299.18
3324,2021,1,2022,2,623.49,1920.37
3324,2021,2,2023,3,184.12,2103.81
3324,2021,3,2024,4,137.18,2240.49
3325,2021,0,2021,1,8637.53,8430.87
3325,2021,1,2022,2,3356.56,11707.12
3325,2021,2,2023,3,1997.17,13656.5
3325,2021,3,2024,4,34.56,13690.24
3326,2021,0,2021,1,1105.1,1069.49
3326,2021,1,2022,2,517.15,1569.97
3326,2021,2,2023,3,196.85,1760.47
3326,2021,3,2024,4,80.62,1838.49
3327,2021,0,2021,1,12495.3,12495.3
3327,2021,1,2022,2,5100.6,17595.9
3327,2021,2,2023,3,799,18394.91
3327,2021,3,2024,4,1670.72,20065.63
3328,2021,0,2021,1,14173.2,14173.2
3328,2021,1,2022,2,5206.68,19379.88
3328,2021,2,2023,3,3139.88,22519.76
3328,2021,3,2024,4,350.39,22870.15
3329,2021,0,2021,1,10952.42,10917.53
3329,2021,1,2022,2,4821.38,15723.55
3329,2021,2,2023,3,311.63,16034.18
3329,2021,3,2024,4,1448.08,17477.64
3330,2021,0,2021,1,896.94,890.32
3330,2021,1,2022,2,435.78,1322.89
3330,2021,2,2023,3,123.13,1445.12
3330,2021,3,2024,4,52.87,1497.59
3331,2021,0,2021,1,9984.11,9521.46
3331,2021,1,2022,2,4433.91,13749.91
3331,2021,2,2023,3,1425.79,15109.63
3331,2021,3,2024,4,181.02,15282.26
3332,2021,0,2021,1,9267.62,9136.69
3332,2021,1,2022,2,3363.53,12452.71
3332,2021,2,2023,3,2314.05,14734.07
3332,2021,3,2024,4,483.53,15210.77
3333,2021,0,2021,1,2902.36,2826.43
3333,2021,1,2022,2,1192.59,3987.81
3333,2021,2,2023,3,590.92,4563.27
3333,2021,3,2024,4,20.22,4582.96
3334,2021,0,2021,1,12390.93,12280.8
3334,2021,1,2022,2,3549.58,15798.83
3334,2021,2,2023,3,3612.25,19378.97
3334,2021,3,2024,4,494.4,19868.98
3335,2021,0,2021,1,7417.18,7417.18
3335,2021,1,2022,2,3898.09,11315.26
3335,2021,2,2023,3,264.38,11579.65
3335,2021,3,2024,4,788.54,12368.19
3337,2021,0,2021,1,1902.4,1792.21
3337,2021,1,2022,2,603.19,2360.46
3337,2021,2,2023,3,355.35,2695.23
3337,2021,3,2024,4,13.02,2707.49
3339,2021,0,2021,1,28763.66,28763.66
3339,2021,1,2022,2,10192.41,38956.07
3339,2021,2,2023,3,7725.54,46681.61
3339,2021,3,2024,4,1345.49,48027.1
3340,2021,0,2021,1,9902.58,9902.58
3340,2021,1,2022,2,3447.51,13350.09
3340,2021,2,2023,3,1672.22,15022.32
3340,2021,3,2024,4,1339.12,16361.44
3341,2021,0,2021,1,8261.23,8210.7
3341,2021,1,2022,2,3292.76,11483.33
3341,2021,2,2023,3,1423.03,12897.66
3341,2021,3,2024,4,571.98,13466.14
3342,2021,0,2021,1,70263.75,69439.81
3342,2021,1,2022,2,26712.81,95839.38
3342,2021,2,2023,3,16495.15,112141.1
3342,2021,3,2024,4,258.03,112396.1
3343,2021,0,2021,1,12892.89,12340.45
3343,2021,1,2022,2,5794.03,17886.21
3343,2021,2,2023,3,2644.48,20417.38
3343,2021,3,2024,4,210.54,20618.89
3344,2021,0,2021,1,5693.88,5693.88
3344,2021,1,2022,2,2704.95,8398.83
3344,2021,2,2023,3,853.23,9252.06
3344,2021,3,2024,4,599.8,9851.86
3345,2021,0,2021,1,2959.93,2957.06
3345,2021,1,2022,2,1169.93,4125.86
3345,2021,2,2023,3,499.2,4624.58
3345,2021,3,2024,4,354.69,4978.92
3347,2021,0,2021,1,61226.89,61226.89
3347,2021,1,2022,2,27998.8,89225.69
3347,2021,2,2023,3,6010.77,95236.46
3347,2021,3,2024,4,10455.9,105692.36
3349,2021,0,2021,1,4262.61,4185.99
3349,2021,1,2022,2,1934.87,6086.08
3349,2021,2,2023,3,797.76,6869.5
3349,2021,3,2024,4,151.55,7018.32
3350,2021,0,2021,1,8021.43,7963.32
3350,2021,1,2022,2,2722.71,10666.3
3350,2021,2,2023,3,1414.83,12070.87
3350,2021,3,2024,4,611.2,12677.64
3351,2021,0,2021,1,8435.45,8435.45
3351,2021,1,2022,2,3473.11,11908.55
3351,2021,2,2023,3,1085.83,12994.38
3351,2021,3,2024,4,776.76,13771.14
3352,2021,0,2021,1,3116.91,3049.97
3352,2021,1,2022,2,1420.62,4440.07
3352,2021,2,2023,3,527.33,4956.07
3352,2021,3,2024,4,186.06,5138.14
3354,2021,0,2021,1,1847.6,1797.89
3354,2021,1,2022,2,795.85,2572.32
3354,2021,2,2023,3,457.61,3017.62
3354,2021,3,2024,4,20.71,3037.78
3355,2021,0,2021,1,9784.3,9552.09
3355,2021,1,2022,2,4229.41,13681.12
3355,2021,2,2023,3,1506.56,15151.92
3355,2021,3,2024,4,424.82,15566.66
3356,2021,0,2021,1,11921.89,11921.89
3356,2021,1,2022,2,4870.93,16792.82
3356,2021,2,2023,3,1832.22,18625.04
3356,2021,3,2024,4,648.47,19273.51
3357,2021,0,2021,1,7151.04,6934.84
3357,2021,1,2022,2,2588.32,9444.91
3357,2021,2,2023,3,939.36,10355.87
3357,2021,3,2024,4,311.98,10658.42
3358,2021,0,2021,1,3488.39,3403.43
3358,2021,1,2022,2,1640.4,5003.88
3358,2021,2,2023,3,477.05,5469.32
3358,2021,3,2024,4,228.73,5692.47
3359,2021,0,2021,1,2279.96,2279.96
3359,2021,1,2022,2,1201.83,3481.8
3359,2021,2,2023,3,227.41,3709.21
3359,2021,3,2024,4,207.02,3916.23
3360,2021,0,2021,1,5628.6,5492.17
3360,2021,1,2022,2,2320.46,7756.39
3360,2021,2,2023,3,1213.34,8940.32
3360,2021,3,2024,4,309.83,9242.64
3362,2021,0,2021,1,6475.5,6475.5
3362,2021,1,2022,2,2707.18,9182.69
3362,2021,2,2023,3,914.74,10097.43
3362,2021,3,2024,4,723.68,10821.11
3363,2021,0,2021,1,9808.49,9798.55
3363,2021,1,2022,2,3609.8,13404.69
3363,2021,2,2023,3,1533.58,14936.71
3363,2021,3,2024,4,1023.11,15958.78
3364,2021,0,2021,1,13039.69,12923.44
3364,2021,1,2022,2,5457.54,18332.33
3364,2021,2,2023,3,2157.32,20470.42
3364,2021,3,2024,4,768.84,21232.41
3365,2021,0,2021,1,15594.3,15576.43
3365,2021,1,2022,2,6666.96,22235.75
3365,2021,2,2023,3,3147.88,25380.02
3365,2021,3,2024,4,893,26271.99
3367,2021,0,2021,1,9297.17,9297.17
3367,2021,1,2022,2,3143.2,12440.37
3367,2021,2,2023,3,1404.4,13844.77
3367,2021,3,2024,4,1002.15,14846.92
3368,2021,0,2021,1,8494.33,8494.33
3368,2021,1,2022,2,4611.07,13105.4
3368,2021,2,2023,3,611.33,13716.73
3368,2021,3,2024,4,786.56,14503.29
3369,2021,0,2021,1,10479.02,10479.02
3369,2021,1,2022,2,3729.97,14208.99
3369,2021,2,2023,3,2849.15,17058.14
3369,2021,3,2024,4,0,17058.14
3371,2021,0,2021,1,3984.55,3984.55
3371,2021,1,2022,2,1575.81,5560.36
3371,2021,2,2023,3,818.26,6378.62
3371,2021,3,2024,4,199.52,6578.14
3373,2021,0,2021,1,23993.6,23993.6
3373,2021,1,2022,2,10772.99,34766.59
3373,2021,2,2023,3,2234.42,37001.01
3373,2021,3,2024,4,2473.52,39474.53
3374,2021,0,2021,1,60.46,60.46
3374,2021,1,2022,2,25.61,86.07
3374,2021,2,2023,3,8.79,94.87
3374,2021,3,2024,4,6.66,101.53
3375,2021,0,2021,1,8597.38,8597.38
3375,2021,1,2022,2,3534.18,12131.56
3375,2021,2,2023,3,1665.41,13796.97
3375,2021,3,2024,4,1303.39,15100.36
3376,2021,0,2021,1,60424.6,60282.45
3376,2021,1,2022,2,23030.47,83258.74
3376,2021,2,2023,3,14889.17,98112.88
3376,2021,3,2024,4,4258.1,102360.96
3377,2021,0,2021,1,12289.1,12289.1
3377,2021,1,2022,2,5748.4,18037.5
3377,2021,2,2023,3,1804.29,19841.79
3377,2021,3,2024,4,701.73,20543.52
3378,2021,0,2021,1,13688.86,13688.86
3378,2021,1,2022,2,5094.42,18783.28
3378,2021,2,2023,3,1365.51,20148.78
3378,2021,3,2024,4,1428,21576.78
3379,2021,0,2021,1,15150.52,15057.57
3379,2021,1,2022,2,4978.91,20005.94
3379,2021,2,2023,3,4060.85,24041.87
3379,2021,3,2024,4,1.28,24043.14
3380,2021,0,2021,1,11524.87,11524.87
3380,2021,1,2022,2,5029.91,16554.77
3380,2021,2,2023,3,1503.36,18058.13
3380,2021,3,2024,4,1305.54,19363.67
3381,2021,0,2021,1,15725.11,15420.47
3381,2021,1,2022,2,7135.4,22417.64
3381,2021,2,2023,3,1744.06,24127.91
3381,2021,3,2024,4,1632.24,25728.53
3382,2021,0,2021,1,29856.41,29856.41
3382,2021,1,2022,2,13682.03,43538.44
3382,2021,2,2023,3,4437.3,47975.74
3382,2021,3,2024,4,4002.55,51978.29
3383,2021,0,2021,1,7428.37,7428.37
3383,2021,1,2022,2,2639.21,10067.57
3383,2021,2,2023,3,862.61,10930.18
3383,2021,3,2024,4,1099.58,12029.76
3384,2021,0,2021,1,5813.65,5813.65
3384,2021,1,2022,2,2535.06,8348.72
3384,2021,2,2023,3,708.24,9056.96
3384,2021,3,2024,4,687.31,9744.27
3385,2021,0,2021,1,11763.37,11731.85
3385,2021,1,2022,2,4631.13,16350.57
3385,2021,2,2023,3,2502.71,18846.57
3385,2021,3,2024,4,740.44,19585.02
3386,2021,0,2021,1,10605.32,10173.96
3386,2021,1,2022,2,5248.57,15209.05
3386,2021,2,2023,3,1337.3,16491.96
3386,2021,3,2024,4,309.95,16789.31
3387,2021,0,2021,1,8040.58,8037.95
3387,2021,1,2022,2,2730.78,10767.84
3387,2021,2,2023,3,2269.81,13036.91
3387,2021,3,2024,4,772.77,13809.43
3388,2021,0,2021,1,5045.37,5045.37
3388,2021,1,2022,2,2341.28,7386.66
3388,2021,2,2023,3,475.97,7862.63
3388,2021,3,2024,4,860.37,8723
3389,2021,0,2021,1,12155.72,11945.9
3389,2021,1,2022,2,4995.76,16855.43
3389,2021,2,2023,3,2570.57,19381.63
3389,2021,3,2024,4,509.97,19882.8
3391,2021,0,2021,1,139837.8,138066.71
3391,2021,1,2022,2,53870.64,191255.06
3391,2021,2,2023,3,25773.33,216701.96
3391,2021,3,2024,4,13816.17,230343.15
3393,2021,0,2021,1,5143.92,5037.96
3393,2021,1,2022,2,2075.34,7070.55
3393,2021,2,2023,3,734.84,7790.25
3393,2021,3,2024,4,350.57,8133.6
3394,2021,0,2021,1,11216.64,11216.64
3394,2021,1,2022,2,5860.83,17077.48
3394,2021,2,2023,3,2162.1,19239.57
3394,2021,3,2024,4,665.55,19905.12
3395,2021,0,2021,1,17293.66,17151.06
3395,2021,1,2022,2,5431.38,22537.66
3395,2021,2,2023,3,3124.76,25636.65
3395,2021,3,2024,4,1621.57,27244.85
3397,2021,0,2021,1,25756.2,24966.46
3397,2021,1,2022,2,10009.04,34668.6
3397,2021,2,2023,3,2508.2,37099.9
3397,2021,3,2024,4,2394.31,39420.8
3398,2021,0,2021,1,7576.03,7576.03
3398,2021,1,2022,2,3224.94,10800.97
3398,2021,2,2023,3,711.52,11512.49
3398,2021,3,2024,4,967.83,12480.32
3400,2022,0,2022,1,3600.66,3577.82
3400,2022,1,2023,2,1836.77,5402.94
3400,2022,2,2024,3,1073.83,6469.96
3402,2022,0,2022,1,18622.01,17822.19
3402,2022,1,2023,2,8087.23,25562.07
3402,2022,2,2024,3,3844.57,29241.51
3403,2022,0,2022,1,6466.93,6270.03
3403,2022,1,2023,2,2879.85,9062.2
3403,2022,2,2024,3,1145.23,10172.55
3404,2022,0,2022,1,26088.24,24424.67
3404,2022,1,2023,2,11622.68,35306.21
3404,2022,2,2024,3,4354.59,39383.12
3405,2022,0,2022,1,22329.74,21344.4
3405,2022,1,2023,2,8847.48,29801.46
3405,2022,2,2024,3,3850.56,33482.11
3406,2022,0,2022,1,13309.98,12414.84
3406,2022,1,2023,2,4687.25,16786.85
3406,2022,2,2024,3,2515.11,19132.82
3407,2022,0,2022,1,9829.85,9154.08
3407,2022,1,2023,2,3938.75,12822.05
3407,2022,2,2024,3,1675.96,14382.79
3408,2022,0,2022,1,8781.19,8781.19
3408,2022,1,2023,2,2620.91,11402.1
3408,2022,2,2024,3,3265.61,14667.71
3409,2022,0,2022,1,16777.61,16293.26
3409,2022,1,2023,2,6909.13,23002.93
3409,2022,2,2024,3,3503.33,26405.12
3410,2022,0,2022,1,4472.72,4296.26
3410,2022,1,2023,2,1540.07,5775.57
3410,2022,2,2024,3,910.05,6649.72
3411,2022,0,2022,1,7059.4,6845.6
3411,2022,1,2023,2,2686.88,9451.1
3411,2022,2,2024,3,1536.04,10940.62
3412,2022,0,2022,1,16692.47,16482.31
3412,2022,1,2023,2,8546.87,24921.58
3412,2022,2,2024,3,2794.59,27680.99
3414,2022,0,2022,1,1505.76,1403.61
3414,2022,1,2023,2,774.57,2125.64
3414,2022,2,2024,3,150.81,2266.21
3415,2022,0,2022,1,16354.82,15167.45
3415,2022,1,2023,2,6847.28,21517.61
3415,2022,2,2024,3,2490.06,23826.89
3416,2022,0,2022,1,6923.41,6482.23
3416,2022,1,2023,2,2370.08,8701.28
3416,2022,2,2024,3,908.56,9551.94
3417,2022,0,2022,1,13474.96,13429.39
3417,2022,1,2023,2,5639.36,19049.67
3417,2022,2,2024,3,3677.71,22714.94
3418,2022,0,2022,1,62249.03,57588.88
3418,2022,1,2023,2,20819.71,76849.96
3418,2022,2,2024,3,12977.73,88856.14
3419,2022,0,2022,1,11041.45,10644.94
3419,2022,1,2023,2,5378.58,15830.38
3419,2022,2,2024,3,1895.52,17657.83
3420,2022,0,2022,1,25114.43,22459.2
3420,2022,1,2023,2,9054.61,30556.5
3420,2022,2,2024,3,3380.72,33579.79
3422,2022,0,2022,1,2089.47,2002.13
3422,2022,1,2023,2,723.97,2695.84
3422,2022,2,2024,3,432.53,3110.29
3423,2022,0,2022,1,12527.95,12380.76
3423,2022,1,2023,2,5775.82,18088.72
3423,2022,2,2024,3,2407.53,20467.97
3424,2022,0,2022,1,3795.89,3626.44
3424,2022,1,2023,2,1742.89,5291.53
3424,2022,2,2024,3,643.47,5906.27
3425,2022,0,2022,1,11420.33,11420.33
3425,2022,1,2023,2,4958.62,16378.94
3425,2022,2,2024,3,2546.21,18925.15
3426,2022,0,2022,1,2548.65,2447.95
3426,2022,1,2023,2,1100.03,3504.52
3426,2022,2,2024,3,455.96,3942.46
3427,2022,0,2022,1,32177.82,31892.41
3427,2022,1,2023,2,16656.48,48401.16
3427,2022,2,2024,3,5804.72,54154.4
3429,2022,0,2022,1,2840.6,2621.2
3429,2022,1,2023,2,1278.45,3800.9
3429,2022,2,2024,3,248.48,4030.18
3431,2022,0,2022,1,16762.9,14976.81
3431,2022,1,2023,2,7317.16,21514.33
3431,2022,2,2024,3,499.17,21960.31
3432,2022,0,2022,1,35534.03,33856.48
3432,2022,1,2023,2,19782.11,52704.68
3432,2022,2,2024,3,4321.84,56822.49
3433,2022,0,2022,1,7461.76,6890.34
3433,2022,1,2023,2,2912,9579.33
3433,2022,2,2024,3,756.62,10278.01
3434,2022,0,2022,1,577.86,546.36
3434,2022,1,2023,2,264.83,796.75
3434,2022,2,2024,3,58.33,851.89
3435,2022,0,2022,1,6649.05,6152.81
3435,2022,1,2023,2,2809.07,8752.23
3435,2022,2,2024,3,883.58,9569.87
3436,2022,0,2022,1,17938.6,16986.52
3436,2022,1,2023,2,8203.75,24754.87
3436,2022,2,2024,3,2282.97,26916.67
3437,2022,0,2022,1,2794.98,2688.42
3437,2022,1,2023,2,1215.71,3857.78
3437,2022,2,2024,3,448.63,4289.31
3438,2022,0,2022,1,47154.72,43692.95
3438,2022,1,2023,2,21578.11,63686.95
3438,2022,2,2024,3,6249.32,69477.49
3439,2022,0,2022,1,9309.69,8721.11
3439,2022,1,2023,2,4233.58,12687.03
3439,2022,2,2024,3,752.74,13392.18
3440,2022,0,2022,1,3686.96,3652.68
3440,2022,1,2023,2,1703.19,5340.03
3440,2022,2,2024,3,977.6,6308.54
3441,2022,0,2022,1,10700.42,9734.02
3441,2022,1,2023,2,3936.62,13315.11
3441,2022,2,2024,3,1076.31,14294.22
3442,2022,0,2022,1,4336.72,4148.88
3442,2022,1,2023,2,2210.57,6263.7
3442,2022,2,2024,3,802.98,7031.9
3443,2022,0,2022,1,855.2,805.51
3443,2022,1,2023,2,351.19,1136.3
3443,2022,2,2024,3,129.83,1258.59
3444,2022,0,2022,1,9471.41,8960
3444,2022,1,2023,2,3686.06,12447.03
3444,2022,2,2024,3,2371.88,14690.84
3445,2022,0,2022,1,2868.72,2716.96
3445,2022,1,2023,2,1493.48,4131.43
3445,2022,2,2024,3,411.31,4520.98
3446,2022,0,2022,1,21792.36,21575.57
3446,2022,1,2023,2,8457.93,29949.36
3446,2022,2,2024,3,5454.03,35349.13
3447,2022,0,2022,1,10562.59,10213.17
3447,2022,1,2023,2,5389.97,15424.84
3447,2022,2,2024,3,2206.08,17557.94
3448,2022,0,2022,1,75152.51,70300.77
3448,2022,1,2023,2,24600.64,93313.23
3448,2022,2,2024,3,10940.41,103547.34
3449,2022,0,2022,1,8946.12,8327.04
3449,2022,1,2023,2,3207.95,11313
3449,2022,2,2024,3,1333.16,12553.9
3450,2022,0,2022,1,13092.06,11878.84
3450,2022,1,2023,2,5050.38,16461.21
3450,2022,2,2024,3,1272.03,17615.36
3451,2022,0,2022,1,25943.27,24744.79
3451,2022,1,2023,2,8909.34,33242.56
3451,2022,2,2024,3,6072.29,39034.34
3453,2022,0,2022,1,13022.38,12043.09
3453,2022,1,2023,2,6108.72,17692.43
3453,2022,2,2024,3,1751.17,19311.92
3454,2022,0,2022,1,19559.99,18891.16
3454,2022,1,2023,2,6142.57,24823.7
3454,2022,2,2024,3,4310.51,28986.81
3455,2022,0,2022,1,1876.44,1847.15
3455,2022,1,2023,2,700.51,2536.71
3455,2022,2,2024,3,551.38,3079.49
3456,2022,0,2022,1,4620.68,4504.59
3456,2022,1,2023,2,1972.26,6427.3
3456,2022,2,2024,3,1009.64,7411.57
3457,2022,0,2022,1,6372.36,6295.61
3457,2022,1,2023,2,2036.83,8307.91
3457,2022,2,2024,3,1831.3,10117.15
3458,2022,0,2022,1,24173.9,23414.06
3458,2022,1,2023,2,10049.09,33147.29
3458,2022,2,2024,3,4695.38,37695.08
3459,2022,0,2022,1,2418.51,2330.99
3459,2022,1,2023,2,941.74,3238.65
3459,2022,2,2024,3,370.1,3595.36
3460,2022,0,2022,1,5576.84,5476.54
3460,2022,1,2023,2,2461.69,7893.96
3460,2022,2,2024,3,1005.77,8881.63
3462,2022,0,2022,1,6078.83,5999.67
3462,2022,1,2023,2,2631.15,8596.56
3462,2022,2,2024,3,1064.36,9647.06
3463,2022,0,2022,1,1608.65,1550.55
3463,2022,1,2023,2,618.36,2146.58
3463,2022,2,2024,3,289.35,2425.47
3464,2022,0,2022,1,14787.26,14194.63
3464,2022,1,2023,2,6543.8,20476.17
3464,2022,2,2024,3,1718.32,22125.62
3465,2022,0,2022,1,11410.21,10613.81
3465,2022,1,2023,2,3534.08,13901.22
3465,2022,2,2024,3,1972.89,15736.41
3466,2022,0,2022,1,5767.2,5643.73
3466,2022,1,2023,2,2850.44,8433.14
3466,2022,2,2024,3,1191.46,9599.09
3467,2022,0,2022,1,11261.73,10150.37
3467,2022,1,2023,2,4767.12,14447.05
3467,2022,2,2024,3,620.35,15006.18
3468,2022,0,2022,1,27451.59,26129.02
3468,2022,1,2023,2,11726.56,37290.62
3468,2022,2,2024,3,4686.35,41751.2
3470,2022,0,2022,1,13258.99,12042.87
3470,2022,1,2023,2,5822.69,17331.5
3470,2022,2,2024,3,449.18,17739.48
3471,2022,0,2022,1,13094.09,12517.86
3471,2022,1,2023,2,6024.18,18276.93
3471,2022,2,2024,3,1391.72,19607.4
3472,2022,0,2022,1,37911.24,36881.33
3472,2022,1,2023,2,11317,47890.89
3472,2022,2,2024,3,8647.79,56303.75
3474,2022,0,2022,1,10812.26,10173.9
3474,2022,1,2023,2,4979.36,14859.28
3474,2022,2,2024,3,499.81,15329.58
3475,2022,0,2022,1,24695.9,24015.39
3475,2022,1,2023,2,10563.22,34287.54
3475,2022,2,2024,3,4696.03,38854.16
3476,2022,0,2022,1,9224.59,9063.14
3476,2022,1,2023,2,3839.34,12835.29
3476,2022,2,2024,3,1884.54,14686.85
3477,2022,0,2022,1,16405.98,15700.87
3477,2022,1,2023,2,4828.58,20321.93
3477,2022,2,2024,3,3945.21,24097.58
3478,2022,0,2022,1,22436.91,21972.5
3478,2022,1,2023,2,11796.01,33524.36
3478,2022,2,2024,3,3182.43,36640.92
3479,2022,0,2022,1,14738.08,14613.69
3479,2022,1,2023,2,7599.12,22148.68
3479,2022,2,2024,3,2415.2,24543.49
3480,2022,0,2022,1,7033.88,6588.19
3480,2022,1,2023,2,3030.57,9426.73
3480,2022,2,2024,3,880.19,10251.15
3481,2022,0,2022,1,2781.63,2598.79
3481,2022,1,2023,2,906.24,3445.46
3481,2022,2,2024,3,476.59,3890.72
3483,2022,0,2022,1,1764.63,1592.52
3483,2022,1,2023,2,521.56,2063.2
3483,2022,2,2024,3,258.22,2296.24
3484,2022,0,2022,1,4834.95,4565.58
3484,2022,1,2023,2,1826.11,6289.95
3484,2022,2,2024,3,937.34,7175.07
3485,2022,0,2022,1,566.03,546.17
3485,2022,1,2023,2,242.32,779.99
3485,2022,2,2024,3,85.1,862.1
3486,2022,0,2022,1,4637.07,4585.76
3486,2022,1,2023,2,1922.57,6487.05
3486,2022,2,2024,3,910.49,7387.47
3487,2022,0,2022,1,22044.31,20651.26
3487,2022,1,2023,2,8720.26,28820.45
3487,2022,2,2024,3,2748.71,31395.46
3488,2022,0,2022,1,9930.51,9046.74
3488,2022,1,2023,2,3527.06,12259.9
3488,2022,2,2024,3,1025.02,13193.7
3490,2022,0,2022,1,3580.46,3429.06
3490,2022,1,2023,2,1712.41,5069.06
3490,2022,2,2024,3,620.32,5663.16
3491,2022,0,2022,1,40238.44,38914.89
3491,2022,1,2023,2,12028.5,50547.75
3491,2022,2,2024,3,12936.14,63058.38
3492,2022,0,2022,1,8796.58,8165.71
3492,2022,1,2023,2,3525.95,11438.79
3492,2022,2,2024,3,1145.86,12502.47
3493,2022,0,2022,1,2214.42,2045.62
3493,2022,1,2023,2,888.04,2865.97
3493,2022,2,2024,3,331.66,3172.34
3495,2022,0,2022,1,3924.9,3749.65
3495,2022,1,2023,2,1547.98,5228.51
3495,2022,2,2024,3,806.43,5998.93
3496,2022,0,2022,1,18732.41,17107.73
3496,2022,1,2023,2,9119.84,25436.59
3496,2022,2,2024,3,1213.14,26544.52
3497,2022,0,2022,1,8690.27,8052.12
3497,2022,1,2023,2,3888.23,11654.83
3497,2022,2,2024,3,995.52,12577.24
3498,2022,0,2022,1,6366.09,6191.6
3498,2022,1,2023,2,3124.96,9230.92
3498,2022,2,2024,3,911.07,10117.02
3499,2022,0,2022,1,4697.62,4659.3
3499,2022,1,2023,2,2525.28,7163.98
3499,2022,2,2024,3,808.19,7965.58
3500,2022,0,2022,1,28357.88,28357.88
3500,2022,1,2023,2,11888.65,40246.54
3500,2022,2,2024,3,5956.99,46203.53
3502,2022,0,2022,1,82515.04,78932.16
3502,2022,1,2023,2,35558.65,112946.82
3502,2022,2,2024,3,15646.54,127913.98
3503,2022,0,2022,1,31177.39,28725.42
3503,2022,1,2023,2,13817.8,41456.51
3503,2022,2,2024,3,1909.75,43216.07
3504,2022,0,2022,1,10200.2,10093.45
3504,2022,1,2023,2,4495.71,14542.11
3504,2022,2,2024,3,2689.95,17203.91
3505,2022,0,2022,1,10718.43,9705.54
3505,2022,1,2023,2,4830.5,14079.55
3505,2022,2,2024,3,966.23,14954.47
3506,2022,0,2022,1,980.89,952.75
3506,2022,1,2023,2,365.41,1307.68
3506,2022,2,2024,3,218.34,1519.75
3507,2022,0,2022,1,10901.2,10665.67
3507,2022,1,2023,2,4837.76,15398.9
3507,2022,2,2024,3,2023.81,17378.98
3509,2022,0,2022,1,6843.84,6252.16
3509,2022,1,2023,2,2543.16,8575.45
3509,2022,2,2024,3,813.31,9318.45
3510,2022,0,2022,1,2701.45,2632.97
3510,2022,1,2023,2,1064.06,3670.07
3510,2022,2,2024,3,724.04,4375.75
3511,2022,0,2022,1,17049.63,15787.38
3511,2022,1,2023,2,6256.45,21580.65
3511,2022,2,2024,3,2671.03,24053.94
3512,2022,0,2022,1,27295,26573.17
3512,2022,1,2023,2,10182.74,36486.62
3512,2022,2,2024,3,6717.83,43026.79
3513,2022,0,2022,1,23671.21,21697.81
3513,2022,1,2023,2,10397.25,31228.26
3513,2022,2,2024,3,1699.88,32786.43
3514,2022,0,2022,1,32843.92,29656.68
3514,2022,1,2023,2,13148.43,41529.15
3514,2022,2,2024,3,3804.41,44964.37
3517,2022,0,2022,1,11041.58,10568.52
3517,2022,1,2023,2,4983.76,15338.76
3517,2022,2,2024,3,1641.11,16909.55
3519,2022,0,2022,1,25289.13,24466.37
3519,2022,1,2023,2,10633.45,34753.87
3519,2022,2,2024,3,6672.76,41209.53
3520,2022,0,2022,1,5961.21,5961.21
3520,2022,1,2023,2,2801.93,8763.14
3520,2022,2,2024,3,1235.6,9998.74
3521,2022,0,2022,1,20898.68,19158.61
3521,2022,1,2023,2,9258.31,27646.05
3521,2022,2,2024,3,2445.06,29887.53
3523,2022,0,2022,1,61297.57,59726.92
3523,2022,1,2023,2,22998.84,82136.45
3523,2022,2,2024,3,11266.08,93113.85
3525,2022,0,2022,1,10729.66,9756.69
3525,2022,1,2023,2,4132.18,13514.17
3525,2022,2,2024,3,1222.9,14626.17
3527,2022,0,2022,1,21672.13,21112.91
3527,2022,1,2023,2,9566.39,30432.46
3527,2022,2,2024,3,4990.31,35294
3528,2022,0,2022,1,12420.48,11957.77
3528,2022,1,2023,2,4885.05,16660.84
3528,2022,2,2024,3,2513.36,19080.56
3531,2022,0,2022,1,3927.23,3505
3531,2022,1,2023,2,1690.42,5013.68
3531,2022,2,2024,3,378.52,5351.5
3532,2022,0,2022,1,11226.29,10997.01
3532,2022,1,2023,2,5349.98,16237.73
3532,2022,2,2024,3,2123.7,18318.05
3533,2022,0,2022,1,5451.34,5196.23
3533,2022,1,2023,2,2581.31,7656.74
3533,2022,2,2024,3,757,8378.31
3536,2022,0,2022,1,16631.93,16441.22
3536,2022,1,2023,2,6710.15,23074.42
3536,2022,2,2024,3,2799.14,25841.47
3539,2022,0,2022,1,2581.55,2533.52
3539,2022,1,2023,2,1067.26,3580.92
3539,2022,2,2024,3,571.36,4141.65
3540,2022,0,2022,1,5794.23,5571.83
3540,2022,1,2023,2,2374.24,7854.94
3540,2022,2,2024,3,1265.89,9072.25
3541,2022,0,2022,1,2167.84,2049.63
3541,2022,1,2023,2,1019.89,3013.9
3541,2022,2,2024,3,258.14,3257.96
3542,2022,0,2022,1,7939.38,7828.24
3542,2022,1,2023,2,3215.01,10998.25
3542,2022,2,2024,3,1528.79,12505.64
3543,2022,0,2022,1,2784.35,2580.5
3543,2022,1,2023,2,967.71,3477.36
3543,2022,2,2024,3,443.44,3888.34
3544,2022,0,2022,1,12544.56,11734.57
3544,2022,1,2023,2,6742.01,18041.25
3544,2022,2,2024,3,610.23,18612.08
3547,2022,0,2022,1,9179.67,7816.91
3547,2022,1,2023,2,2663.55,10085.04
3547,2022,2,2024,3,1159.96,11072.8
3548,2022,0,2022,1,5669.63,5361.74
3548,2022,1,2023,2,2106.32,7353.68
3548,2022,2,2024,3,1019.84,8318.14
3549,2022,0,2022,1,15292.11,15292.11
3549,2022,1,2023,2,6856.93,22149.04
3549,2022,2,2024,3,3640.67,25789.71
3551,2022,0,2022,1,5405.82,4871.69
3551,2022,1,2023,2,1887.73,6572.91
3551,2022,2,2024,3,538.13,7057.87
3552,2022,0,2022,1,8567.58,8122.5
3552,2022,1,2023,2,3648.57,11581.52
3552,2022,2,2024,3,1250.6,12767.15
3554,2022,0,2022,1,23190.69,23015.91
3554,2022,1,2023,2,10256.11,33194.72
3554,2022,2,2024,3,5872.66,39023.12
3556,2022,0,2022,1,3974.43,3834.18
3556,2022,1,2023,2,1569.5,5348.31
3556,2022,2,2024,3,849.46,6167.79
3557,2022,0,2022,1,9536.85,9276.17
3557,2022,1,2023,2,5011.36,14150.54
3557,2022,2,2024,3,1302.63,15417.57
3558,2022,0,2022,1,7792.65,7194.06
3558,2022,1,2023,2,2654.85,9644.98
3558,2022,2,2024,3,1305.44,10850.14
3559,2022,0,2022,1,10217.97,9947.04
3559,2022,1,2023,2,3941.01,13783.55
3559,2022,2,2024,3,2539.78,16255.99
3561,2022,0,2022,1,1733.93,1613.29
3561,2022,1,2023,2,633.52,2202.74
3561,2022,2,2024,3,334.96,2514.39
3562,2022,0,2022,1,3407.3,3099.6
3562,2022,1,2023,2,1767.64,4707.62
3562,2022,2,2024,3,186.56,4877.33
3564,2022,0,2022,1,8643.48,8374.96
3564,2022,1,2023,2,3111.98,11390.26
3564,2022,2,2024,3,2415.57,13730.79
3565,2022,0,2022,1,12331.52,11638.51
3565,2022,1,2023,2,4888.07,16251.89
3565,2022,2,2024,3,2669.72,18771.58
3567,2022,0,2022,1,3599.18,3428.36
3567,2022,1,2023,2,1328,4693.33
3567,2022,2,2024,3,889.22,5540.35
3568,2022,0,2022,1,7568.32,7283.22
3568,2022,1,2023,2,2523.48,9711.65
3568,2022,2,2024,3,1793.95,11438.02
3569,2022,0,2022,1,8554.64,7629.55
3569,2022,1,2023,2,2957.33,10267.08
3569,2022,2,2024,3,1190.72,11329.03
3570,2022,0,2022,1,19259.23,18560.39
3570,2022,1,2023,2,8558.35,26808.2
3570,2022,2,2024,3,3292.47,29981.2
3571,2022,0,2022,1,17321.3,15447.25
3571,2022,1,2023,2,7681.78,22297.91
3571,2022,2,2024,3,1935.27,24023.8
3572,2022,0,2022,1,11469.55,10757.15
3572,2022,1,2023,2,6216.12,16587.18
3572,2022,2,2024,3,728.08,17270.04
3573,2022,0,2022,1,5993.54,5859.76
3573,2022,1,2023,2,2494.75,8298.83
3573,2022,2,2024,3,873.99,9153.31
3574,2022,0,2022,1,12161.82,11889.93
3574,2022,1,2023,2,4969.52,16748.34
3574,2022,2,2024,3,2901.16,19584.64
3575,2022,0,2022,1,10798.99,10097.04
3575,2022,1,2023,2,3677.38,13535.39
3575,2022,2,2024,3,1987.25,15393.47
3576,2022,0,2022,1,1850.94,1776.42
3576,2022,1,2023,2,1087.85,2820.48
3576,2022,2,2024,3,170.64,2984.25
3577,2022,0,2022,1,10748.99,10399.34
3577,2022,1,2023,2,4945.49,15183.95
3577,2022,2,2024,3,1313.34,16454.57
3578,2022,0,2022,1,24620.68,22675.17
3578,2022,1,2023,2,6856.9,28990.25
3578,2022,2,2024,3,5240.11,33816.29
3579,2022,0,2022,1,11147.06,10325.35
3579,2022,1,2023,2,4841.78,14810.22
3579,2022,2,2024,3,1493.38,16193.52
3580,2022,0,2022,1,19037.84,17805.58
3580,2022,1,2023,2,7693.27,25000.89
3580,2022,2,2024,3,2740.05,27563.59
3581,2022,0,2022,1,46278.48,44650.61
3581,2022,1,2023,2,19564.35,63526.77
3581,2022,2,2024,3,9054.61,72262.88
3583,2022,0,2022,1,6629.17,6443.77
3583,2022,1,2023,2,3092.88,9450.16
3583,2022,2,2024,3,1184.71,10601.74
3584,2022,0,2022,1,10541.39,10024.88
3584,2022,1,2023,2,4279.11,14094.33
3584,2022,2,2024,3,2494.5,16466.59
3587,2022,0,2022,1,1322.53,1266.1
3587,2022,1,2023,2,474.84,1720.68
3587,2022,2,2024,3,225.79,1936.84
3588,2022,0,2022,1,9643.39,9324.06
3588,2022,1,2023,2,5581.44,14720.68
3588,2022,2,2024,3,1915.43,16572.68
3589,2022,0,2022,1,64379.35,62647.86
3589,2022,1,2023,2,28222.03,90110.86
3589,2022,2,2024,3,9379.12,99237.72
3590,2022,0,2022,1,7498.82,7134.22
3590,2022,1,2023,2,2728.61,9730.15
3590,2022,2,2024,3,1100.57,10777.21
3591,2022,0,2022,1,10278.81,9815.36
3591,2022,1,2023,2,4255.76,13879.23
3591,2022,2,2024,3,1949.52,15740.86
3593,2022,0,2022,1,7007.38,6454.58
3593,2022,1,2023,2,2764.55,9001.04
3593,2022,2,2024,3,809.02,9746.24
3594,2022,0,2022,1,1559.07,1531.44
3594,2022,1,2023,2,667.09,2186.7
3594,2022,2,2024,3,251.44,2433.68
3595,2022,0,2022,1,1417.32,1337.81
3595,2022,1,2023,2,460.05,1772.06
3595,2022,2,2024,3,270.4,2027.29
3596,2022,0,2022,1,10337.38,10154.22
3596,2022,1,2023,2,4492.8,14567.42
3596,2022,2,2024,3,2647.81,17168.31
3598,2022,0,2022,1,2661.54,2415.15
3598,2022,1,2023,2,1165.32,3472.6
3598,2022,2,2024,3,234.44,3685.34
3599,2022,0,2022,1,117237.1,113471.34
3599,2022,1,2023,2,54626.25,166342.95
3599,2022,2,2024,3,22111.83,187744.53
3600,2022,0,2022,1,3567.31,3480.97
3600,2022,1,2023,2,1342.8,4791.27
3600,2022,2,2024,3,701.02,5475.32
3601,2022,0,2022,1,2886.29,2886.29
3601,2022,1,2023,2,1314.89,4201.18
3601,2022,2,2024,3,551.28,4752.46
3602,2022,0,2022,1,16069.13,14906.79
3602,2022,1,2023,2,6840.57,21252.55
3602,2022,2,2024,3,1838.93,22958.46
3603,2022,0,2022,1,7106.3,6302.74
3603,2022,1,2023,2,3154.07,9100.16
3603,2022,2,2024,3,250.65,9322.47
3604,2022,0,2022,1,17154.33,16208.12
3604,2022,1,2023,2,7837.11,23612.94
3604,2022,2,2024,3,2090.2,25587.84
3605,2022,0,2022,1,7745.67,7555.29
3605,2022,1,2023,2,2877.58,10362.14
3605,2022,2,2024,3,1854.35,12170.92
3606,2022,0,2022,1,13087.36,12059.16
3606,2022,1,2023,2,5464.3,17094.17
3606,2022,2,2024,3,1325.38,18315.42
3608,2022,0,2022,1,80891.59,79009.07
3608,2022,1,2023,2,39602.33,117689.77
3608,2022,2,2024,3,17200.57,134490.05
3610,2022,0,2022,1,688.54,652.58
3610,2022,1,2023,2,322.77,958.5
3610,2022,2,2024,3,75.64,1030.19
3611,2022,0,2022,1,377.53,353.85
3611,2022,1,2023,2,156.93,500.93
3611,2022,2,2024,3,30.15,529.19
3612,2022,0,2022,1,11677.97,11123.16
3612,2022,1,2023,2,4319.99,15237.92
3612,2022,2,2024,3,2821.28,17925.16
3613,2022,0,2022,1,3129.66,3017.82
3613,2022,1,2023,2,1596.79,4557.55
3613,2022,2,2024,3,580.29,5117.1
3614,2022,0,2022,1,10180.65,9499.6
3614,2022,1,2023,2,5003.47,14168.35
3614,2022,2,2024,3,676.26,14799.37
3615,2022,0,2022,1,5207.96,5008.87
3615,2022,1,2023,2,1914.28,6849.97
3615,2022,2,2024,3,1141.25,7947.59
3617,2022,0,2022,1,34960.68,32587.41
3617,2022,1,2023,2,19798.89,51042.28
3617,2022,2,2024,3,3086.01,53918.8
3618,2022,0,2022,1,4533.27,4142.61
3618,2022,1,2023,2,1924.5,5901.27
3618,2022,2,2024,3,409.57,6275.55
3619,2022,0,2022,1,6141.53,5924.92
3619,2022,1,2023,2,2620.55,8453.05
3619,2022,2,2024,3,1115.63,9529.34
3620,2022,0,2022,1,358.37,345.83
3620,2022,1,2023,2,177.76,517.36
3620,2022,2,2024,3,33.55,549.74
3622,2022,0,2022,1,6610.76,6258.07
3622,2022,1,2023,2,2466.93,8593.39
3622,2022,2,2024,3,1520.62,10032.89
3623,2022,0,2022,1,2445.1,2445.1
3623,2022,1,2023,2,920.05,3365.16
3623,2022,2,2024,3,779.82,4144.98
3624,2022,0,2022,1,3222.06,3163.19
3624,2022,1,2023,2,1308.55,4447.84
3624,2022,2,2024,3,657.19,5093.01
3625,2022,0,2022,1,19058.63,17921.42
3625,2022,1,2023,2,9457.13,26814.24
3625,2022,2,2024,3,2189.93,28873.5
3626,2022,0,2022,1,77049.98,73013.54
3626,2022,1,2023,2,26587.18,98207.88
3626,2022,2,2024,3,14560.68,112005.77
3627,2022,0,2022,1,9541.94,8907.35
3627,2022,1,2023,2,4768.49,13358.71
3627,2022,2,2024,3,1008.97,14300.58
3628,2022,0,2022,1,2439.87,2291.66
3628,2022,1,2023,2,906.39,3143
3628,2022,2,2024,3,364.63,3485.48
3629,2022,0,2022,1,13867.86,13127.31
3629,2022,1,2023,2,5895.43,18707.92
3629,2022,2,2024,3,1545.17,20170.58
3630,2022,0,2022,1,1391.39,1301.87
3630,2022,1,2023,2,377.68,1655.25
3630,2022,2,2024,3,286.09,1922.93
3631,2022,0,2022,1,23950.32,22823.33
3631,2022,1,2023,2,10655.04,32976.99
3631,2022,2,2024,3,4249.27,37026.31
3632,2022,0,2022,1,19169.19,18745.1
3632,2022,1,2023,2,7607.41,26184.21
3632,2022,2,2024,3,3888.14,29986.33
3633,2022,0,2022,1,6970.51,6856.05
3633,2022,1,2023,2,3597.4,10394.38
3633,2022,2,2024,3,1289.09,11662.3
3634,2022,0,2022,1,33446.32,31316.48
3634,2022,1,2023,2,14224.11,44634.81
3634,2022,2,2024,3,4913.13,49235.08
3635,2022,0,2022,1,8602.46,8238.62
3635,2022,1,2023,2,3708.36,11790.13
3635,2022,2,2024,3,1120.58,12863.32
3637,2022,0,2022,1,4823.44,4470.01
3637,2022,1,2023,2,2095.53,6411.99
3637,2022,2,2024,3,562.36,6933.14
3638,2022,0,2022,1,5773.34,5282.29
3638,2022,1,2023,2,2338.35,7421.75
3638,2022,2,2024,3,395.22,7783.36
3640,2022,0,2022,1,3054.96,2966.23
3640,2022,1,2023,2,1580.72,4501.05
3640,2022,2,2024,3,798.59,5276.44
3641,2022,0,2022,1,33317.77,33012.37
3641,2022,1,2023,2,13034.29,45927.18
3641,2022,2,2024,3,9706.4,55544.61
3642,2022,0,2022,1,32125.59,31085.8
3642,2022,1,2023,2,13501.03,44149.86
3642,2022,2,2024,3,3652.8,47684.43
3643,2022,0,2022,1,6676.88,6640.28
3643,2022,1,2023,2,2899.33,9523.71
3643,2022,2,2024,3,1667.8,11182.37
3644,2022,0,2022,1,19755.72,19226.21
3644,2022,1,2023,2,7632.23,26653.87
3644,2022,2,2024,3,4162.6,30704.91
3645,2022,0,2022,1,9618.42,9195.73
3645,2022,1,2023,2,4056.37,13073.85
3645,2022,2,2024,3,1723.47,14721.58
3649,2022,0,2022,1,10261.3,9492.93
3649,2022,1,2023,2,4422.54,13584.31
3649,2022,2,2024,3,1308.8,14795.1
3650,2022,0,2022,1,6727.44,6302.65
3650,2022,1,2023,2,4235.2,10270.42
3650,2022,2,2024,3,252.22,10506.72
3651,2022,0,2022,1,10310.31,9542.87
3651,2022,1,2023,2,4391.63,13607.61
3651,2022,2,2024,3,891.07,14432.36
3652,2022,0,2022,1,6114.39,5899.14
3652,2022,1,2023,2,1671,7511.32
3652,2022,2,2024,3,1582.37,9037.98
3653,2022,0,2022,1,857.66,803.03
3653,2022,1,2023,2,375.13,1154.27
3653,2022,2,2024,3,71.09,1220.83
3654,2022,0,2022,1,20663.49,20101.3
3654,2022,1,2023,2,8345.96,28220.19
3654,2022,2,2024,3,4086.13,32195.15
3657,2022,0,2022,1,144195.29,139720.72
3657,2022,1,2023,2,66587.1,204241.54
3657,2022,2,2024,3,22291.81,225841.6
3658,2022,0,2022,1,99927.25,95329.74
3658,2022,1,2023,2,40118.45,133602.4
3658,2022,2,2024,3,18456.67,151209.91
3659,2022,0,2022,1,23232.09,22000.34
3659,2022,1,2023,2,10765.57,32195.13
3659,2022,2,2024,3,3241.34,35264.62
3660,2022,0,2022,1,41194.59,40230.51
3660,2022,1,2023,2,21202.88,60937.18
3660,2022,2,2024,3,9466.74,70182.37
3661,2022,0,2022,1,16129.37,15255.06
3661,2022,1,2023,2,5133.33,20110.13
3661,2022,2,2024,3,3547.72,23465.55
3665,2022,0,2022,1,14355.56,14355.56
3665,2022,1,2023,2,7838.91,22194.47
3665,2022,2,2024,3,3599.31,25793.78
3666,2022,0,2022,1,8450.77,8009.03
3666,2022,1,2023,2,3726.25,11540.5
3666,2022,2,2024,3,1484.1,12947.03
3668,2022,0,2022,1,1258.91,1172.17
3668,2022,1,2023,2,553.3,1687.35
3668,2022,2,2024,3,149.31,1826.38
3669,2022,0,2022,1,7358.2,7034.16
3669,2022,1,2023,2,3294.73,10183.79
3669,2022,2,2024,3,1324.47,11449.93
3671,2022,0,2022,1,133797.63,133797.63
3671,2022,1,2023,2,59161.61,192959.24
3671,2022,2,2024,3,23865.9,216825.14
3672,2022,0,2022,1,10968.48,9991.8
3672,2022,1,2023,2,4990.44,14537.88
3672,2022,2,2024,3,781.39,15249.69
3673,2022,0,2022,1,170708.38,164328.54
3673,2022,1,2023,2,83177.9,244397.84
3673,2022,2,2024,3,30120.09,273392.26
3674,2022,0,2022,1,4282.49,4147.98
3674,2022,1,2023,2,1992.75,6078.15
3674,2022,2,2024,3,749.55,6804.15
3676,2022,0,2022,1,3186.31,3122.64
3676,2022,1,2023,2,1248.09,4345.79
3676,2022,2,2024,3,764.05,5094.57
3677,2022,0,2022,1,29596.67,29446.91
3677,2022,1,2023,2,10287.66,39682.51
3677,2022,2,2024,3,7736.61,47379.97
3678,2022,0,2022,1,11765.9,10989.01
3678,2022,1,2023,2,4239.45,14948.53
3678,2022,2,2024,3,1916.76,16738.73
3679,2022,0,2022,1,2115.02,2115.02
3679,2022,1,2023,2,854.43,2969.45
3679,2022,2,2024,3,457.97,3427.42
3680,2022,0,2022,1,18267.66,16921.78
3680,2022,1,2023,2,6315.06,22771.57
3680,2022,2,2024,3,3088.68,25632.68
3681,2022,0,2022,1,12443,11778.44
3681,2022,1,2023,2,5170.24,16672.55
3681,2022,2,2024,3,2247.14,18799.68
3682,2022,0,2022,1,5168.71,5168.71
3682,2022,1,2023,2,2074.74,7243.45
3682,2022,2,2024,3,1723.91,8967.36
3683,2022,0,2022,1,4821.56,4577.25
3683,2022,1,2023,2,1965.61,6443.27
3683,2022,2,2024,3,689.54,7097.87
3684,2022,0,2022,1,10473.45,10147.79
3684,2022,1,2023,2,4489.18,14497.38
3684,2022,2,2024,3,2043.87,16477.7
3685,2022,0,2022,1,8202.68,7824.56
3685,2022,1,2023,2,3173.2,10851.49
3685,2022,2,2024,3,2251.74,12999.42
3687,2022,0,2022,1,15188.24,15037.33
3687,2022,1,2023,2,6092.75,21069.54
3687,2022,2,2024,3,4258.72,25285.95
3688,2022,0,2022,1,3839.86,3674.58
3688,2022,1,2023,2,1674.21,5276.72
3688,2022,2,2024,3,522.09,5776.34
3689,2022,0,2022,1,71306.87,65485.56
3689,2022,1,2023,2,34058.29,96763.41
3689,2022,2,2024,3,4370.39,100777.01
3690,2022,0,2022,1,8760.85,8183.05
3690,2022,1,2023,2,2869.64,10863.43
3690,2022,2,2024,3,1418,12187.91
3691,2022,0,2022,1,8406.89,7899.13
3691,2022,1,2023,2,3695.58,11371.51
3691,2022,2,2024,3,1602.82,12877.52
3692,2022,0,2022,1,8265.34,8250.34
3692,2022,1,2023,2,4061.82,12304.78
3692,2022,2,2024,3,1843.63,14145.07
3693,2022,0,2022,1,1639.04,1528
3693,2022,1,2023,2,680.29,2162.2
3693,2022,2,2024,3,267.09,2411.2
3694,2022,0,2022,1,4043.99,3902.1
3694,2022,1,2023,2,1564.07,5411.28
3694,2022,2,2024,3,978.51,6355.46
3695,2022,0,2022,1,2679.6,2453.07
3695,2022,1,2023,2,1193.41,3545.59
3695,2022,2,2024,3,211.96,3739.64
3697,2022,0,2022,1,2577.66,2470.2
3697,2022,1,2023,2,1293.54,3709.82
3697,2022,2,2024,3,386.36,4080.08
3698,2022,0,2022,1,3035.78,2887.28
3698,2022,1,2023,2,922.67,3764.82
3698,2022,2,2024,3,645.46,4378.7
3699,2022,0,2022,1,379.84,347.63
3699,2022,1,2023,2,194.63,525.76
3699,2022,2,2024,3,23.8,547.54
3700,2022,0,2022,1,1679.65,1545.63
3700,2022,1,2023,2,705.02,2194.4
3700,2022,2,2024,3,195.85,2374.62
3702,2022,0,2022,1,1397.06,1263.77
3702,2022,1,2023,2,683.54,1882.1
3702,2022,2,2024,3,68.26,1943.85
3703,2022,0,2022,1,10017.57,9349.04
3703,2022,1,2023,2,4226.69,13293.66
3703,2022,2,2024,3,998.86,14225.86
3704,2022,0,2022,1,4008.3,3807.77
3704,2022,1,2023,2,1579.93,5308.65
3704,2022,2,2024,3,678.32,5953.04
3705,2022,0,2022,1,13591.87,13358.54
3705,2022,1,2023,2,4563.71,17843.91
3705,2022,2,2024,3,2370.38,20173.6
3707,2022,0,2022,1,5274.55,4803.23
3707,2022,1,2023,2,3045.19,7576.3
3707,2022,2,2024,3,304.98,7854.03
3709,2022,0,2022,1,2355.25,2241.57
3709,2022,1,2023,2,882.7,3081.67
3709,2022,2,2024,3,526.96,3583.19
3710,2022,0,2022,1,2031.87,2031.87
3710,2022,1,2023,2,720.37,2752.24
3710,2022,2,2024,3,565.07,3317.31
3711,2022,0,2022,1,27541.08,27513.23
3711,2022,1,2023,2,12643.94,40144.39
3711,2022,2,2024,3,4928.66,45068.06
3712,2022,0,2022,1,14188.52,13371.55
3712,2022,1,2023,2,6579.24,19571.96
3712,2022,2,2024,3,2278.77,21719.52
3713,2022,0,2022,1,13792.39,13442.11
3713,2022,1,2023,2,6398.04,19677.66
3713,2022,2,2024,3,3443.06,23033.27
3714,2022,0,2022,1,19378.46,18426.69
3714,2022,1,2023,2,9233.11,27206.32
3714,2022,2,2024,3,3078.01,30133.16
3715,2022,0,2022,1,28180.99,27140.61
3715,2022,1,2023,2,12471.05,39151.25
3715,2022,2,2024,3,4113.74,43113.13
3716,2022,0,2022,1,6477.61,6477.61
3716,2022,1,2023,2,2999.04,9476.66
3716,2022,2,2024,3,1392.21,10868.87
3718,2022,0,2022,1,6542.99,5950.93
3718,2022,1,2023,2,2723.22,8427.74
3718,2022,2,2024,3,700.83,9065.15
3719,2022,0,2022,1,6302.17,6184.36
3719,2022,1,2023,2,2936.72,9066.19
3719,2022,2,2024,3,1234.78,10277.88
3720,2022,0,2022,1,26472.06,25094.79
3720,2022,1,2023,2,10605.5,35148.51
3720,2022,2,2024,3,5170.99,40050.47
3723,2022,0,2022,1,10208.28,9572.13
3723,2022,1,2023,2,4677.01,13957.68
3723,2022,2,2024,3,1142.15,15028.66
3724,2022,0,2022,1,11230.31,10011.78
3724,2022,1,2023,2,4754.09,14250.04
3724,2022,2,2024,3,1068.01,15202.16
3725,2022,0,2022,1,25304.12,24012.83
3725,2022,1,2023,2,12358.51,35740.67
3725,2022,2,2024,3,3528.16,39088.78
3726,2022,0,2022,1,15268.96,14313.01
3726,2022,1,2023,2,6810.6,20697.22
3726,2022,2,2024,3,2470.05,23012.63
3727,2022,0,2022,1,13799.49,12785.74
3727,2022,1,2023,2,5275.85,17674
3727,2022,2,2024,3,1729.83,19276.75
3728,2022,0,2022,1,3445.18,3376.96
3728,2022,1,2023,2,1137.71,4492.15
3728,2022,2,2024,3,803.12,5279.37
3729,2022,0,2022,1,10185.73,8991.63
3729,2022,1,2023,2,3535.17,12112.36
3729,2022,2,2024,3,1132.47,13112.07
3731,2022,0,2022,1,3539.44,3383.64
3731,2022,1,2023,2,1129.09,4463.03
3731,2022,2,2024,3,812.47,5239.73
3732,2022,0,2022,1,9614.79,8790.45
3732,2022,1,2023,2,3529.51,12017.35
3732,2022,2,2024,3,1347.88,13249.67
3733,2022,0,2022,1,6405.67,6054.5
3733,2022,1,2023,2,2116.12,8054.62
3733,2022,2,2024,3,1287.33,9271.37
3734,2022,0,2022,1,12539.26,12140.77
3734,2022,1,2023,2,4937.09,16920.96
3734,2022,2,2024,3,2663.4,19499.72
3735,2022,0,2022,1,13877.5,13833.14
3735,2022,1,2023,2,5070.35,18887.28
3735,2022,2,2024,3,3202.59,22079.64
3737,2022,0,2022,1,15493.84,15493.84
3737,2022,1,2023,2,6734.21,22228.05
3737,2022,2,2024,3,3658.47,25886.52
3739,2022,0,2022,1,4639.44,4576.92
3739,2022,1,2023,2,1585.01,6140.56
3739,2022,2,2024,3,1167.09,7291.93
3740,2022,0,2022,1,6168.4,6057.83
3740,2022,1,2023,2,2705.48,8714.81
3740,2022,2,2024,3,1441.07,10130.05
3741,2022,0,2022,1,15986.73,15815.88
3741,2022,1,2023,2,7124.5,22864.24
3741,2022,2,2024,3,3604.3,26430.03
3742,2022,0,2022,1,22476.66,21274.89
3742,2022,1,2023,2,8925.23,29722.92
3742,2022,2,2024,3,4346.5,33837.03
3744,2022,0,2022,1,27444.65,26466.32
3744,2022,1,2023,2,9299.39,35434.21
3744,2022,2,2024,3,7585.53,42749.34
3745,2022,0,2022,1,2351.32,2322.72
3745,2022,1,2023,2,1013.61,3324.01
3745,2022,2,2024,3,575.21,3892.22
3746,2022,0,2022,1,40649.22,38159.7
3746,2022,1,2023,2,21685.62,58517.21
3746,2022,2,2024,3,5337.59,63527.9
3747,2022,0,2022,1,1576.84,1421.57
3747,2022,1,2023,2,759.95,2106.68
3747,2022,2,2024,3,145.93,2238.23
3749,2022,0,2022,1,9705.14,8975.14
3749,2022,1,2023,2,4238.35,12894.69
3749,2022,2,2024,3,1073.41,13887.35
3750,2022,0,2022,1,136565.96,130321.12
3750,2022,1,2023,2,53079.61,180973.52
3750,2022,2,2024,3,28483.62,208154.65
3751,2022,0,2022,1,6058.34,6045.57
3751,2022,1,2023,2,2168.92,8209.91
3751,2022,2,2024,3,1421.95,9628.86
3752,2022,0,2022,1,3260.74,3027.42
3752,2022,1,2023,2,1191.68,4133.83
3752,2022,2,2024,3,461.22,4562.05
3753,2022,0,2022,1,7028.46,6669.52
3753,2022,1,2023,2,2512.22,9053.44
3753,2022,2,2024,3,1415.68,10396.83
3754,2022,0,2022,1,21201.62,20348.02
3754,2022,1,2023,2,8031.03,28055.71
3754,2022,2,2024,3,4577.42,32448.84
3755,2022,0,2022,1,4763.55,4469.36
3755,2022,1,2023,2,2361.42,6684.94
3755,2022,2,2024,3,574.54,7224
3756,2022,0,2022,1,4724.8,4540.39
3756,2022,1,2023,2,2227.93,6681.36
3756,2022,2,2024,3,579.4,7238.15
3757,2022,0,2022,1,9780.61,8590.57
3757,2022,1,2023,2,3614.6,11765.37
3757,2022,2,2024,3,714.16,12392.63
3759,2022,0,2022,1,1482.38,1410.77
3759,2022,1,2023,2,655.73,2034.82
3759,2022,2,2024,3,199.38,2224.57
3761,2022,0,2022,1,20761.08,19457.82
3761,2022,1,2023,2,8473.67,27399.56
3761,2022,2,2024,3,4029.17,31175.8
3762,2022,0,2022,1,9340.54,9008.66
3762,2022,1,2023,2,3332.69,12222.94
3762,2022,2,2024,3,2351.04,14490.44
3763,2022,0,2022,1,8106.23,7656.47
3763,2022,1,2023,2,3068.56,10554.77
3763,2022,2,2024,3,1857.96,12309.64
3764,2022,0,2022,1,18340.93,18313.58
3764,2022,1,2023,2,7904.39,26206.19
3764,2022,2,2024,3,4561.68,30761.07
3765,2022,0,2022,1,2578.61,2496.66
3765,2022,1,2023,2,748.36,3221.24
3765,2022,2,2024,3,541.7,3745.73
3766,2022,0,2022,1,21527.1,19715.88
3766,2022,1,2023,2,10309.79,29158.24
3766,2022,2,2024,3,913.15,29994.56
3767,2022,0,2022,1,34170.01,33756.42
3767,2022,1,2023,2,14302.42,47885.72
3767,2022,2,2024,3,8687.77,56468.34
3768,2022,0,2022,1,3042.61,2840.43
3768,2022,1,2023,2,1029.34,3801.38
3768,2022,2,2024,3,538.11,4303.73
3770,2022,0,2022,1,4468.63,4153.59
3770,2022,1,2023,2,1493.37,5541.67
3770,2022,2,2024,3,696.53,6189.09
3771,2022,0,2022,1,36194.18,34931.29
3771,2022,1,2023,2,14811.05,49225.55
3771,2022,2,2024,3,6254.88,55262.19
3772,2022,0,2022,1,9502.15,9055.64
3772,2022,1,2023,2,3792.57,12669.99
3772,2022,2,2024,3,1812.98,14397.78
3773,2022,0,2022,1,12499.94,12111.5
3773,2022,1,2023,2,6337.37,18251.94
3773,2022,2,2024,3,2581.21,20752.94
3774,2022,0,2022,1,22813.81,21036.69
3774,2022,1,2023,2,9500.45,29797.09
3774,2022,2,2024,3,3558.8,33078.67
3775,2022,0,2022,1,8996.06,8603.98
3775,2022,1,2023,2,4606.43,13009.65
3775,2022,2,2024,3,1244.05,14199.48
3777,2022,0,2022,1,3052.36,2832.58
3777,2022,1,2023,2,1346.61,4082.23
3777,2022,2,2024,3,277.36,4339.62
3778,2022,0,2022,1,10192.9,9606.9
3778,2022,1,2023,2,4480.5,13829.81
3778,2022,2,2024,3,1476.39,15221.32
3779,2022,0,2022,1,80731.68,74520.8
3779,2022,1,2023,2,41950.49,113243.93
3779,2022,2,2024,3,7291.34,119974.33
3780,2022,0,2022,1,14450.94,13582.41
3780,2022,1,2023,2,5487.1,18739.73
3780,2022,2,2024,3,2113.5,20726.2
3781,2022,0,2022,1,6812.29,6773.57
3781,2022,1,2023,2,3386.64,10140.96
3781,2022,2,2024,3,1851.7,11982.13
3783,2022,0,2022,1,14862.59,13840.95
3783,2022,1,2023,2,6609.97,19996.55
3783,2022,2,2024,3,1940.71,21803.86
3784,2022,0,2022,1,24976.57,23102.56
3784,2022,1,2023,2,10548.63,32859.72
3784,2022,2,2024,3,2837.52,35484.34
3786,2022,0,2022,1,20909.43,19899.54
3786,2022,1,2023,2,7189.54,26741.83
3786,2022,2,2024,3,4317.74,30851.03
3787,2022,0,2022,1,9514.4,9047.53
3787,2022,1,2023,2,4229.53,13069.52
3787,2022,2,2024,3,1616.14,14606.36
3788,2022,0,2022,1,9592.96,9063.94
3788,2022,1,2023,2,3922.51,12770.14
3788,2022,2,2024,3,1226,13928.54
3789,2022,0,2022,1,4548.09,4237.03
3789,2022,1,2023,2,1980.58,6082.15
3789,2022,2,2024,3,848.21,6872.35
3791,2022,0,2022,1,10142.9,9737.04
3791,2022,1,2023,2,4528.03,14083.89
3791,2022,2,2024,3,1733.55,15748.07
3793,2022,0,2022,1,2525.41,2362.04
3793,2022,1,2023,2,1052.59,3346.53
3793,2022,2,2024,3,300.17,3627.28
3794,2022,0,2022,1,19496.18,18440.46
3794,2022,1,2023,2,9595.62,27516.47
3794,2022,2,2024,3,2027.93,29434.59
3795,2022,0,2022,1,2642.83,2509.95
3795,2022,1,2023,2,1276.22,3722
3795,2022,2,2024,3,531.15,4226.44
3796,2022,0,2022,1,16290.62,16290.62
3796,2022,1,2023,2,6348.9,22639.52
3796,2022,2,2024,3,4140.62,26780.14
3798,2022,0,2022,1,13513.51,12947.32
3798,2022,1,2023,2,6399.31,19078.52
3798,2022,2,2024,3,1953.79,20950.45
3799,2022,0,2022,1,10921.65,10498.93
3799,2022,1,2023,2,4695.24,15012.45
3799,2022,2,2024,3,2316.66,17239.44
3800,2022,0,2022,1,3413.41,3180.34
3800,2022,1,2023,2,1264.19,4358.21
3800,2022,2,2024,3,626.38,4941.82
3801,2022,0,2022,1,9325.07,8488.85
3801,2022,1,2023,2,3690.43,11848.34
3801,2022,2,2024,3,837.17,12610.43
3802,2022,0,2022,1,15943.1,15333.53
3802,2022,1,2023,2,6014.21,21117.79
3802,2022,2,2024,3,2629.79,23647.03
3803,2022,0,2022,1,4714.91,4547.34
3803,2022,1,2023,2,1878.52,6359.09
3803,2022,2,2024,3,1003.45,7326.88
3804,2022,0,2022,1,12696.25,11771.36
3804,2022,1,2023,2,5742.24,17095.28
3804,2022,2,2024,3,1379.63,18374.41
3805,2022,0,2022,1,13565.49,13037.07
3805,2022,1,2023,2,4461.17,17324.47
3805,2022,2,2024,3,3110.98,20314.27
3806,2022,0,2022,1,5241.61,4897.3
3806,2022,1,2023,2,1935.21,6705.4
3806,2022,2,2024,3,851.44,7500.91
3807,2022,0,2022,1,2287.56,2287.56
3807,2022,1,2023,2,940.33,3227.89
3807,2022,2,2024,3,574.35,3802.24
3809,2022,0,2022,1,5539.86,5042.84
3809,2022,1,2023,2,2193.78,7039.8
3809,2022,2,2024,3,553.57,7543.7
3811,2022,0,2022,1,16963.78,16355.31
3811,2022,1,2023,2,7401.98,23491.78
3811,2022,2,2024,3,3614.9,26977.02
3812,2022,0,2022,1,8854.6,8450.03
3812,2022,1,2023,2,3045.44,11356.33
3812,2022,2,2024,3,1897.56,13167.19
3813,2022,0,2022,1,13429.45,12180.57
3813,2022,1,2023,2,4539.68,16298.08
3813,2022,2,2024,3,1953.39,18069.82
3815,2022,0,2022,1,12897.87,12053.01
3815,2022,1,2023,2,3393.86,15224.56
3815,2022,2,2024,3,2580.4,17635.94
3816,2022,0,2022,1,14959.53,13524.07
3816,2022,1,2023,2,5621.47,18606.12
3816,2022,2,2024,3,1257.72,19743.16
3817,2022,0,2022,1,4896.44,4772.62
3817,2022,1,2023,2,2659.39,7364.77
3817,2022,2,2024,3,860.07,8203.09
3818,2022,0,2022,1,18481.68,17123.15
3818,2022,1,2023,2,7947.34,24486.3
3818,2022,2,2024,3,2523,26823.84
3819,2022,0,2022,1,10077.74,9590.04
3819,2022,1,2023,2,4829.05,14185.39
3819,2022,2,2024,3,907.07,15048.56
3820,2022,0,2022,1,11264.07,10918.52
3820,2022,1,2023,2,4982.54,15748.21
3820,2022,2,2024,3,2293.5,17971.36
3821,2022,0,2022,1,15623.48,14395.21
3821,2022,1,2023,2,7698.96,21488.91
3821,2022,2,2024,3,1103.46,22505.62
3822,2022,0,2022,1,11129.88,10474.62
3822,2022,1,2023,2,5513.53,15663.55
3822,2022,2,2024,3,1356.04,16939.76
3823,2022,0,2022,1,3712.4,3605.23
3823,2022,1,2023,2,970.66,4547.88
3823,2022,2,2024,3,1078.91,5595.65
3824,2022,0,2022,1,108082.72,105243.69
3824,2022,1,2023,2,32035.73,136437.94
3824,2022,2,2024,3,30860.52,166487.84
3825,2022,0,2022,1,2217.02,2160.18
3825,2022,1,2023,2,973.92,3109.13
3825,2022,2,2024,3,438.89,3536.77
3826,2022,0,2022,1,631.08,590.69
3826,2022,1,2023,2,256.43,830.7
3826,2022,2,2024,3,79.89,905.48
3827,2022,0,2022,1,23000.13,21176.72
3827,2022,1,2023,2,10753.49,31077.68
3827,2022,2,2024,3,1913.2,32839.21
3828,2022,0,2022,1,10369.69,9783.39
3828,2022,1,2023,2,4055.9,13609.98
3828,2022,2,2024,3,1974.7,15473.03
3829,2022,0,2022,1,15840.7,15236.56
3829,2022,1,2023,2,7420.06,22373.63
3829,2022,2,2024,3,2916.87,25179.25
3830,2022,0,2022,1,11835.45,11485.72
3830,2022,1,2023,2,6055.87,17362.65
3830,2022,2,2024,3,2696.1,19979.08
3831,2022,0,2022,1,2588.48,2345.45
3831,2022,1,2023,2,832.66,3099.93
3831,2022,2,2024,3,287.76,3360.68
3832,2022,0,2022,1,13845.9,13338.43
3832,2022,1,2023,2,5068.43,18221.1
3832,2022,2,2024,3,2938.41,21051.82
3835,2022,0,2022,1,18188.33,16373.89
3835,2022,1,2023,2,7266.9,22915.85
3835,2022,2,2024,3,746.26,23587.67
3836,2022,0,2022,1,11106.88,10389.9
3836,2022,1,2023,2,4737.52,14821.6
3836,2022,2,2024,3,1618.65,16335.76
3837,2022,0,2022,1,9110.82,8761.05
3837,2022,1,2023,2,4140.06,12742.17
3837,2022,2,2024,3,1161.54,13859.12
3838,2022,0,2022,1,9026.24,8353.52
3838,2022,1,2023,2,2988.36,11119.16
3838,2022,2,2024,3,1325.68,12346.04
3839,2022,0,2022,1,12008.86,11043.81
3839,2022,1,2023,2,5940.95,16507.34
3839,2022,2,2024,3,1352.75,17751.38
3840,2022,0,2022,1,12034.99,11259.39
3840,2022,1,2023,2,3957.96,14962.27
3840,2022,2,2024,3,2470.57,17273.63
3843,2022,0,2022,1,5673.1,5447.24
3843,2022,1,2023,2,2112.83,7475.95
3843,2022,2,2024,3,1027,8462.06
3844,2022,0,2022,1,2194,2068.41
3844,2022,1,2023,2,765.47,2790.06
3844,2022,2,2024,3,460.9,3224.57
3845,2022,0,2022,1,9848.58,9221.83
3845,2022,1,2023,2,3501.06,12500.08
3845,2022,2,2024,3,1688.22,14080.86
3847,2022,0,2022,1,8801.77,8216.75
3847,2022,1,2023,2,3502.53,11486.48
3847,2022,2,2024,3,1229.56,12634.32
3848,2022,0,2022,1,6447.98,6153.89
3848,2022,1,2023,2,2736.36,8765.44
3848,2022,2,2024,3,1127.8,9841.81
3849,2022,0,2022,1,3859.21,3843.41
3849,2022,1,2023,2,1670.78,5507.35
3849,2022,2,2024,3,857.03,6360.87
3850,2022,0,2022,1,8485.57,8098.05
3850,2022,1,2023,2,3999.23,11914.64
3850,2022,2,2024,3,1587.16,13429.31
3852,2022,0,2022,1,9210.63,8355.67
3852,2022,1,2023,2,4341.83,12294.48
3852,2022,2,2024,3,642.88,12877.68
3853,2022,0,2022,1,3022.07,2779.85
3853,2022,1,2023,2,1527.18,4184.63
3853,2022,2,2024,3,344.98,4501.96
3854,2022,0,2022,1,33112.45,30380.17
3854,2022,1,2023,2,15413.82,44522.12
3854,2022,2,2024,3,3161.82,47423.04
3855,2022,0,2022,1,6975.21,6716.57
3855,2022,1,2023,2,2764.57,9378.63
3855,2022,2,2024,3,1512.43,10834.98
3856,2022,0,2022,1,1940.42,1820.34
3856,2022,1,2023,2,658.68,2438.26
3856,2022,2,2024,3,321.57,2739.93
3857,2022,0,2022,1,9802.78,9682.81
3857,2022,1,2023,2,5236.66,14855.39
3857,2022,2,2024,3,1642.96,16478.24
3858,2022,0,2022,1,18416.97,18294.48
3858,2022,1,2023,2,8097.81,26338.43
3858,2022,2,2024,3,4051.81,30363.29
3859,2022,0,2022,1,5330.65,5006.05
3859,2022,1,2023,2,1975.53,6861.28
3859,2022,2,2024,3,847.65,7657.32
3860,2022,0,2022,1,10703.79,10078.4
3860,2022,1,2023,2,4487.91,14304.09
3860,2022,2,2024,3,1396.94,15619.41
3861,2022,0,2022,1,7706.81,7510.48
3861,2022,1,2023,2,3805.87,11219.4
3861,2022,2,2024,3,1463.11,12645.24
3862,2022,0,2022,1,12409.32,11699.81
3862,2022,1,2023,2,4896.76,16316.59
3862,2022,2,2024,3,1851.04,18061.8
3863,2022,0,2022,1,18692.21,17616.67
3863,2022,1,2023,2,10122.28,27156.51
3863,2022,2,2024,3,632.71,27752.82
3864,2022,0,2022,1,10682.97,10098.58
3864,2022,1,2023,2,4406.84,14264.36
3864,2022,2,2024,3,1640.93,15815.52
3866,2022,0,2022,1,7060.01,6435.73
3866,2022,1,2023,2,2295.83,8528.56
3866,2022,2,2024,3,1207.44,9629.23
3867,2022,0,2022,1,4612.15,4391.58
3867,2022,1,2023,2,2008.59,6304.1
3867,2022,2,2024,3,835.21,7099.37
3868,2022,0,2022,1,8661.33,8441.43
3868,2022,1,2023,2,3514.26,11866.48
3868,2022,2,2024,3,1473.17,13302.25
3869,2022,0,2022,1,12403.61,11738.18
3869,2022,1,2023,2,4960.32,16432.4
3869,2022,2,2024,3,2576.69,18870.86
3870,2022,0,2022,1,1389.66,1380.37
3870,2022,1,2023,2,532.09,1908.91
3870,2022,2,2024,3,260.31,2167.48
3871,2022,0,2022,1,13373.7,13354.05
3871,2022,1,2023,2,4772.07,18119.11
3871,2022,2,2024,3,3778.34,21891.91
3872,2022,0,2022,1,2405.01,2239.31
3872,2022,1,2023,2,942.2,3116.59
3872,2022,2,2024,3,362.4,3454.01
3873,2022,0,2022,1,3836.97,3638.23
3873,2022,1,2023,2,1711.89,5261.45
3873,2022,2,2024,3,504.96,5740.25
3875,2022,0,2022,1,12217.06,11279.82
3875,2022,1,2023,2,5243.2,16120.79
3875,2022,2,2024,3,1469.73,17477.77
3876,2022,0,2022,1,21461.8,20058.83
3876,2022,1,2023,2,6326.81,25972.05
3876,2022,2,2024,3,3364.45,29116.57
3877,2022,0,2022,1,155233.82,149164.1
3877,2022,1,2023,2,73566.11,219853.74
3877,2022,2,2024,3,25952.41,244791.4
3879,2022,0,2022,1,24750.5,22917.15
3879,2022,1,2023,2,12055.71,34079.85
3879,2022,2,2024,3,2595.59,36483.18
3880,2022,0,2022,1,4296.54,4016.15
3880,2022,1,2023,2,898.17,4855.71
3880,2022,2,2024,3,1029.63,5818.15
3884,2022,0,2022,1,9361.08,8282.96
3884,2022,1,2023,2,3180.91,11097.53
3884,2022,2,2024,3,875.47,11872.17
3885,2022,0,2022,1,10733.23,10184.01
3885,2022,1,2023,2,4760.22,14700.65
3885,2022,2,2024,3,1606.94,16225.36
3887,2022,0,2022,1,15403.77,14729.41
3887,2022,1,2023,2,5785.31,20261.45
3887,2022,2,2024,3,3192.22,23313.91
3889,2022,0,2022,1,13938.44,13390.46
3889,2022,1,2023,2,4868.7,18067.75
3889,2022,2,2024,3,3611.19,21536.97
3890,2022,0,2022,1,18214.73,16245.53
3890,2022,1,2023,2,7166.14,22636.93
3890,2022,2,2024,3,1196.05,23703.67
3891,2022,0,2022,1,1887.02,1800.48
3891,2022,1,2023,2,707.33,2475.37
3891,2022,2,2024,3,431.38,2886.97
3892,2022,0,2022,1,13420.76,12364.18
3892,2022,1,2023,2,5091.25,17054.61
3892,2022,2,2024,3,1830.69,18741.18
3893,2022,0,2022,1,9432.19,8960.32
3893,2022,1,2023,2,3491.9,12277.52
3893,2022,2,2024,3,2268.72,14432.74
3894,2022,0,2022,1,28409.6,26131.32
3894,2022,1,2023,2,12906.24,38002.56
3894,2022,2,2024,3,1091.03,39006.1
3895,2022,0,2022,1,8836.42,8723.13
3895,2022,1,2023,2,3788.13,12462.69
3895,2022,2,2024,3,2110.46,14546.1
3896,2022,0,2022,1,4510.96,4401.17
3896,2022,1,2023,2,1670.76,6031.27
3896,2022,2,2024,3,1230.84,7232.14
3897,2022,0,2022,1,33516.54,31436.58
3897,2022,1,2023,2,12688.12,43337.3
3897,2022,2,2024,3,4900.79,47933.95
3898,2022,0,2022,1,12305.27,11657.99
3898,2022,1,2023,2,4007.49,15454.67
3898,2022,2,2024,3,2721.85,18033.35
3899,2022,0,2022,1,2470.96,2413.69
3899,2022,1,2023,2,1076.27,3465.01
3899,2022,2,2024,3,469.85,3923.97
3902,2022,0,2022,1,21.74,21.2
3902,2022,1,2023,2,8.88,29.86
3902,2022,2,2024,3,4.1,33.86
3903,2022,0,2022,1,14409.62,14409.62
3903,2022,1,2023,2,6193.94,20603.56
3903,2022,2,2024,3,3896.7,24500.26
3905,2022,0,2022,1,3642.26,3403.04
3905,2022,1,2023,2,1327.04,4642.93
3905,2022,2,2024,3,847.83,5435.08
3906,2022,0,2022,1,14682.49,13596.59
3906,2022,1,2023,2,5117.25,18335.38
3906,2022,2,2024,3,2325.14,20488.55
3907,2022,0,2022,1,12706.84,12706.84
3907,2022,1,2023,2,4769.52,17476.36
3907,2022,2,2024,3,2804.56,20280.92
3908,2022,0,2022,1,7676.37,6925.9
3908,2022,1,2023,2,3096.44,9719.62
3908,2022,2,2024,3,754.41,10400.28
3910,2022,0,2022,1,9376.74,9373.37
3910,2022,1,2023,2,3909.02,13280.99
3910,2022,2,2024,3,1915.56,15195.86
3911,2022,0,2022,1,17680.62,16847.71
3911,2022,1,2023,2,7289.38,23793.7
3911,2022,2,2024,3,2485.67,26162.27
3912,2022,0,2022,1,1385.76,1323.44
3912,2022,1,2023,2,501.51,1802.4
3912,2022,2,2024,3,248.01,2039.26
3913,2022,0,2022,1,8475.66,8451.21
3913,2022,1,2023,2,2232.47,10677.24
3913,2022,2,2024,3,2891.04,13559.93
3914,2022,0,2022,1,6406.43,6131.7
3914,2022,1,2023,2,2778.62,8791.16
3914,2022,2,2024,3,1116.86,9860.12
3915,2022,0,2022,1,2631.4,2504.86
3915,2022,1,2023,2,953.97,3412.96
3915,2022,2,2024,3,474.73,3864.86
3916,2022,0,2022,1,14707.52,13848.93
3916,2022,1,2023,2,5048.4,18602.62
3916,2022,2,2024,3,3052.95,21477.34
3917,2022,0,2022,1,4497.93,4178.89
3917,2022,1,2023,2,2173.73,6198.45
3917,2022,2,2024,3,567.99,6726.15
3919,2022,0,2022,1,1242.29,1190.31
3919,2022,1,2023,2,396.79,1570.5
3919,2022,2,2024,3,211.97,1773.6
3920,2022,0,2022,1,3061.5,2744.8
3920,2022,1,2023,2,1387.43,3988.71
3920,2022,2,2024,3,205.74,4173.17
3921,2022,0,2022,1,25072.34,23258.31
3921,2022,1,2023,2,11774.15,34180.58
3921,2022,2,2024,3,2077.16,36107.45
3923,2022,0,2022,1,12216.62,11191.95
3923,2022,1,2023,2,4916.09,15695.7
3923,2022,2,2024,3,1538.82,17105.46
3924,2022,0,2022,1,10765.76,10112.25
3924,2022,1,2023,2,4156.83,14016.74
3924,2022,2,2024,3,1497.52,15423.36
3925,2022,0,2022,1,5915.38,5842.13
3925,2022,1,2023,2,2365.46,8178.3
3925,2022,2,2024,3,1485.58,9645.48
3926,2022,0,2022,1,5391.79,5079
3926,2022,1,2023,2,2315.98,7260.62
3926,2022,2,2024,3,533.52,7763.19
3927,2022,0,2022,1,2378.48,2152.97
3927,2022,1,2023,2,991.69,3050.64
3927,2022,2,2024,3,184.07,3217.25
3928,2022,0,2022,1,7515.41,6919.03
3928,2022,1,2023,2,2920.79,9608.04
3928,2022,2,2024,3,833.03,10374.97
3929,2022,0,2022,1,8128.64,8128.64
3929,2022,1,2023,2,2877.07,11005.72
3929,2022,2,2024,3,2509.76,13515.48
3930,2022,0,2022,1,3190.62,3072.26
3930,2022,1,2023,2,1385.94,4406.78
3930,2022,2,2024,3,480.67,4869.62
3931,2022,0,2022,1,10860.54,10672.76
3931,2022,1,2023,2,4381.12,14978.13
3931,2022,2,2024,3,2321.04,17259.03
3932,2022,0,2022,1,19925.45,18476.83
3932,2022,1,2023,2,8235.47,26113.56
3932,2022,2,2024,3,2147.84,28105.25
3934,2022,0,2022,1,4008.32,3769.58
3934,2022,1,2023,2,1579.33,5254.84
3934,2022,2,2024,3,705.99,5918.77
3935,2022,0,2022,1,9938.24,9389.81
3935,2022,1,2023,2,3922.43,13095.78
3935,2022,2,2024,3,1938.35,14927.16
3936,2022,0,2022,1,9034.47,8238.01
3936,2022,1,2023,2,3871.08,11767.84
3936,2022,2,2024,3,825.81,12520.84
3937,2022,0,2022,1,8995.43,8532.73
3937,2022,1,2023,2,3654.26,11999.02
3937,2022,2,2024,3,1188.71,13126.59
3938,2022,0,2022,1,16281.05,15295.36
3938,2022,1,2023,2,7255.47,22111.56
3938,2022,2,2024,3,2590.76,24545.47
3939,2022,0,2022,1,39287.96,36707.04
3939,2022,1,2023,2,20168.6,55550.71
3939,2022,2,2024,3,5087.79,60304.28
3942,2022,0,2022,1,11934.71,11016.34
3942,2022,1,2023,2,4310.14,14994.81
3942,2022,2,2024,3,1925.26,16771.93
3943,2022,0,2022,1,79764.22,79176.92
3943,2022,1,2023,2,35833.76,114746.83
3943,2022,2,2024,3,17260.34,131880.09
3944,2022,0,2022,1,3263.11,2978.37
3944,2022,1,2023,2,1641.19,4476.35
3944,2022,2,2024,3,1.06,4477.32
3945,2022,0,2022,1,5991.98,5897.55
3945,2022,1,2023,2,2568.59,8425.65
3945,2022,2,2024,3,1122.63,9530.59
3946,2022,0,2022,1,3216.3,3058.55
3946,2022,1,2023,2,1407.98,4397.48
3946,2022,2,2024,3,624.89,4991.72
3947,2022,0,2022,1,4004.01,3765.84
3947,2022,1,2023,2,1733.02,5395.77
3947,2022,2,2024,3,634.87,5992.88
3949,2022,0,2022,1,2028.68,1952.72
3949,2022,1,2023,2,1019.07,2933.63
3949,2022,2,2024,3,314.26,3236.12
3950,2022,0,2022,1,6323.69,6168.82
3950,2022,1,2023,2,2444.32,8553.29
3950,2022,2,2024,3,1086.98,9613.65
3951,2022,0,2022,1,18033.17,17414.46
3951,2022,1,2023,2,7108.45,24279.02
3951,2022,2,2024,3,2698.33,26884.77
3952,2022,0,2022,1,5417.98,5184.37
3952,2022,1,2023,2,1879.27,6982.61
3952,2022,2,2024,3,1296.53,8223.23
3953,2022,0,2022,1,7322.33,6967.42
3953,2022,1,2023,2,2748.66,9582.86
3953,2022,2,2024,3,1382.87,10898.7
3954,2022,0,2022,1,3878.72,3600.46
3954,2022,1,2023,2,1570.13,5057.94
3954,2022,2,2024,3,520.59,5541.18
3955,2022,0,2022,1,9653.71,9199.35
3955,2022,1,2023,2,3282.69,12327.54
3955,2022,2,2024,3,1545.71,13800.5
3957,2022,0,2022,1,29851.46,28377.35
3957,2022,1,2023,2,14821.21,42466.66
3957,2022,2,2024,3,2772.31,45102.07
3958,2022,0,2022,1,105242.24,100077.98
3958,2022,1,2023,2,46729.1,144514.07
3958,2022,2,2024,3,17806.31,161446.63
3959,2022,0,2022,1,43307.26,39219.53
3959,2022,1,2023,2,18853.51,56293.48
3959,2022,2,2024,3,6630.95,62298.55
3960,2022,0,2022,1,5003.07,4530.55
3960,2022,1,2023,2,2257.48,6574.83
3960,2022,2,2024,3,725.83,7232.1
3961,2022,0,2022,1,8103.31,7655.49
3961,2022,1,2023,2,3673.36,11125.86
3961,2022,2,2024,3,1046.39,12114.41
3962,2022,0,2022,1,22488.61,21171.85
3962,2022,1,2023,2,9416.81,30037.29
3962,2022,2,2024,3,3342.34,33183.93
3963,2022,0,2022,1,5162.15,4752.97
3963,2022,1,2023,2,2475.54,7032.29
3963,2022,2,2024,3,601.43,7586.04
3964,2022,0,2022,1,9428.67,8438.75
3964,2022,1,2023,2,4521.93,12485.93
3964,2022,2,2024,3,386.18,12831.56
3965,2022,0,2022,1,9902.5,9684.91
3965,2022,1,2023,2,5728.55,15287.58
3965,2022,2,2024,3,1646.01,16897.43
3966,2022,0,2022,1,12177.02,11246.66
3966,2022,1,2023,2,4667.12,15557.2
3966,2022,2,2024,3,1248.69,16710.49
3967,2022,0,2022,1,7373.71,7360.92
3967,2022,1,2023,2,3200.18,10555.56
3967,2022,2,2024,3,1370.39,11923.57
3970,2022,0,2022,1,45519.41,43237.25
3970,2022,1,2023,2,17068.06,59449.59
3970,2022,2,2024,3,8999.09,67997.5
3971,2022,0,2022,1,12874.7,12149.93
3971,2022,1,2023,2,4874.77,16750.28
3971,2022,2,2024,3,2447.8,19060.28
3972,2022,0,2022,1,4428.79,4198.25
3972,2022,1,2023,2,1976.9,6072.24
3972,2022,2,2024,3,648.02,6686.53
3973,2022,0,2022,1,15789.6,14687.34
3973,2022,1,2023,2,5485.06,19789.5
3973,2022,2,2024,3,2090.7,21734.25
3974,2022,0,2022,1,15691.5,14469.95
3974,2022,1,2023,2,8284.03,22109.09
3974,2022,2,2024,3,787.33,22835.14
3975,2022,0,2022,1,9475.51,8869.66
3975,2022,1,2023,2,3103.78,11774.99
3975,2022,2,2024,3,1807.63,13467.04
3976,2022,0,2022,1,17155.26,16139.56
3976,2022,1,2023,2,7921.23,23591.8
3976,2022,2,2024,3,2113.81,25580.46
3977,2022,0,2022,1,16922.88,16464.1
3977,2022,1,2023,2,8057.51,24303.18
3977,2022,2,2024,3,2992.53,27214.58
3978,2022,0,2022,1,21380.3,20101.25
3978,2022,1,2023,2,8432.63,28029.4
3978,2022,2,2024,3,3103.06,30946.82
3979,2022,0,2022,1,5806.88,5548.28
3979,2022,1,2023,2,2920.38,8338.61
3979,2022,2,2024,3,857.48,9157.9
3980,2022,0,2022,1,198.1,184.73
3980,2022,1,2023,2,86.66,265.54
3980,2022,2,2024,3,30.36,293.86
3982,2022,0,2022,1,9191.88,8045.91
3982,2022,1,2023,2,3954.44,11507.35
3982,2022,2,2024,3,54.04,11554.65
3983,2022,0,2022,1,7205.48,7067.15
3983,2022,1,2023,2,2484.89,9504.34
3983,2022,2,2024,3,1826.06,11295.34
3986,2022,0,2022,1,5108,4944.55
3986,2022,1,2023,2,2189.26,7063.76
3986,2022,2,2024,3,959.54,7992.6
3988,2022,0,2022,1,11331.51,10963.6
3988,2022,1,2023,2,4071.88,14903.28
3988,2022,2,2024,3,2872.31,17682.33
3989,2022,0,2022,1,3877.95,3714.2
3989,2022,1,2023,2,1720.61,5362.15
3989,2022,2,2024,3,460.17,5802.88
3990,2022,0,2022,1,12668.46,12074.44
3990,2022,1,2023,2,6156.83,17942.59
3990,2022,2,2024,3,1654.96,19519.94
3991,2022,0,2022,1,31322.58,28547.7
3991,2022,1,2023,2,15093.7,42304.24
3991,2022,2,2024,3,2252.31,44357.02
3992,2022,0,2022,1,17028.54,16686.88
3992,2022,1,2023,2,6570.52,23125.56
3992,2022,2,2024,3,4128.69,27171.41
3993,2022,0,2022,1,15851.98,15179.04
3993,2022,1,2023,2,8131.86,22965.68
3993,2022,2,2024,3,1639.5,24535.58
3994,2022,0,2022,1,9529.36,8528.66
3994,2022,1,2023,2,4869.78,12887.05
3994,2022,2,2024,3,619.16,13441.19
3995,2022,0,2022,1,13422.81,13110.72
3995,2022,1,2023,2,5989.73,18961.18
3995,2022,2,2024,3,2757.42,21654.48
3996,2022,0,2022,1,5560.15,5271.29
3996,2022,1,2023,2,2625.28,7760.18
3996,2022,2,2024,3,582.82,8312.72
3997,2022,0,2022,1,4346.71,4242.16
3997,2022,1,2023,2,1624.38,5827.47
3997,2022,2,2024,3,911.89,6717.43
3998,2022,0,2022,1,14086.92,13416.48
3998,2022,1,2023,2,5898.31,19034.07
3998,2022,2,2024,3,1618.11,20575.17
3999,2022,0,2022,1,8057.77,7575.47
3999,2022,1,2023,2,3211.84,10595.07
3999,2022,2,2024,3,968.17,11505.29
4000,2022,0,2022,1,2815.17,2646.63
4000,2022,1,2023,2,1382.39,3946.25
4000,2022,2,2024,3,223.6,4156.47
4001,2022,0,2022,1,10053.55,9312.81
4001,2022,1,2023,2,4174.09,13179.35
4001,2022,2,2024,3,1013.34,14118.03
4003,2022,0,2022,1,23564.2,22222.43
4003,2022,1,2023,2,10736.73,32347.8
4003,2022,2,2024,3,5082.41,37140.82
4004,2022,0,2022,1,12551.35,11813.74
4004,2022,1,2023,2,5726.67,17203.87
4004,2022,2,2024,3,1681.4,18786.46
4005,2022,0,2022,1,809.36,784.73
4005,2022,1,2023,2,346.77,1120.96
4005,2022,2,2024,3,175.44,1291.06
4006,2022,0,2022,1,13158.51,12742.8
4006,2022,1,2023,2,5471.7,18041.63
4006,2022,2,2024,3,3008.89,20955.46
4007,2022,0,2022,1,5673.85,5404.56
4007,2022,1,2023,2,2644.71,7923.76
4007,2022,2,2024,3,1048.22,8922.23
4009,2022,0,2022,1,13419.22,12606.44
4009,2022,1,2023,2,5580.55,17848.98
4009,2022,2,2024,3,1692.25,19438.74
4010,2022,0,2022,1,4238.03,4013.19
4010,2022,1,2023,2,1625.23,5552.2
4010,2022,2,2024,3,751.37,6263.71
4011,2022,0,2022,1,711.07,688.66
4011,2022,1,2023,2,246.14,927.04
4011,2022,2,2024,3,164.47,1086.32
4012,2022,0,2022,1,2065.79,1900.6
4012,2022,1,2023,2,841.55,2674.85
4012,2022,2,2024,3,203.04,2861.66
4015,2022,0,2022,1,14926.15,13290.7
4015,2022,1,2023,2,4724.19,17497.27
4015,2022,2,2024,3,1580.17,18904.3
4017,2022,0,2022,1,21065.78,19219.96
4017,2022,1,2023,2,9414.74,27809.76
4017,2022,2,2024,3,3175.4,30706.92
4019,2022,0,2022,1,17391.75,15814.69
4019,2022,1,2023,2,9314.49,24284.56
4019,2022,2,2024,3,944.04,25142.99
4020,2022,0,2022,1,3640.35,3497.44
4020,2022,1,2023,2,1577.61,5013.12
4020,2022,2,2024,3,618.83,5607.65
4021,2022,0,2022,1,12877.19,12472.98
4021,2022,1,2023,2,4695.79,17021.37
4021,2022,2,2024,3,2994.97,19922.32
4022,2022,0,2022,1,1351.93,1316.77
4022,2022,1,2023,2,667.8,1967.21
4022,2022,2,2024,3,236.87,2197.92
4024,2022,0,2022,1,9448.38,9024.18
4024,2022,1,2023,2,4511.58,13333.2
4024,2022,2,2024,3,715.39,14016.47
4025,2022,0,2022,1,35171.8,33734.49
4025,2022,1,2023,2,19321.94,52266.83
4025,2022,2,2024,3,5186.78,57241.65
4026,2022,0,2022,1,5354.82,5102.15
4026,2022,1,2023,2,2201.9,7200.15
4026,2022,2,2024,3,1023.03,8174.9
4027,2022,0,2022,1,14199.19,13350.04
4027,2022,1,2023,2,6417.46,19383.72
4027,2022,2,2024,3,1524.77,20817.3
4028,2022,0,2022,1,14474.88,13957.92
4028,2022,1,2023,2,6186.64,19923.61
4028,2022,2,2024,3,3500.11,23298.71
4030,2022,0,2022,1,6934.87,6934.87
4030,2022,1,2023,2,3357.68,10292.55
4030,2022,2,2024,3,1563.06,11855.61
4031,2022,0,2022,1,10858.66,9685.99
4031,2022,1,2023,2,5836.54,14892.22
4031,2022,2,2024,3,224.73,15092.68
4032,2022,0,2022,1,4102.85,4039.82
4032,2022,1,2023,2,1385.52,5404.05
4032,2022,2,2024,3,1431.86,6813.91
4034,2022,0,2022,1,9727.46,9445.37
4034,2022,1,2023,2,1877.06,11268
4034,2022,2,2024,3,2921.72,14104.99
4035,2022,0,2022,1,9883.74,9883.74
4035,2022,1,2023,2,4211.89,14095.63
4035,2022,2,2024,3,3030.25,17125.88
4036,2022,0,2022,1,11053.14,10618.85
4036,2022,1,2023,2,4116.56,14573.66
4036,2022,2,2024,3,1972.89,16469.04
4039,2022,0,2022,1,5678.78,5567.11
4039,2022,1,2023,2,1787.66,7319.62
4039,2022,2,2024,3,1423.75,8715.37
4041,2022,0,2022,1,17714.48,17037.19
4041,2022,1,2023,2,7078.1,23844.67
4041,2022,2,2024,3,3781.71,27481.8
4042,2022,0,2022,1,4455.61,4144.55
4042,2022,1,2023,2,2456.41,6429.46
4042,2022,2,2024,3,36.4,6463.32
4043,2022,0,2022,1,840.61,780.63
4043,2022,1,2023,2,341.11,1097.4
4043,2022,2,2024,3,146.52,1233.46
4044,2022,0,2022,1,25433.97,24324.76
4044,2022,1,2023,2,8093.1,32064.91
4044,2022,2,2024,3,4638.87,36501.47
4047,2022,0,2022,1,4106.93,3924.76
4047,2022,1,2023,2,1998.7,5834.81
4047,2022,2,2024,3,626.31,6433.33
4048,2022,0,2022,1,5743.71,5355.38
4048,2022,1,2023,2,2197.52,7404.32
4048,2022,2,2024,3,1139.99,8467.24
4050,2022,0,2022,1,3040.73,2838.13
4050,2022,1,2023,2,1265.87,4019.66
4050,2022,2,2024,3,365.5,4360.81
4051,2022,0,2022,1,549.51,532.05
4051,2022,1,2023,2,190.67,716.66
4051,2022,2,2024,3,96.77,810.35
4052,2022,0,2022,1,38068.16,36671.77
4052,2022,1,2023,2,16236.64,52312.83
4052,2022,2,2024,3,5511.38,57622.04
4054,2022,0,2022,1,28868.4,26441.19
4054,2022,1,2023,2,8538.94,34262.18
4054,2022,2,2024,3,4613.06,38487.38
4055,2022,0,2022,1,9500.65,9007.09
4055,2022,1,2023,2,3567.09,12388.87
4055,2022,2,2024,3,1904.18,14194.13
4056,2022,0,2022,1,10692.17,10194.9
4056,2022,1,2023,2,4237.1,14234.94
4056,2022,2,2024,3,2483.51,16602.94
4057,2022,0,2022,1,9364.6,8988.54
4057,2022,1,2023,2,3359,12212.65
4057,2022,2,2024,3,2157.29,14283.32
4060,2022,0,2022,1,9642.11,9200.39
4060,2022,1,2023,2,4023.73,13039.78
4060,2022,2,2024,3,1623.46,14588.87
4061,2022,0,2022,1,20012.6,18459.35
4061,2022,1,2023,2,9853.62,27548.2
4061,2022,2,2024,3,2375.6,29739.42
4062,2022,0,2022,1,3212.09,3112.56
4062,2022,1,2023,2,806.61,3894.19
4062,2022,2,2024,3,905.58,4771.71
4063,2022,0,2022,1,3555.74,3458.12
4063,2022,1,2023,2,1451.56,4869.84
4063,2022,2,2024,3,681.04,5532.18
4066,2022,0,2022,1,18971.47,18105.08
4066,2022,1,2023,2,7724.95,25477.25
4066,2022,2,2024,3,4886.37,30140.47
4067,2022,0,2022,1,8432.94,8015.72
4067,2022,1,2023,2,4402.25,12200.16
4067,2022,2,2024,3,1541.37,13665.27
4068,2022,0,2022,1,3445.13,3210.27
4068,2022,1,2023,2,1095.29,4230.89
4068,2022,2,2024,3,699.26,4882.48
4069,2022,0,2022,1,11763.05,11668.96
4069,2022,1,2023,2,4910.19,16539.88
4069,2022,2,2024,3,2501.49,19021.37
4070,2022,0,2022,1,6041.37,5565.31
4070,2022,1,2023,2,1962.98,7373.6
4070,2022,2,2024,3,882.52,8186.58
4071,2022,0,2022,1,7895.12,7308.22
4071,2022,1,2023,2,3906.47,10924.29
4071,2022,2,2024,3,570.39,11452.27
4072,2022,0,2022,1,25549.35,24417.06
4072,2022,1,2023,2,11991.88,35877.49
4072,2022,2,2024,3,4049.63,39747.65
4073,2022,0,2022,1,11662.98,10657.7
4073,2022,1,2023,2,4859.17,15098.03
4073,2022,2,2024,3,1490.95,16460.47
4075,2022,0,2022,1,4761.74,4761.74
4075,2022,1,2023,2,1663.97,6425.71
4075,2022,2,2024,3,1470.71,7896.42
4077,2022,0,2022,1,3468,3248.78
4077,2022,1,2023,2,1690.68,4832.59
4077,2022,2,2024,3,139.38,4963.16
4078,2022,0,2022,1,16363.6,15822.23
4078,2022,1,2023,2,4705.91,20372.45
4078,2022,2,2024,3,4829.95,25042.61
4080,2022,0,2022,1,3351.14,3321.71
4080,2022,1,2023,2,1378.49,4688.09
4080,2022,2,2024,3,913.6,5593.67
4081,2022,0,2022,1,6679.03,6367.33
4081,2022,1,2023,2,3071.89,9295.86
4081,2022,2,2024,3,1051.35,10298.15
4083,2022,0,2022,1,1162.65,1162.65
4083,2022,1,2023,2,585.15,1747.8
4083,2022,2,2024,3,254.09,2001.89
4084,2022,0,2022,1,3117.58,2948.06
4084,2022,1,2023,2,1557.32,4420.7
4084,2022,2,2024,3,461.14,4856.77
4085,2022,0,2022,1,30861.59,29435.51
4085,2022,1,2023,2,13740.88,42541.44
4085,2022,2,2024,3,3915.08,46275.61
4086,2022,0,2022,1,25100.09,23573.99
4086,2022,1,2023,2,8595.96,31647.31
4086,2022,2,2024,3,4115.56,35512.64
4087,2022,0,2022,1,1795.07,1715.36
4087,2022,1,2023,2,627.56,2315.06
4087,2022,2,2024,3,375.09,2673.49
4088,2022,0,2022,1,5488.84,5108.38
4088,2022,1,2023,2,2558.08,7489.15
4088,2022,2,2024,3,705.16,8145.43
4089,2022,0,2022,1,10090.18,10013.78
4089,2022,1,2023,2,4551.68,14531
4089,2022,2,2024,3,2641.5,17152.5
4091,2022,0,2022,1,7467.43,6853.7
4091,2022,1,2023,2,2841.1,9461.29
4091,2022,2,2024,3,864.49,10254.74
4092,2022,0,2022,1,24127.03,22667.61
4092,2022,1,2023,2,8639.68,30784.69
4092,2022,2,2024,3,5431.3,35887.46
4093,2022,0,2022,1,10417.55,9746.72
4093,2022,1,2023,2,3300.09,12834.3
4093,2022,2,2024,3,2315.97,15001.13
4094,2022,0,2022,1,9618.28,9326.58
4094,2022,1,2023,2,4974.58,14150.3
4094,2022,2,2024,3,1612.4,15713.8
4095,2022,0,2022,1,2670.64,2539.55
4095,2022,1,2023,2,1010.47,3500.42
4095,2022,2,2024,3,405.57,3886.08
4097,2022,0,2022,1,10734.8,9804.42
4097,2022,1,2023,2,5514.93,14841.38
4097,2022,2,2024,3,497.51,15295.77
4098,2022,0,2022,1,3844.04,3658.58
4098,2022,1,2023,2,1686.02,5263.25
4098,2022,2,2024,3,471.86,5712.35
4102,2022,0,2022,1,28624.98,26753.43
4102,2022,1,2023,2,12470.46,38408.55
4102,2022,2,2024,3,4635.2,42740.69
4103,2022,0,2022,1,13611.1,12997.52
4103,2022,1,2023,2,5574.81,18321.02
4103,2022,2,2024,3,3093,21274.59
4105,2022,0,2022,1,5294.26,5004.24
4105,2022,1,2023,2,2137.21,7024.38
4105,2022,2,2024,3,625.55,7615.67
4106,2022,0,2022,1,10901.19,10369.19
4106,2022,1,2023,2,5117.93,15237.35
4106,2022,2,2024,3,1216.35,16394.35
4107,2022,0,2022,1,10778.79,10244.11
4107,2022,1,2023,2,4375.32,14402.4
4107,2022,2,2024,3,2349.12,16634.99
4108,2022,0,2022,1,1469.13,1443.36
4108,2022,1,2023,2,695.29,2126.45
4108,2022,2,2024,3,275.11,2396.73
4109,2022,0,2022,1,8954.31,8273.38
4109,2022,1,2023,2,4733.65,12647.05
4109,2022,2,2024,3,1050.32,13617.5
4110,2022,0,2022,1,8529.29,8347.08
4110,2022,1,2023,2,3513.59,11785.61
4110,2022,2,2024,3,1459.99,13214.41
4111,2022,0,2022,1,6820.22,6484.94
4111,2022,1,2023,2,3174.37,9503.26
4111,2022,2,2024,3,997.7,10451.92
4113,2022,0,2022,1,2834.38,2648.43
4113,2022,1,2023,2,1147.23,3720.4
4113,2022,2,2024,3,456.7,4147.13
4114,2022,0,2022,1,25913.95,25353.17
4114,2022,1,2023,2,10928.33,36045
4114,2022,2,2024,3,5467.47,41394.16
4115,2022,0,2022,1,11626.95,11516.33
4115,2022,1,2023,2,4785.32,16256.12
4115,2022,2,2024,3,2998.79,19226.38
4116,2022,0,2022,1,7239.37,6313.79
4116,2022,1,2023,2,2876.33,8822.37
4116,2022,2,2024,3,280.04,9066.6
4119,2022,0,2022,1,10856.46,10174.81
4119,2022,1,2023,2,4617.36,14502.26
4119,2022,2,2024,3,1687.79,16084.08
4120,2022,0,2022,1,554.8,532.28
4120,2022,1,2023,2,208.22,732.04
4120,2022,2,2024,3,94.98,823.17
4121,2022,0,2022,1,6778.54,6716.46
4121,2022,1,2023,2,3584.77,10268.4
4121,2022,2,2024,3,1490.58,11745.32
4122,2022,0,2022,1,2483.9,2483.9
4122,2022,1,2023,2,975.12,3459.03
4122,2022,2,2024,3,642.51,4101.54
4123,2022,0,2022,1,8192.54,7447.35
4123,2022,1,2023,2,3689.26,10801.04
4123,2022,2,2024,3,662.06,11402.87
4124,2022,0,2022,1,9793.88,9267.27
4124,2022,1,2023,2,4798.12,13807.4
4124,2022,2,2024,3,1636.76,15356.16
4125,2022,0,2022,1,12023.23,11409.73
4125,2022,1,2023,2,5051.02,16203.02
4125,2022,2,2024,3,2275.44,18362.35
4127,2022,0,2022,1,11715.97,10786.61
4127,2022,1,2023,2,3571.71,14075
4127,2022,2,2024,3,1978.68,15896.72
4129,2022,0,2022,1,16059.69,14581.42
4129,2022,1,2023,2,6231.72,20239.51
4129,2022,2,2024,3,1772.31,21848.68
4131,2022,0,2022,1,12433.59,12056.84
4131,2022,1,2023,2,5490.17,17380.65
4131,2022,2,2024,3,2157.51,19472.79
4132,2022,0,2022,1,72501.1,67152.69
4132,2022,1,2023,2,32579.17,97328.49
4132,2022,2,2024,3,8374.55,105085.25
4134,2022,0,2022,1,29718.85,28692.16
4134,2022,1,2023,2,12052.78,40328.56
4134,2022,2,2024,3,3868.12,44063.05
4136,2022,0,2022,1,2576.02,2453.67
4136,2022,1,2023,2,1270.19,3663.54
4136,2022,2,2024,3,286.96,3936.87
4137,2022,0,2022,1,5361.43,5011.87
4137,2022,1,2023,2,2792.95,7622.73
4137,2022,2,2024,3,536.94,8124.65
4138,2022,0,2022,1,93514.58,88853.05
4138,2022,1,2023,2,52957.39,139170.61
4138,2022,2,2024,3,5535.27,144429.96
4139,2022,0,2022,1,4076.53,3890.59
4139,2022,1,2023,2,1468.67,5292.27
4139,2022,2,2024,3,861.6,6114.57
4140,2022,0,2022,1,20998.61,19887.27
4140,2022,1,2023,2,7425.06,26919.36
4140,2022,2,2024,3,4173.86,30872.33
4142,2022,0,2022,1,1742.92,1625.67
4142,2022,1,2023,2,752.34,2327.4
4142,2022,2,2024,3,196.73,2510.9
4143,2022,0,2022,1,6608.13,6524.97
4143,2022,1,2023,2,3445.33,9926.95
4143,2022,2,2024,3,1299.27,11209.87
4144,2022,0,2022,1,29425.36,26524.52
4144,2022,1,2023,2,12563.06,37849.08
4144,2022,2,2024,3,2473.18,40078.45
4145,2022,0,2022,1,2412.54,2293.93
4145,2022,1,2023,2,911.2,3160.33
4145,2022,2,2024,3,483.28,3619.85
4146,2022,0,2022,1,3188.4,2896.52
4146,2022,1,2023,2,1219.67,4004.54
4146,2022,2,2024,3,222.79,4206.93
4147,2022,0,2022,1,10546.86,9675.28
4147,2022,1,2023,2,4104.87,13440.93
4147,2022,2,2024,3,999.97,14358.27
4149,2022,0,2022,1,7518.76,7456.47
4149,2022,1,2023,2,2684.64,10118.87
4149,2022,2,2024,3,2377.23,12476.4
4150,2022,0,2022,1,4592.68,4172.52
4150,2022,1,2023,2,2200.85,6172.02
4150,2022,2,2024,3,508.58,6634.07
4151,2022,0,2022,1,7920.02,7517.76
4151,2022,1,2023,2,4219.01,11522.5
4151,2022,2,2024,3,1372.08,12824.89
4153,2022,0,2022,1,7356.24,7137.48
4153,2022,1,2023,2,3871,10893.37
4153,2022,2,2024,3,1484.47,12333.69
4154,2022,0,2022,1,12632.11,11893.16
4154,2022,1,2023,2,4561.02,16187.38
4154,2022,2,2024,3,2242.62,18298.81
4155,2022,0,2022,1,2140.91,1995.33
4155,2022,1,2023,2,785.02,2726.97
4155,2022,2,2024,3,417,3115.62
4156,2022,0,2022,1,60587.32,54238.67
4156,2022,1,2023,2,27014.62,78422.55
4156,2022,2,2024,3,2570.6,80723.79
4157,2022,0,2022,1,66429.22,62491.68
4157,2022,1,2023,2,22521.61,83678.33
4157,2022,2,2024,3,8003.28,91207.23
4158,2022,0,2022,1,7951.76,7951.76
4158,2022,1,2023,2,3140.92,11092.68
4158,2022,2,2024,3,2455.53,13548.21
4159,2022,0,2022,1,7784.24,7094.11
4159,2022,1,2023,2,3336.97,10135.24
4159,2022,2,2024,3,493.06,10584.59
4160,2022,0,2022,1,7685.49,7328.66
4160,2022,1,2023,2,2885.9,10080.58
4160,2022,2,2024,3,848.32,10889.51
4161,2022,0,2022,1,23301.57,22854.38
4161,2022,1,2023,2,10412.41,33066.96
4161,2022,2,2024,3,5038.86,38009.12
4163,2022,0,2022,1,4509.54,4509.54
4163,2022,1,2023,2,1509.57,6019.11
4163,2022,2,2024,3,1386.95,7406.06
4164,2022,0,2022,1,2841.74,2625.32
4164,2022,1,2023,2,959.33,3511.58
4164,2022,2,2024,3,324.84,3811.68
4165,2022,0,2022,1,4826.16,4483.18
4165,2022,1,2023,2,1676.65,6040.67
4165,2022,2,2024,3,764.81,6751.12
4166,2022,0,2022,1,33169.41,32913.75
4166,2022,1,2023,2,15320.33,48115.99
4166,2022,2,2024,3,8740.63,56789.24
4167,2022,0,2022,1,31072.08,31072.08
4167,2022,1,2023,2,12819.16,43891.25
4167,2022,2,2024,3,7019.09,50910.34
4170,2022,0,2022,1,10175.73,9824.66
4170,2022,1,2023,2,4045.28,13730.38
4170,2022,2,2024,3,1389.01,15071.47
4171,2022,0,2022,1,10748.42,10301.64
4171,2022,1,2023,2,5310.77,15391.65
4171,2022,2,2024,3,1352.28,16687.73
4172,2022,0,2022,1,6804.06,6556.16
4172,2022,1,2023,2,2568.41,9031
4172,2022,2,2024,3,1624.61,10596.42
4174,2022,0,2022,1,8715.7,8278.48
4174,2022,1,2023,2,3337.15,11448.23
4174,2022,2,2024,3,1689.36,13052.85
4175,2022,0,2022,1,5964.91,5545.5
4175,2022,1,2023,2,2588.27,7951.78
4175,2022,2,2024,3,742.22,8641.81
4176,2022,0,2022,1,8710.91,8710.91
4176,2022,1,2023,2,3609.9,12320.81
4176,2022,2,2024,3,1886.3,14207.11
4177,2022,0,2022,1,5299.45,5210.01
4177,2022,1,2023,2,1684.42,6866.01
4177,2022,2,2024,3,1204.02,8049.71
4179,2022,0,2022,1,4766.72,4332.08
4179,2022,1,2023,2,1702.59,5879.42
4179,2022,2,2024,3,897.43,6695.01
4180,2022,0,2022,1,98756.73,93692.1
4180,2022,1,2023,2,51223.18,142288.37
4180,2022,2,2024,3,7576.31,149476.14
4182,2022,0,2022,1,8089.19,7573.69
4182,2022,1,2023,2,3637.73,10979.6
4182,2022,2,2024,3,1350.72,12244.24
4183,2022,0,2022,1,25175.08,24021.42
4183,2022,1,2023,2,11699.78,35185.05
4183,2022,2,2024,3,2776.65,37834.46
4184,2022,0,2022,1,257948.33,241754.37
4184,2022,1,2023,2,112632.6,347315.92
4184,2022,2,2024,3,36678.81,381692.04
4185,2022,0,2022,1,13637.82,12961
4185,2022,1,2023,2,6386.75,19030.78
4185,2022,2,2024,3,2204.39,21125.78
4187,2022,0,2022,1,16768.16,15402.95
4187,2022,1,2023,2,6186.23,21085.52
4187,2022,2,2024,3,3400.49,24209.15
4188,2022,0,2022,1,4364.87,4364.87
4188,2022,1,2023,2,2187.83,6552.7
4188,2022,2,2024,3,1105.28,7657.98
4189,2022,0,2022,1,23100.23,21326.69
4189,2022,1,2023,2,7745.04,28477.09
4189,2022,2,2024,3,4438.69,32575
4190,2022,0,2022,1,5811.56,5539.93
4190,2022,1,2023,2,2137.72,7577.74
4190,2022,2,2024,3,1123.8,8649.02
4191,2022,0,2022,1,13297.07,12950.63
4191,2022,1,2023,2,5392.4,18202.53
4191,2022,2,2024,3,3303.03,21419.51
4192,2022,0,2022,1,14719.19,13866.31
4192,2022,1,2023,2,6015.8,19533.53
4192,2022,2,2024,3,2831.51,22200.98
4193,2022,0,2022,1,154709.5,140329.17
4193,2022,1,2023,2,56333.39,191426.35
4193,2022,2,2024,3,22097.46,211469.83
4195,2022,0,2022,1,3148.33,3148.33
4195,2022,1,2023,2,1465.98,4614.31
4195,2022,2,2024,3,782.56,5396.87
4196,2022,0,2022,1,1941.05,1870.22
4196,2022,1,2023,2,727.14,2570.83
4196,2022,2,2024,3,391.01,2947.57
4197,2022,0,2022,1,20684.91,18379.43
4197,2022,1,2023,2,9686.02,26985.88
4197,2022,2,2024,3,895.46,27781.53
4198,2022,0,2022,1,7257.07,6674.3
4198,2022,1,2023,2,2754.21,9207.34
4198,2022,2,2024,3,601.81,9760.82
4201,2022,0,2022,1,1199.28,1103.36
4201,2022,1,2023,2,540.89,1600.98
4201,2022,2,2024,3,69.89,1665.28
4203,2022,0,2022,1,1033.25,989.5
4203,2022,1,2023,2,373.2,1346.89
4203,2022,2,2024,3,208.99,1547.04
4205,2022,0,2022,1,16527.6,15037.84
4205,2022,1,2023,2,7300.89,21680.65
4205,2022,2,2024,3,2470.58,23928.54
4206,2022,0,2022,1,15678.19,14739.39
4206,2022,1,2023,2,6971.26,21293.22
4206,2022,2,2024,3,1544.1,22744.87
4208,2022,0,2022,1,688.04,653.3
4208,2022,1,2023,2,337.42,973.68
4208,2022,2,2024,3,89.84,1058.99
4209,2022,0,2022,1,5049.54,4882.64
4209,2022,1,2023,2,1950.85,6769.01
4209,2022,2,2024,3,676.66,7423.31
4210,2022,0,2022,1,9269.67,8745.79
4210,2022,1,2023,2,4681.34,13162.56
4210,2022,2,2024,3,1377.56,14462.27
4211,2022,0,2022,1,11655.12,11080.74
4211,2022,1,2023,2,5268.89,16089.97
4211,2022,2,2024,3,1858.4,17856.78
4212,2022,0,2022,1,6786.75,6273.86
4212,2022,1,2023,2,2500.32,8585.22
4212,2022,2,2024,3,892.46,9410.24
4213,2022,0,2022,1,10916.71,10449.25
4213,2022,1,2023,2,4976.84,15212.98
4213,2022,2,2024,3,1960.83,17089.84
4215,2022,0,2022,1,12475.32,12091.23
4215,2022,1,2023,2,4821.51,16764.29
4215,2022,2,2024,3,2675.36,19357.29
4216,2022,0,2022,1,14472.9,13488.11
4216,2022,1,2023,2,6116.03,19187.99
4216,2022,2,2024,3,2572.11,21585.08
4218,2022,0,2022,1,6368.13,5926.55
4218,2022,1,2023,2,2210.62,7983.88
4218,2022,2,2024,3,1189.57,9090.96
4219,2022,0,2022,1,7112.94,6577.35
4219,2022,1,2023,2,2638.59,9017.26
4219,2022,2,2024,3,1457.26,10364.79
4221,2022,0,2022,1,11837.35,10972.51
4221,2022,1,2023,2,5409.49,15986.78
4221,2022,2,2024,3,1200.2,17099.29
4222,2022,0,2022,1,9324.45,8923.98
4222,2022,1,2023,2,4002.91,12754.97
4222,2022,2,2024,3,1833.33,14509.55
4223,2022,0,2022,1,8610.72,8176.28
4223,2022,1,2023,2,3094.98,11115.11
4223,2022,2,2024,3,1769.95,12795.77
4224,2022,0,2022,1,5359.32,4902.65
4224,2022,1,2023,2,1971.79,6706.43
4224,2022,2,2024,3,699.62,7346.43
4225,2022,0,2022,1,1449.45,1364.35
4225,2022,1,2023,2,506,1840.64
4225,2022,2,2024,3,312.48,2134.78
4226,2022,0,2022,1,15761.52,14643.75
4226,2022,1,2023,2,5740.55,19977.19
4226,2022,2,2024,3,2315.4,22128.38
4227,2022,0,2022,1,24686.17,23871.76
4227,2022,1,2023,2,9603.87,33158.79
4227,2022,2,2024,3,4839.61,37838.74
4228,2022,0,2022,1,35677.8,31536.48
4228,2022,1,2023,2,16011.98,45689.87
4228,2022,2,2024,3,64.35,45746.75
4229,2022,0,2022,1,29913.36,27721.53
4229,2022,1,2023,2,9600.89,36618.93
4229,2022,2,2024,3,4959.09,41214.66
4230,2022,0,2022,1,4074.86,3922.32
4230,2022,1,2023,2,1409.9,5279.44
4230,2022,2,2024,3,1107.19,6345.18
4231,2022,0,2022,1,14705.53,14139.9
4231,2022,1,2023,2,8268.57,22090.42
4231,2022,2,2024,3,2909.86,24888.36
4232,2022,0,2022,1,3667.71,3435.21
4232,2022,1,2023,2,1704.01,5031.21
4232,2022,2,2024,3,704.1,5690.67
4233,2022,0,2022,1,26153.47,24259.95
4233,2022,1,2023,2,10579.09,34073.12
4233,2022,2,2024,3,2077.22,35999.95
4234,2022,0,2022,1,118355,114335.45
4234,2022,1,2023,2,50253.36,162882.11
4234,2022,2,2024,3,16655.97,178972.41
4235,2022,0,2022,1,5972.09,5353.34
4235,2022,1,2023,2,2892.05,7945.75
4235,2022,2,2024,3,535.99,8426.21
4236,2022,0,2022,1,11184.49,10987.27
4236,2022,1,2023,2,3557.43,14481.97
4236,2022,2,2024,3,2822.53,17254.74
4237,2022,0,2022,1,17749.31,17670.64
4237,2022,1,2023,2,7273.33,24911.73
4237,2022,2,2024,3,3613.65,28509.36
4239,2022,0,2022,1,12791.17,12229.23
4239,2022,1,2023,2,6238.22,18193.39
4239,2022,2,2024,3,2081.82,20183.76
4241,2022,0,2022,1,9834.32,9036.84
4241,2022,1,2023,2,5026.31,13655.57
4241,2022,2,2024,3,313.37,13943.52
4242,2022,0,2022,1,6480.97,6372.16
4242,2022,1,2023,2,3180.69,9499.46
4242,2022,2,2024,3,1445.71,10920.89
4243,2022,0,2022,1,18576.14,18576.14
4243,2022,1,2023,2,6530.07,25106.21
4243,2022,2,2024,3,3594.24,28700.45
4245,2022,0,2022,1,25796.86,23674.95
4245,2022,1,2023,2,9955.32,32811.4
4245,2022,2,2024,3,2787.08,35369.23
4246,2022,0,2022,1,16213.81,15349.2
4246,2022,1,2023,2,7195.66,22161.15
4246,2022,2,2024,3,2205.66,24249.19
4247,2022,0,2022,1,7629.44,7044.07
4247,2022,1,2023,2,3704.32,10464.17
4247,2022,2,2024,3,600.35,11018.46
4249,2022,0,2022,1,4795.1,4484.37
4249,2022,1,2023,2,1901.76,6262.9
4249,2022,2,2024,3,1092.9,7284.97
4250,2022,0,2022,1,2987,2780.23
4250,2022,1,2023,2,1404.18,4087.21
4250,2022,2,2024,3,273.36,4341.64
4251,2022,0,2022,1,2262.13,2203.33
4251,2022,1,2023,2,701.02,2886.14
4251,2022,2,2024,3,583.05,3454.03
4253,2022,0,2022,1,12512.05,11687.06
4253,2022,1,2023,2,5028.78,16384.27
4253,2022,2,2024,3,1647.74,17923.36
4254,2022,0,2022,1,22078.44,21171.32
4254,2022,1,2023,2,10291.62,31040.1
4254,2022,2,2024,3,3576.97,34470.11
4255,2022,0,2022,1,18869.11,18215.02
4255,2022,1,2023,2,8624.08,26540.15
4255,2022,2,2024,3,3657.5,30070.86
4257,2022,0,2022,1,21295.89,19983.3
4257,2022,1,2023,2,9724.04,29108
4257,2022,2,2024,3,2514.72,31467.72
4258,2022,0,2022,1,17090.52,15113.51
4258,2022,1,2023,2,5776.94,20222.19
4258,2022,2,2024,3,1208.19,21290.61
4259,2022,0,2022,1,5059.42,4700.1
4259,2022,1,2023,2,1971.99,6532.04
4259,2022,2,2024,3,246.8,6761.31
4260,2022,0,2022,1,27031.88,26350.41
4260,2022,1,2023,2,10136.54,36231.4
4260,2022,2,2024,3,5453.91,41547.83
4261,2022,0,2022,1,14476.14,14109.74
4261,2022,1,2023,2,6424.13,20371.27
4261,2022,2,2024,3,3463.8,23747.4
4262,2022,0,2022,1,6976.92,6816.7
4262,2022,1,2023,2,2746.57,9500.2
4262,2022,2,2024,3,1812.44,11271.02
4263,2022,0,2022,1,9699.79,9143.06
4263,2022,1,2023,2,3486.48,12429.42
4263,2022,2,2024,3,1752.88,14081.69
4264,2022,0,2022,1,2396.41,2391.96
4264,2022,1,2023,2,935,3325.23
4264,2022,2,2024,3,596.06,3920.18
4265,2022,0,2022,1,2153.32,2047.03
4265,2022,1,2023,2,922.41,2923.91
4265,2022,2,2024,3,345.54,3252.39
4266,2022,0,2022,1,9754.94,9322.75
4266,2022,1,2023,2,4328.54,13459.52
4266,2022,2,2024,3,1571.93,14961.81
4267,2022,0,2022,1,8247.15,7718.42
4267,2022,1,2023,2,3709,11189.63
4267,2022,2,2024,3,1351.74,12454.71
4269,2022,0,2022,1,3200.52,3051.61
4269,2022,1,2023,2,1499.45,4481.3
4269,2022,2,2024,3,393.55,4856.54
4270,2022,0,2022,1,296.24,291.5
4270,2022,1,2023,2,96.88,386.83
4270,2022,2,2024,3,96.67,481.95
4271,2022,0,2022,1,8126.37,7654.99
4271,2022,1,2023,2,3458.72,10913.08
4271,2022,2,2024,3,1183.6,12028.02
4272,2022,0,2022,1,1998.58,1890.32
4272,2022,1,2023,2,670.58,2524.57
4272,2022,2,2024,3,371.76,2876.2
4275,2022,0,2022,1,2516.06,2477.71
4275,2022,1,2023,2,930.14,3393.68
4275,2022,2,2024,3,607.45,3991.87
4276,2022,0,2022,1,17929.61,16640.98
4276,2022,1,2023,2,8741.38,24754.11
4276,2022,2,2024,3,807.56,25503.63
4277,2022,0,2022,1,12082.01,12078.73
4277,2022,1,2023,2,4454.83,16532.35
4277,2022,2,2024,3,2655.68,19187.32
4278,2022,0,2022,1,3866.89,3562.2
4278,2022,1,2023,2,1483.16,4928.48
4278,2022,2,2024,3,661.55,5537.9
4279,2022,0,2022,1,20317.79,18848.24
4279,2022,1,2023,2,9512.02,27672.28
4279,2022,2,2024,3,2334.42,29837.85
4281,2022,0,2022,1,9948.96,9375.05
4281,2022,1,2023,2,3868.61,13020.5
4281,2022,2,2024,3,1624.05,14550.87
4282,2022,0,2022,1,6350.24,6079.85
4282,2022,1,2023,2,1742.84,7748.48
4282,2022,2,2024,3,1631.2,9310.23
4283,2022,0,2022,1,2642.38,2425.51
4283,2022,1,2023,2,1254.02,3576.62
4283,2022,2,2024,3,212.45,3771.63
4284,2022,0,2022,1,11205.34,10212.18
4284,2022,1,2023,2,4511.69,14323.99
4284,2022,2,2024,3,848.71,15097.47
4285,2022,0,2022,1,8317.69,8250.6
4285,2022,1,2023,2,4142.27,12359.46
4285,2022,2,2024,3,2006.38,14349.66
4286,2022,0,2022,1,26524.32,24879.32
4286,2022,1,2023,2,9846.5,34115.15
4286,2022,2,2024,3,4854.48,38668.57
4287,2022,0,2022,1,9069.98,8800.88
4287,2022,1,2023,2,3218.47,11923.85
4287,2022,2,2024,3,1922.79,13789.6
4288,2022,0,2022,1,2244.93,2058.82
4288,2022,1,2023,2,1058.74,3029.78
4288,2022,2,2024,3,153.36,3170.42
4290,2022,0,2022,1,14355.62,13638.17
4290,2022,1,2023,2,8055.29,21290.87
4290,2022,2,2024,3,1420.93,22640.79
4291,2022,0,2022,1,4854.47,4499.7
4291,2022,1,2023,2,1961.54,6317.89
4291,2022,2,2024,3,657.16,6927.03
4292,2022,0,2022,1,7298.97,6899.36
4292,2022,1,2023,2,3997.07,10677.59
4292,2022,2,2024,3,707.68,11346.53
4293,2022,0,2022,1,7323.3,6860.16
4293,2022,1,2023,2,3232.44,9888.18
4293,2022,2,2024,3,970.72,10797.51
4294,2022,0,2022,1,12909.16,11654.04
4294,2022,1,2023,2,4332.17,15565
4294,2022,2,2024,3,1384.54,16814.92
4295,2022,0,2022,1,9958.85,9357.24
4295,2022,1,2023,2,3552.55,12695.18
4295,2022,2,2024,3,2472.7,15018.51
4296,2022,0,2022,1,2040.87,1947.23
4296,2022,1,2023,2,670.27,2586.74
4296,2022,2,2024,3,401.96,2970.25
4297,2022,0,2022,1,22816.88,22463.8
4297,2022,1,2023,2,9032.16,31356.2
4297,2022,2,2024,3,5775.39,37042.21
4298,2022,0,2022,1,10908.51,10611.86
4298,2022,1,2023,2,4343.3,14837.06
4298,2022,2,2024,3,1754.02,16543.38
4300,2022,0,2022,1,10184.66,9730.57
4300,2022,1,2023,2,4584.44,14110.62
4300,2022,2,2024,3,1502.42,15546.05
4301,2022,0,2022,1,7792.42,7524.05
4301,2022,1,2023,2,3621.75,11021.07
4301,2022,2,2024,3,1641.13,12605.68
4302,2022,0,2022,1,4723.41,4722.01
4302,2022,1,2023,2,2193.18,6914.54
4302,2022,2,2024,3,943.02,7857.29
4303,2022,0,2022,1,8512.32,7837.3
4303,2022,1,2023,2,2879.06,10488.06
4303,2022,2,2024,3,1813.74,12157.97
4305,2022,0,2022,1,20453.36,18864.34
4305,2022,1,2023,2,5221.15,23679.86
4305,2022,2,2024,3,2976.55,26425.16
4306,2022,0,2022,1,166963.23,163569.36
4306,2022,1,2023,2,73054.72,235139.09
4306,2022,2,2024,3,22173.24,256861.61
4307,2022,0,2022,1,11950.3,11387.31
4307,2022,1,2023,2,4838.04,15997.42
4307,2022,2,2024,3,2506.41,18385.74
4308,2022,0,2022,1,12266.45,11817.89
4308,2022,1,2023,2,5504.18,17120.79
4308,2022,2,2024,3,1381.14,18451.42
4310,2022,0,2022,1,122444.49,114006.12
4310,2022,1,2023,2,54782.21,165012.97
4310,2022,2,2024,3,18503.08,182240.9
4311,2022,0,2022,1,16546.94,14701.16
4311,2022,1,2023,2,6877.03,20811.07
4311,2022,2,2024,3,1354.09,22014.11
4312,2022,0,2022,1,101609.07,94402.39
4312,2022,1,2023,2,38041.64,129745.9
4312,2022,2,2024,3,17505.43,146009.76
4314,2022,0,2022,1,24101.93,23392.34
4314,2022,1,2023,2,13042.68,36051.03
4314,2022,2,2024,3,3931.16,39866.45
4315,2022,0,2022,1,12266.4,12253.4
4315,2022,1,2023,2,5318.13,17565.89
4315,2022,2,2024,3,2582.27,20145.42
4316,2022,0,2022,1,30042.9,27310.68
4316,2022,1,2023,2,15333.14,41249.36
4316,2022,2,2024,3,610.19,41804.05
4317,2022,0,2022,1,10930,10331.09
4317,2022,1,2023,2,4833.22,14899.48
4317,2022,2,2024,3,1517.42,16333.75
4318,2022,0,2022,1,3962.36,3919.9
4318,2022,1,2023,2,1716.65,5618.15
4318,2022,2,2024,3,817.33,6426.72
4319,2022,0,2022,1,12227.53,11293.14
4319,2022,1,2023,2,4308.04,15271.98
4319,2022,2,2024,3,2435.62,17521.48
4320,2022,0,2022,1,22950.17,22109.02
4320,2022,1,2023,2,9349.29,31115.64
4320,2022,2,2024,3,3132.15,34132.99
4321,2022,0,2022,1,10937.48,9987.22
4321,2022,1,2023,2,4662.18,14244.34
4321,2022,2,2024,3,1106.74,15254.93
4322,2022,0,2022,1,2498.14,2389.91
4322,2022,1,2023,2,796.9,3152.28
4322,2022,2,2024,3,622.1,3747.43
4323,2022,0,2022,1,51858.63,47729.17
4323,2022,1,2023,2,25336.1,71047.78
4323,2022,2,2024,3,2744.12,73573.39
4324,2022,0,2022,1,13297.51,12177.36
4324,2022,1,2023,2,5092.6,16840.97
4324,2022,2,2024,3,1931.36,18609.64
4326,2022,0,2022,1,9787.65,9787.65
4326,2022,1,2023,2,3946.31,13733.96
4326,2022,2,2024,3,2274.66,16008.62
4328,2022,0,2022,1,12326.87,12028.38
4328,2022,1,2023,2,6856.69,18719.04
4328,2022,2,2024,3,2206.02,20871.64
4329,2022,0,2022,1,11833.54,10552.63
4329,2022,1,2023,2,4261.4,14352.76
4329,2022,2,2024,3,874.54,15132.64
4330,2022,0,2022,1,13595.56,13125.65
4330,2022,1,2023,2,5199.4,18145.34
4330,2022,2,2024,3,3336.58,21366.59
4331,2022,0,2022,1,9696.74,9245.74
4331,2022,1,2023,2,3925.86,12989
4331,2022,2,2024,3,1896.58,14797.37
4332,2022,0,2022,1,6515.59,6006.25
4332,2022,1,2023,2,2905.11,8684.26
4332,2022,2,2024,3,659.43,9292.14
4333,2022,0,2022,1,3216.57,2979.67
4333,2022,1,2023,2,1760.67,4610.67
4333,2022,2,2024,3,194.57,4790.91
4334,2022,0,2022,1,18226.57,18226.57
4334,2022,1,2023,2,8264.92,26491.49
4334,2022,2,2024,3,4226.88,30718.37
4336,2022,0,2022,1,26948.36,24936.83
4336,2022,1,2023,2,9466.37,33696.59
4336,2022,2,2024,3,4668.41,38016.53
4337,2022,0,2022,1,1494.57,1362.14
4337,2022,1,2023,2,729.95,2027.41
4337,2022,2,2024,3,87.36,2107.03
4338,2022,0,2022,1,21853.05,20847.31
4338,2022,1,2023,2,9214.59,29637.81
4338,2022,2,2024,3,2511.53,32033.75
4340,2022,0,2022,1,4375.3,4261.5
4340,2022,1,2023,2,2037.34,6245.84
4340,2022,2,2024,3,767.25,6993.14
4341,2022,0,2022,1,3789.38,3569.39
4341,2022,1,2023,2,1725.91,5195.09
4341,2022,2,2024,3,518.66,5683.64
4343,2022,0,2022,1,8462.2,8324.13
4343,2022,1,2023,2,3196.32,11468.31
4343,2022,2,2024,3,1766.57,13206.05
4344,2022,0,2022,1,12365.09,11906.72
4344,2022,1,2023,2,4820.06,16548.1
4344,2022,2,2024,3,2442.28,18899.85
4346,2022,0,2022,1,77209.31,74137.67
4346,2022,1,2023,2,35959.62,108666.7
4346,2022,2,2024,3,14329.07,122425.71
4349,2022,0,2022,1,11816.13,11390.66
4349,2022,1,2023,2,4439.96,15670.75
4349,2022,2,2024,3,2610.63,18187.39
4350,2022,0,2022,1,29684.64,26522.98
4350,2022,1,2023,2,13815.07,38866.63
4350,2022,2,2024,3,820.22,39599.49
4351,2022,0,2022,1,532.28,495.68
4351,2022,1,2023,2,172.23,656.07
4351,2022,2,2024,3,105.72,754.52
4352,2022,0,2022,1,6751.24,6440.08
4352,2022,1,2023,2,2321.62,8654.7
4352,2022,2,2024,3,1341.78,9934.64
4355,2022,0,2022,1,3786.55,3549.92
4355,2022,1,2023,2,1513.55,4968.88
4355,2022,2,2024,3,495.16,5433.1
4357,2022,0,2022,1,12688.91,11676.27
4357,2022,1,2023,2,4616.15,15924.02
4357,2022,2,2024,3,2090,17847.23
4358,2022,0,2022,1,1309.06,1299.18
4358,2022,1,2023,2,493.46,1788.93
4358,2022,2,2024,3,296.59,2083.28
4359,2022,0,2022,1,13998.01,13151.63
4359,2022,1,2023,2,5763.72,18566.85
4359,2022,2,2024,3,2150.04,20586.88
4360,2022,0,2022,1,3820.44,3655.96
4360,2022,1,2023,2,1640.71,5226.03
4360,2022,2,2024,3,962.49,6147.08
4361,2022,0,2022,1,88263.18,87498.76
4361,2022,1,2023,2,40159.53,127310.48
4361,2022,2,2024,3,17490.3,144649.3
4362,2022,0,2022,1,10174.38,9556.57
4362,2022,1,2023,2,4525.99,13807.74
4362,2022,2,2024,3,1168.29,14905.09
4363,2022,0,2022,1,3042.37,2932.98
4363,2022,1,2023,2,1482.78,4362.44
4363,2022,2,2024,3,689.63,5027.28
4364,2022,0,2022,1,13857.95,12718.53
4364,2022,1,2023,2,6198.51,18407.4
4364,2022,2,2024,3,1536.35,19817.43
4366,2022,0,2022,1,10443.88,9644.53
4366,2022,1,2023,2,3744.31,13102.25
4366,2022,2,2024,3,1331.01,14331.39
4367,2022,0,2022,1,10048.29,10010.31
4367,2022,1,2023,2,4236.82,14231.11
4367,2022,2,2024,3,2308.78,16531.16
4368,2022,0,2022,1,11051.69,10348.08
4368,2022,1,2023,2,4749.59,14795.29
4368,2022,2,2024,3,2094.78,16756.7
4370,2022,0,2022,1,33931.66,30155.46
4370,2022,1,2023,2,14041.84,42634.61
4370,2022,2,2024,3,704.01,43260.27
4371,2022,0,2022,1,20758.23,19414.54
4371,2022,1,2023,2,8833.19,27675.95
4371,2022,2,2024,3,2615.71,30122.34
4372,2022,0,2022,1,25924.22,23693.34
4372,2022,1,2023,2,8839.22,31771.9
4372,2022,2,2024,3,2985.75,34500.72
4375,2022,0,2022,1,10805.36,9841.9
4375,2022,1,2023,2,5118.65,14504.14
4375,2022,2,2024,3,1013.84,15427.58
4376,2022,0,2022,1,641.27,576.91
4376,2022,1,2023,2,297.71,844.74
4376,2022,2,2024,3,39.73,880.48
4377,2022,0,2022,1,2461.25,2393.33
4377,2022,1,2023,2,1187.71,3548.26
4377,2022,2,2024,3,354.09,3892.58
4378,2022,0,2022,1,112979.3,112979.3
4378,2022,1,2023,2,47466.2,160445.5
4378,2022,2,2024,3,27743.28,188188.78
4379,2022,0,2022,1,2371.3,2339.95
4379,2022,1,2023,2,860.5,3189.07
4379,2022,2,2024,3,685.82,3865.83
4380,2022,0,2022,1,19891.13,18970.14
4380,2022,1,2023,2,7400.7,26028.18
4380,2022,2,2024,3,3988.95,29832.43
4382,2022,0,2022,1,8134.88,7673.83
4382,2022,1,2023,2,3213.74,10705.42
4382,2022,2,2024,3,962.91,11613.76
4384,2022,0,2022,1,3904.35,3662.88
4384,2022,1,2023,2,1598.33,5162.36
4384,2022,2,2024,3,375.56,5514.69
4385,2022,0,2022,1,3810.46,3588.09
4385,2022,1,2023,2,1832.64,5313.77
4385,2022,2,2024,3,404.91,5695.05
4386,2022,0,2022,1,32696.54,30231.73
4386,2022,1,2023,2,15747.94,44792.52
4386,2022,2,2024,3,2638.02,47231.68
4387,2022,0,2022,1,3091.49,2886.5
4387,2022,1,2023,2,1187.21,3994.98
4387,2022,2,2024,3,501.64,4463.36
4388,2022,0,2022,1,14540.62,13306.26
4388,2022,1,2023,2,6917.19,19636.25
4388,2022,2,2024,3,729.27,20303.61
4389,2022,0,2022,1,4008.05,3727.78
4389,2022,1,2023,2,2072.06,5654.94
4389,2022,2,2024,3,420.4,6045.95
4390,2022,0,2022,1,43743.69,42710.38
4390,2022,1,2023,2,16815.76,59128.91
4390,2022,2,2024,3,5872.84,64863.02
4391,2022,0,2022,1,12845.5,12621.23
4391,2022,1,2023,2,4682.01,17221.5
4391,2022,2,2024,3,3220.1,20385.37
4392,2022,0,2022,1,9943.88,9341.86
4392,2022,1,2023,2,4473.97,13544.98
4392,2022,2,2024,3,1438.55,14896.43
4393,2022,0,2022,1,176518.3,167496.61
4393,2022,1,2023,2,86325.77,249410.35
4393,2022,2,2024,3,20061.84,268446.85
4394,2022,0,2022,1,12943.68,11275.72
4394,2022,1,2023,2,4551.31,15240.54
4394,2022,2,2024,3,369.6,15562.51
4395,2022,0,2022,1,921.54,862.31
4395,2022,1,2023,2,331.03,1172.06
4395,2022,2,2024,3,165.04,1326.49
4396,2022,0,2022,1,1112.74,1112.74
4396,2022,1,2023,2,428.71,1541.45
4396,2022,2,2024,3,314.37,1855.82
4397,2022,0,2022,1,7290.65,6981.48
4397,2022,1,2023,2,3399.32,10236.64
4397,2022,2,2024,3,1154.06,11341.76
4398,2022,0,2022,1,6516.05,6328.41
4398,2022,1,2023,2,2410.69,8669.69
4398,2022,2,2024,3,1371.67,10001.86
4400,2022,0,2022,1,9900.48,9429.16
4400,2022,1,2023,2,3259.83,12533.8
4400,2022,2,2024,3,1662.98,14117.62
4401,2022,0,2022,1,19740.74,18112.53
4401,2022,1,2023,2,8638.43,26038.47
4401,2022,2,2024,3,1700.04,27598.3
4403,2022,0,2022,1,11737.72,11032.94
4403,2022,1,2023,2,4478.34,15242.37
4403,2022,2,2024,3,2187.92,17298.92
4404,2022,0,2022,1,577.27,562.21
4404,2022,1,2023,2,237.28,793.3
4404,2022,2,2024,3,133.93,923.74
4405,2022,0,2022,1,20145.36,19354.56
4405,2022,1,2023,2,8208.59,27240.93
4405,2022,2,2024,3,4039.04,31121.41
4406,2022,0,2022,1,1376.5,1354.41
4406,2022,1,2023,2,607.56,1952.21
4406,2022,2,2024,3,277.79,2225.55
4408,2022,0,2022,1,102119.1,96438.01
4408,2022,1,2023,2,54573.78,147975.73
4408,2022,2,2024,3,12615.8,159889.69
4409,2022,0,2022,1,4581.24,4316.06
4409,2022,1,2023,2,1660.05,5880.02
4409,2022,2,2024,3,696.3,6536.02
4410,2022,0,2022,1,16140.03,15016.53
4410,2022,1,2023,2,5704.74,20324.17
4410,2022,2,2024,3,3063.94,23174.83
4411,2022,0,2022,1,7229.55,6906.14
4411,2022,1,2023,2,2860.25,9638.44
4411,2022,2,2024,3,1331.12,10910.02
4415,2022,0,2022,1,7025.92,6405.17
4415,2022,1,2023,2,3587.7,9675.9
4415,2022,2,2024,3,1038.25,10622.42
4416,2022,0,2022,1,20309.26,20071.19
4416,2022,1,2023,2,8376.6,28349.59
4416,2022,2,2024,3,5083.49,33373.49
4417,2022,0,2022,1,61132.02,56294.48
4417,2022,1,2023,2,24192.42,78572.5
4417,2022,2,2024,3,6337.1,84408.13
4418,2022,0,2022,1,15244.67,14259.54
4418,2022,1,2023,2,5159.77,19085.89
4418,2022,2,2024,3,3747.97,22591.66
4419,2022,0,2022,1,6961.89,6580.74
4419,2022,1,2023,2,3391.75,9786.8
4419,2022,2,2024,3,1300.91,11016.49
4420,2022,0,2022,1,3081.41,3029.96
4420,2022,1,2023,2,1484.21,4489.39
4420,2022,2,2024,3,529.97,5010.52
4421,2022,0,2022,1,4282.12,4032.68
4421,2022,1,2023,2,1934.38,5854.39
4421,2022,2,2024,3,673.77,6488.91
4423,2022,0,2022,1,9906.14,9346.11
4423,2022,1,2023,2,3312.44,12471.28
4423,2022,2,2024,3,2128.93,14479.86
4424,2022,0,2022,1,15282.04,14230
4424,2022,1,2023,2,5652.95,19493.79
4424,2022,2,2024,3,3082.13,22363.74
4425,2022,0,2022,1,22522.19,21541.71
4425,2022,1,2023,2,7846.62,29046.74
4425,2022,2,2024,3,4780.48,33619.11
4426,2022,0,2022,1,11592.88,10720.28
4426,2022,1,2023,2,4036.98,14453.4
4426,2022,2,2024,3,1842.23,16156.96
4427,2022,0,2022,1,21374.18,21374.18
4427,2022,1,2023,2,11994.99,33369.17
4427,2022,2,2024,3,3980.97,37350.14
4428,2022,0,2022,1,9084.38,8992.56
4428,2022,1,2023,2,3745.72,12700.43
4428,2022,2,2024,3,1667.2,14350.78
4429,2022,0,2022,1,691.71,631.7
4429,2022,1,2023,2,291.42,897.84
4429,2022,2,2024,3,37.29,931.89
4430,2022,0,2022,1,137.18,130.22
4430,2022,1,2023,2,52.68,180.22
4430,2022,2,2024,3,24.88,203.84
4432,2022,0,2022,1,467.78,428.55
4432,2022,1,2023,2,192.26,604.68
4432,2022,2,2024,3,37.77,639.29
4433,2022,0,2022,1,11116.78,10664.38
4433,2022,1,2023,2,3990.96,14492.92
4433,2022,2,2024,3,2123.69,16530.19
4434,2022,0,2022,1,6118.61,5817.96
4434,2022,1,2023,2,2611.52,8301.16
4434,2022,2,2024,3,622.42,8893
4436,2022,0,2022,1,13860.22,13035.06
4436,2022,1,2023,2,6030.63,18706.66
4436,2022,2,2024,3,2163.25,20741.12
4437,2022,0,2022,1,7367.99,7223.23
4437,2022,1,2023,2,3695.01,10845.64
4437,2022,2,2024,3,1246.26,12067.41
4438,2022,0,2022,1,4136.43,4025.29
4438,2022,1,2023,2,2095.12,6064.11
4438,2022,2,2024,3,848.33,6889.65
4439,2022,0,2022,1,8550.77,8163.4
4439,2022,1,2023,2,3660.46,11658.04
4439,2022,2,2024,3,1503.02,13092.97
4440,2022,0,2022,1,14057.35,13754.12
4440,2022,1,2023,2,4754.94,18406.49
4440,2022,2,2024,3,3518.98,21849.56
4441,2022,0,2022,1,1983.15,1844.27
4441,2022,1,2023,2,948.26,2726.13
4441,2022,2,2024,3,211.07,2922.42
4442,2022,0,2022,1,7783.73,7277.27
4442,2022,1,2023,2,3961.21,10980.74
4442,2022,2,2024,3,1132.25,12039.32
4443,2022,0,2022,1,16659.75,15478.46
4443,2022,1,2023,2,6990.91,21973.66
4443,2022,2,2024,3,1859.72,23701.52
4444,2022,0,2022,1,36367.44,33072.96
4444,2022,1,2023,2,16250.82,47851.64
4444,2022,2,2024,3,3159.31,50724.76
4445,2022,0,2022,1,4246.38,3933.24
4445,2022,1,2023,2,1974.21,5761.86
4445,2022,2,2024,3,825.01,6526.04
4446,2022,0,2022,1,15560.91,14692.19
4446,2022,1,2023,2,5705.93,20079.58
4446,2022,2,2024,3,2518.8,22457.76
4448,2022,0,2022,1,955.61,902.44
4448,2022,1,2023,2,318.05,1202.79
4448,2022,2,2024,3,173.87,1366.98
4449,2022,0,2022,1,23996.6,22565.48
4449,2022,1,2023,2,9867.52,31844.52
4449,2022,2,2024,3,3513.84,35148.8
4450,2022,0,2022,1,63050.75,60272.77
4450,2022,1,2023,2,28738.04,87744.63
4450,2022,2,2024,3,7915.19,95311.07
4451,2022,0,2022,1,4119.54,3795.94
4451,2022,1,2023,2,1569.92,5242.53
4451,2022,2,2024,3,666.02,5856.24
4452,2022,0,2022,1,9526.09,9266.96
4452,2022,1,2023,2,3347.2,12523.11
4452,2022,2,2024,3,2022.82,14490.9
4453,2022,0,2022,1,2792.74,2731.34
4453,2022,1,2023,2,956.7,3667
4453,2022,2,2024,3,776,4425.95
4454,2022,0,2022,1,1927.3,1851.66
4454,2022,1,2023,2,635.82,2462.52
4454,2022,2,2024,3,366.97,2815.09
4455,2022,0,2022,1,8544.27,8259.43
4455,2022,1,2023,2,4180.05,12300.14
4455,2022,2,2024,3,1369.21,13623.7
4456,2022,0,2022,1,25491.07,24050.75
4456,2022,1,2023,2,9700.31,33202.97
4456,2022,2,2024,3,5314.82,38217.49
4457,2022,0,2022,1,9396.13,8930.49
4457,2022,1,2023,2,4108.79,12835.67
4457,2022,2,2024,3,1237.84,14012.16
4458,2022,0,2022,1,8976.09,8606.78
4458,2022,1,2023,2,3448.65,11913.53
4458,2022,2,2024,3,1736.88,13578.95
4460,2022,0,2022,1,2848.36,2687.51
4460,2022,1,2023,2,1240.78,3858.22
4460,2022,2,2024,3,417.95,4252.56
4461,2022,0,2022,1,2990.42,2952.9
4461,2022,1,2023,2,1291.99,4228.67
4461,2022,2,2024,3,688.91,4908.94
4462,2022,0,2022,1,6058.32,5533.54
4462,2022,1,2023,2,3046.56,8316.21
4462,2022,2,2024,3,605.63,8869.38
4463,2022,0,2022,1,15882.4,14424.03
4463,2022,1,2023,2,7092.63,20865.39
4463,2022,2,2024,3,1419.53,22154.57
4466,2022,0,2022,1,14208.08,13593.92
4466,2022,1,2023,2,7055.36,20344.3
4466,2022,2,2024,3,2190.28,22439.91
4468,2022,0,2022,1,4034.51,3929.51
4468,2022,1,2023,2,1894.63,5774.83
4468,2022,2,2024,3,813.86,6567.51
4469,2022,0,2022,1,14406.07,13837.54
4469,2022,1,2023,2,6217.01,19809.19
4469,2022,2,2024,3,2357.16,22073.33
4470,2022,0,2022,1,6182.85,5749.01
4470,2022,1,2023,2,2429.42,8007.96
4470,2022,2,2024,3,625.1,8589.2
4471,2022,0,2022,1,18840.27,18784.65
4471,2022,1,2023,2,7195.51,25958.92
4471,2022,2,2024,3,5352.45,31295.58
4473,2022,0,2022,1,112776,102825.84
4473,2022,1,2023,2,46058.16,144820.32
4473,2022,2,2024,3,11286.11,155110.67
4475,2022,0,2022,1,12343.12,11623.67
4475,2022,1,2023,2,4437,15802.05
4475,2022,2,2024,3,2313.38,17980.59
4476,2022,0,2022,1,10999.77,10569.71
4476,2022,1,2023,2,5165.17,15532.94
4476,2022,2,2024,3,1503.28,16977.45
4478,2022,0,2022,1,8233.21,7780.74
4478,2022,1,2023,2,3031.13,10645.29
4478,2022,2,2024,3,1874.39,12416.67
4479,2022,0,2022,1,92479.96,86735.69
4479,2022,1,2023,2,34959.9,119524.11
4479,2022,2,2024,3,12793.87,131523.31
4480,2022,0,2022,1,8543.32,8257.67
4480,2022,1,2023,2,3489.44,11630.45
4480,2022,2,2024,3,1594.24,13171.38
4481,2022,0,2022,1,6139.26,5790.87
4481,2022,1,2023,2,2622.13,8264.19
4481,2022,2,2024,3,1196.31,9392.61
4482,2022,0,2022,1,6483.78,6475.75
4482,2022,1,2023,2,2792.53,9264.82
4482,2022,2,2024,3,1572.39,10835.26
4483,2022,0,2022,1,5523.86,5077.29
4483,2022,1,2023,2,2235.29,7131.87
4483,2022,2,2024,3,880.29,7941
4484,2022,0,2022,1,16849.48,15594.85
4484,2022,1,2023,2,7642.94,22668.69
4484,2022,2,2024,3,1153.95,23736.72
4486,2022,0,2022,1,8369.26,7933.51
4486,2022,1,2023,2,4264.07,11975.56
4486,2022,2,2024,3,1139.23,13055.48
4487,2022,0,2022,1,10115.26,10097.58
4487,2022,1,2023,2,6251.22,16337.88
4487,2022,2,2024,3,1948.96,18283.44
4488,2022,0,2022,1,13412.54,12135.48
4488,2022,1,2023,2,6862.18,18344.28
4488,2022,2,2024,3,531.94,18825.57
4489,2022,0,2022,1,17347.65,16085.1
4489,2022,1,2023,2,8612.61,24070.89
4489,2022,2,2024,3,2181.48,26093.61
4490,2022,0,2022,1,5008.7,4579.86
4490,2022,1,2023,2,2160.68,6555.54
4490,2022,2,2024,3,313.96,6842.62
4491,2022,0,2022,1,20692.11,19338.5
4491,2022,1,2023,2,8178.77,26982.25
4491,2022,2,2024,3,3946.2,30670.3
4493,2022,0,2022,1,7545.43,7013.84
4493,2022,1,2023,2,3404.18,10178.19
4493,2022,2,2024,3,919.93,11033.32
4494,2022,0,2022,1,9210.91,8717.82
4494,2022,1,2023,2,3815.19,12328.77
4494,2022,2,2024,3,1344.38,13601.18
4495,2022,0,2022,1,3282.11,3064.08
4495,2022,1,2023,2,1094.66,4086.02
4495,2022,2,2024,3,646.8,4689.85
4496,2022,0,2022,1,18988.76,18226.15
4496,2022,1,2023,2,8250.57,26145.36
4496,2022,2,2024,3,2840.19,28871.48
4498,2022,0,2022,1,8952.34,8287.69
4498,2022,1,2023,2,3932.41,11928.15
4498,2022,2,2024,3,1308.83,13139.81
4499,2022,0,2022,1,3809.02,3515.08
4499,2022,1,2023,2,1187.73,4611.16
4499,2022,2,2024,3,520.51,5091.5
4500,2022,0,2022,1,9632.67,9183.24
4500,2022,1,2023,2,4405.18,13382.88
4500,2022,2,2024,3,1648.41,14954.38
4501,2022,0,2022,1,68480,67626
4501,2022,1,2023,2,24022.44,91348.86
4501,2022,2,2024,3,18719.56,109834.98
4502,2022,0,2022,1,972.79,934.24
4502,2022,1,2023,2,441.27,1358.02
4502,2022,2,2024,3,196.4,1546.64
4503,2022,0,2022,1,21702.42,20947.34
4503,2022,1,2023,2,8155.22,28818.82
4503,2022,2,2024,3,5974.52,34585.47
4504,2022,0,2022,1,307.61,295.14
4504,2022,1,2023,2,106.26,397.09
4504,2022,2,2024,3,62.1,456.68
4505,2022,0,2022,1,5509.79,5296.33
4505,2022,1,2023,2,2121.73,7335.86
4505,2022,2,2024,3,1475.23,8753.94
4506,2022,0,2022,1,97593.77,94127.63
4506,2022,1,2023,2,46517.79,138993.29
4506,2022,2,2024,3,14545.39,153022.09
4510,2022,0,2022,1,5589.24,5233.86
4510,2022,1,2023,2,2312.54,7399.35
4510,2022,2,2024,3,940.06,8279.64
4511,2022,0,2022,1,5889.35,5764.88
4511,2022,1,2023,2,2786.7,8492.68
4511,2022,2,2024,3,1229.57,9696.26
4512,2022,0,2022,1,17982.08,17169.42
4512,2022,1,2023,2,7179.15,24024.12
4512,2022,2,2024,3,3482.02,27348.78
4513,2022,0,2022,1,26130.9,23679.39
4513,2022,1,2023,2,13124.6,35572.68
4513,2022,2,2024,3,2313.96,37669.55
4514,2022,0,2022,1,4449.23,4117.02
4514,2022,1,2023,2,2148.43,6105.03
4514,2022,2,2024,3,200.37,6290.43
4516,2022,0,2022,1,14168.75,13865.96
4516,2022,1,2023,2,4729.37,18494.26
4516,2022,2,2024,3,3613.79,22030.82
4517,2022,0,2022,1,3604.83,3374.25
4517,2022,1,2023,2,1649.67,4918.4
4517,2022,2,2024,3,529.27,5413.82
4519,2022,0,2022,1,71411.64,68192.75
4519,2022,1,2023,2,30723.1,97531
4519,2022,2,2024,3,14831.3,111693.78
4520,2022,0,2022,1,17382.62,15655.83
4520,2022,1,2023,2,5963.97,21027.35
4520,2022,2,2024,3,2723.2,23480.02
4521,2022,0,2022,1,6070.66,5666.45
4521,2022,1,2023,2,2332.86,7843.98
4521,2022,2,2024,3,969.11,8748.56
4524,2022,0,2022,1,4391.86,4082.68
4524,2022,1,2023,2,1754.1,5713.29
4524,2022,2,2024,3,700.93,6364.87
4525,2022,0,2022,1,7696.71,7429.86
4525,2022,1,2023,2,3252.86,10569.93
4525,2022,2,2024,3,1002.35,11537.53
4526,2022,0,2022,1,9537.67,9097.97
4526,2022,1,2023,2,3888.32,12807.02
4526,2022,2,2024,3,1909.38,14628.38
4527,2022,0,2022,1,18227.29,17665.02
4527,2022,1,2023,2,7815.72,25239.64
4527,2022,2,2024,3,4332.73,29438.72
4530,2022,0,2022,1,3949.28,3832.86
4530,2022,1,2023,2,1948.97,5724.38
4530,2022,2,2024,3,594.06,6300.93
4531,2022,0,2022,1,3276.88,3097.92
4531,2022,1,2023,2,1459.18,4477.4
4531,2022,2,2024,3,506.9,4956.62
4532,2022,0,2022,1,5851.33,5296.42
4532,2022,1,2023,2,2244.29,7327.87
4532,2022,2,2024,3,607.74,7877.98
4533,2022,0,2022,1,2560.02,2540.96
4533,2022,1,2023,2,1044.46,3577.64
4533,2022,2,2024,3,739.82,4311.96
4534,2022,0,2022,1,3676.14,3466.75
4534,2022,1,2023,2,1575.64,4952.65
4534,2022,2,2024,3,734.71,5645.51
4535,2022,0,2022,1,4230.59,3943.39
4535,2022,1,2023,2,2125.26,5924.37
4535,2022,2,2024,3,350.83,6251.38
4536,2022,0,2022,1,4026.2,3862.99
4536,2022,1,2023,2,1995.05,5777.17
4536,2022,2,2024,3,476.64,6234.49
4537,2022,0,2022,1,5105.41,4775
4537,2022,1,2023,2,2320.26,6945.1
4537,2022,2,2024,3,491.97,7405.23
4538,2022,0,2022,1,18293.87,17837.41
4538,2022,1,2023,2,7740.37,25384.65
4538,2022,2,2024,3,3769.56,29060.16
4539,2022,0,2022,1,9989.21,9442.97
4539,2022,1,2023,2,4079.66,13299.54
4539,2022,2,2024,3,1056.76,14298.51
4541,2022,0,2022,1,22820.46,22103.85
4541,2022,1,2023,2,12051.95,33777.34
4541,2022,2,2024,3,4424.41,38062.82
4543,2022,0,2022,1,8830.85,8382.33
4543,2022,1,2023,2,2833.89,11072.29
4543,2022,2,2024,3,1785.15,12766.77
4544,2022,0,2022,1,42058.54,40474.06
4544,2022,1,2023,2,21591.6,61252.23
4544,2022,2,2024,3,4159.25,65254.79
4545,2022,0,2022,1,6773.19,6743.74
4545,2022,1,2023,2,3206.59,9936.39
4545,2022,2,2024,3,1442.21,11372.32
4546,2022,0,2022,1,9748.27,9218.92
4546,2022,1,2023,2,4718.9,13681.58
4546,2022,2,2024,3,973.18,14601.92
4548,2022,0,2022,1,14119.53,13113.07
4548,2022,1,2023,2,6923.26,19542.83
4548,2022,2,2024,3,1164.16,20624
4549,2022,0,2022,1,58116.81,57208.87
4549,2022,1,2023,2,29379.53,86129.4
4549,2022,2,2024,3,15681.98,101566.39
4550,2022,0,2022,1,20155.63,18576.87
4550,2022,1,2023,2,6866.75,24905.75
4550,2022,2,2024,3,3768.92,28379.45
4553,2022,0,2022,1,25303.44,24324.64
4553,2022,1,2023,2,12825.07,36653.61
4553,2022,2,2024,3,3356.83,39880.59
4554,2022,0,2022,1,5047.13,4487.29
4554,2022,1,2023,2,1810.89,6097.31
4554,2022,2,2024,3,600.54,6631.24
4556,2022,0,2022,1,6214.44,5971.8
4556,2022,1,2023,2,2565.74,8437.36
4556,2022,2,2024,3,1094.49,9489.12
4558,2022,0,2022,1,6060.96,5759.18
4558,2022,1,2023,2,2513.74,8147.76
4558,2022,2,2024,3,928.42,9029.96
4560,2022,0,2022,1,19531.04,18398.09
4560,2022,1,2023,2,6296.79,24329.63
4560,2022,2,2024,3,4055.41,28149.79
4561,2022,0,2022,1,3646.41,3343.1
4561,2022,1,2023,2,1428.04,4652.36
4561,2022,2,2024,3,573.1,5177.79
4562,2022,0,2022,1,17022.6,16457.05
4562,2022,1,2023,2,9461.06,25603.78
4562,2022,2,2024,3,2502.74,28023.37
4563,2022,0,2022,1,11702.07,11272.56
4563,2022,1,2023,2,5970.58,17023.99
4563,2022,2,2024,3,1567.29,18533.76
4564,2022,0,2022,1,21166.12,20874.88
4564,2022,1,2023,2,9353.46,30099.64
4564,2022,2,2024,3,4590.31,34626.78
4565,2022,0,2022,1,4019.84,3773.94
4565,2022,1,2023,2,1484.47,5167.6
4565,2022,2,2024,3,636.74,5765.4
4567,2022,0,2022,1,13212.81,12693.69
4567,2022,1,2023,2,4835.44,17339.15
4567,2022,2,2024,3,3050.52,20269.82
4570,2022,0,2022,1,112563.25,103538.7
4570,2022,1,2023,2,46204.83,146039.14
4570,2022,2,2024,3,13707.55,158647.72
4571,2022,0,2022,1,45010.33,41290.79
4571,2022,1,2023,2,19760.13,59418
4571,2022,2,2024,3,5250.83,64234.91
4572,2022,0,2022,1,62062.97,58162.14
4572,2022,1,2023,2,21017.34,77858.48
4572,2022,2,2024,3,10507.1,87705.18
4573,2022,0,2022,1,3796.14,3633.37
4573,2022,1,2023,2,1256.27,4835.78
4573,2022,2,2024,3,794.89,5596.59
4574,2022,0,2022,1,26706.53,25000.92
4574,2022,1,2023,2,13487,37626.56
4574,2022,2,2024,3,1836.31,39345.6
4575,2022,0,2022,1,7851.61,7596.34
4575,2022,1,2023,2,3924.92,11393.65
4575,2022,2,2024,3,1238.81,12592.18
4579,2022,0,2022,1,10936.38,10331.02
4579,2022,1,2023,2,4985.08,15040.15
4579,2022,2,2024,3,1190.13,16164.41
4581,2022,0,2022,1,6621.03,6056.87
4581,2022,1,2023,2,3105.81,8898.04
4581,2022,2,2024,3,622.96,9467.92
4583,2022,0,2022,1,16935.18,15494.36
4583,2022,1,2023,2,7098.96,21989.35
4583,2022,2,2024,3,1386.78,23258.15
4585,2022,0,2022,1,14637.3,13693.19
4585,2022,1,2023,2,7653.12,20852.68
4585,2022,2,2024,3,1930,22658.2
4586,2022,0,2022,1,4224.81,4194.89
4586,2022,1,2023,2,2069.76,6250
4586,2022,2,2024,3,1134.6,7376.56
4587,2022,0,2022,1,25019.25,24338.91
4587,2022,1,2023,2,8659.94,32763.36
4587,2022,2,2024,3,6083.93,38681.86
4588,2022,0,2022,1,15221.33,14933.44
4588,2022,1,2023,2,4991.12,19830.17
4588,2022,2,2024,3,3583.34,23345.73
4590,2022,0,2022,1,19849.06,18675.9
4590,2022,1,2023,2,8840.44,26993.84
4590,2022,2,2024,3,2362.25,29216.48
4591,2022,0,2022,1,12102.01,10932.69
4591,2022,1,2023,2,5429.05,15837.18
4591,2022,2,2024,3,450.16,16243.84
4593,2022,0,2022,1,5320.73,4907.01
4593,2022,1,2023,2,2266.64,6997.41
4593,2022,2,2024,3,797.27,7732.69
4596,2022,0,2022,1,8284.24,7898.9
4596,2022,1,2023,2,2225.92,10021.28
4596,2022,2,2024,3,1394.27,11350.7
4597,2022,0,2022,1,41418.57,37126.36
4597,2022,1,2023,2,12378.29,48221.89
4597,2022,2,2024,3,5841.15,53457.73
4598,2022,0,2022,1,13646.86,12714.05
4598,2022,1,2023,2,5296.24,17648.27
4598,2022,2,2024,3,2406.71,19890.47
4600,2022,0,2022,1,2137.51,2034.7
4600,2022,1,2023,2,855.15,2848.71
4600,2022,2,2024,3,357.38,3188.91
4602,2022,0,2022,1,15818,14993.7
4602,2022,1,2023,2,6260.08,20927.56
4602,2022,2,2024,3,2606.64,23398.36
4604,2022,0,2022,1,755.76,703.32
4604,2022,1,2023,2,354.88,1033.58
4604,2022,2,2024,3,33.72,1064.96
4606,2022,0,2022,1,14005.88,13368.17
4606,2022,1,2023,2,6376.42,19454.26
4606,2022,2,2024,3,2043.56,21404.76
4608,2022,0,2022,1,3634.85,3409.53
4608,2022,1,2023,2,1412.01,4734.02
4608,2022,2,2024,3,648.58,5342.39
4609,2022,0,2022,1,6077.05,5982.14
4609,2022,1,2023,2,2850.25,8787.87
4609,2022,2,2024,3,1417.14,10182.87
4610,2022,0,2022,1,51240.61,49420.73
4610,2022,1,2023,2,23341.88,71933.59
4610,2022,2,2024,3,8155.75,79799.67
4612,2022,0,2022,1,14353.38,14110.31
4612,2022,1,2023,2,5469.27,19486.96
4612,2022,2,2024,3,2856.04,22294.64
4614,2022,0,2022,1,15673.7,14980.53
4614,2022,1,2023,2,6240.08,20944.63
4614,2022,2,2024,3,2413.01,23250.93
4615,2022,0,2022,1,8949.73,8307.26
4615,2022,1,2023,2,3624.6,11671.67
4615,2022,2,2024,3,1209.13,12794
4616,2022,0,2022,1,9572.18,9305.96
4616,2022,1,2023,2,4204.85,13393.86
4616,2022,2,2024,3,1762.29,15107.14
4618,2022,0,2022,1,3923.53,3851.69
4618,2022,1,2023,2,1889.51,5706.61
4618,2022,2,2024,3,773.96,6466.4
4619,2022,0,2022,1,5011.84,4677.94
4619,2022,1,2023,2,2054.4,6595.47
4619,2022,2,2024,3,626.57,7180.3
4621,2022,0,2022,1,4903.07,4605.18
4621,2022,1,2023,2,2080.54,6559.31
4621,2022,2,2024,3,1026.19,7523.15
4622,2022,0,2022,1,6879.12,6699.26
4622,2022,1,2023,2,2184.53,8826.67
4622,2022,2,2024,3,1421.81,10211.31
4623,2022,0,2022,1,14735.09,13891.18
4623,2022,1,2023,2,6164.26,19702.41
4623,2022,2,2024,3,2073.94,21657.57
4624,2022,0,2022,1,7609.52,7247.9
4624,2022,1,2023,2,4041.7,11097.53
4624,2022,2,2024,3,927.66,11981.1
4626,2022,0,2022,1,132111.08,124751.82
4626,2022,1,2023,2,48916.25,170943.19
4626,2022,2,2024,3,20167.02,189986.8
4627,2022,0,2022,1,16793.23,16487.26
4627,2022,1,2023,2,6521.63,22890.07
4627,2022,2,2024,3,4012.75,26829.71
4630,2022,0,2022,1,42835.38,40119.09
4630,2022,1,2023,2,16228.28,55318.29
4630,2022,2,2024,3,5923.26,60865.95
4631,2022,0,2022,1,1410.75,1329.21
4631,2022,1,2023,2,587.71,1882.95
4631,2022,2,2024,3,208.16,2079.08
4632,2022,0,2022,1,11559.17,10807.2
4632,2022,1,2023,2,5703.25,16139.43
4632,2022,2,2024,3,682.73,16777.75
4633,2022,0,2022,1,10224.23,9513.01
4633,2022,1,2023,2,4298.84,13512.82
4633,2022,2,2024,3,1481.24,14891.02
4634,2022,0,2022,1,22285.21,20829.9
4634,2022,1,2023,2,10103.15,30273.28
4634,2022,2,2024,3,3286.97,33345.6
4635,2022,0,2022,1,3941.36,3752.04
4635,2022,1,2023,2,1478,5159.04
4635,2022,2,2024,3,635.26,5763.78
4636,2022,0,2022,1,3224.5,3107.03
4636,2022,1,2023,2,1437.87,4492.52
4636,2022,2,2024,3,606.34,5076.77
4637,2022,0,2022,1,5251.75,4740.07
4637,2022,1,2023,2,2760.93,7232
4637,2022,2,2024,3,26.19,7255.64
4638,2022,0,2022,1,10989.1,10416.51
4638,2022,1,2023,2,5090.58,15241.85
4638,2022,2,2024,3,1890.56,17033.9
4640,2022,0,2022,1,11790.09,10871.18
4640,2022,1,2023,2,4787.2,15285.27
4640,2022,2,2024,3,2293.86,17400.35
4641,2022,0,2022,1,6808.77,6681.92
4641,2022,1,2023,2,2442.17,9078.59
4641,2022,2,2024,3,1600.31,10649.09
4642,2022,0,2022,1,6527.49,6336.16
4642,2022,1,2023,2,3068.94,9315.14
4642,2022,2,2024,3,1146.31,10427.85
4643,2022,0,2022,1,9392.21,8723.72
4643,2022,1,2023,2,3893.89,12340.46
4643,2022,2,2024,3,1400.74,13641.5
4644,2022,0,2022,1,4527.94,4247.07
4644,2022,1,2023,2,1765.14,5902.71
4644,2022,2,2024,3,919.82,6765.47
4645,2022,0,2022,1,32542.36,29723.7
4645,2022,1,2023,2,12090.33,40766.82
4645,2022,2,2024,3,4422.35,44806.13
4646,2022,0,2022,1,11527.41,11233.74
4646,2022,1,2023,2,6007.65,17088.34
4646,2022,2,2024,3,1535.28,18584.5
4647,2022,0,2022,1,4603.88,4341.44
4647,2022,1,2023,2,2118.27,6338.96
4647,2022,2,2024,3,600.72,6905.44
4648,2022,0,2022,1,12176.04,11908.94
4648,2022,1,2023,2,6555.49,18320.62
4648,2022,2,2024,3,2367.01,20635.7
4649,2022,0,2022,1,5691.66,5503.87
4649,2022,1,2023,2,1770.4,7215.85
4649,2022,2,2024,3,1028.27,8210.19
4651,2022,0,2022,1,24120.13,23036.05
4651,2022,1,2023,2,9973.21,32561.01
4651,2022,2,2024,3,3521.15,35923.9
4653,2022,0,2022,1,11198.46,10132.46
4653,2022,1,2023,2,3097,12934.65
4653,2022,2,2024,3,1946.68,14696.02
4654,2022,0,2022,1,22887.9,21901.59
4654,2022,1,2023,2,11392.76,32803.41
4654,2022,2,2024,3,3423.37,36079.26
4655,2022,0,2022,1,8534.14,8343.59
4655,2022,1,2023,2,3724.66,11985.08
4655,2022,2,2024,3,1546.84,13497.39
4656,2022,0,2022,1,3592.04,3291.3
4656,2022,1,2023,2,1446.71,4616.89
4656,2022,2,2024,3,368.53,4954.57
4657,2022,0,2022,1,7173.01,6533.78
4657,2022,1,2023,2,3401.49,9632.14
4657,2022,2,2024,3,868.54,10423.28
4659,2022,0,2022,1,1014.75,938.67
4659,2022,1,2023,2,485.03,1387.33
4659,2022,2,2024,3,60.56,1443.35
4660,2022,0,2022,1,6847.1,6537.17
4660,2022,1,2023,2,2908.87,9314.36
4660,2022,2,2024,3,1232.54,10491.11
4662,2022,0,2022,1,6423.4,5732.84
4662,2022,1,2023,2,3072.49,8475.02
4662,2022,2,2024,3,174.63,8630.88
4664,2022,0,2022,1,176.99,162.85
4664,2022,1,2023,2,103.03,257.65
4664,2022,2,2024,3,8.36,265.34
4666,2022,0,2022,1,52772.73,52772.73
4666,2022,1,2023,2,19302.43,72075.17
4666,2022,2,2024,3,13353.31,85428.48
4667,2022,0,2022,1,10328.56,9559.86
4667,2022,1,2023,2,3673.65,12960.11
4667,2022,2,2024,3,1595.29,14436.67
4669,2022,0,2022,1,5450.05,5096.75
4669,2022,1,2023,2,2295.1,7243.07
4669,2022,2,2024,3,583.62,7788.85
4670,2022,0,2022,1,6948.39,6339.55
4670,2022,1,2023,2,2936.11,9018.39
4670,2022,2,2024,3,753.71,9706.06
4672,2022,0,2022,1,46263.61,45376.64
4672,2022,1,2023,2,18945.45,63958.87
4672,2022,2,2024,3,8922.91,72710.71
4673,2022,0,2022,1,13663.72,13560.87
4673,2022,1,2023,2,4801.87,18326.59
4673,2022,2,2024,3,3216.02,21518.4
4674,2022,0,2022,1,4783.51,4355.38
4674,2022,1,2023,2,1867.91,6056.11
4674,2022,2,2024,3,481.73,6494.72
4675,2022,0,2022,1,10990.82,10201.11
4675,2022,1,2023,2,3711.04,13645.51
4675,2022,2,2024,3,1274.73,14828.65
4676,2022,0,2022,1,10476.01,10330.14
4676,2022,1,2023,2,3418.59,13701.12
4676,2022,2,2024,3,3151.59,16808.83
4677,2022,0,2022,1,8360.53,8191.53
4677,2022,1,2023,2,4289.8,12394.62
4677,2022,2,2024,3,1378.69,13745.44
4679,2022,0,2022,1,9927.81,9433.44
4679,2022,1,2023,2,4617.59,13821.09
4679,2022,2,2024,3,1458.3,15206.77
4680,2022,0,2022,1,1555.66,1486.65
4680,2022,1,2023,2,520.64,1984.19
4680,2022,2,2024,3,372.35,2340.02
4681,2022,0,2022,1,32714.64,32100.69
4681,2022,1,2023,2,17675.2,49444.19
4681,2022,2,2024,3,7644.31,56945.04
4682,2022,0,2022,1,7371.75,7050.67
4682,2022,1,2023,2,3197.4,10108.81
4682,2022,2,2024,3,1509.49,11552.55
4683,2022,0,2022,1,12354.73,11762.47
4683,2022,1,2023,2,5032.35,16553.58
4683,2022,2,2024,3,2417.2,18854.9
4684,2022,0,2022,1,10957.57,10729.4
4684,2022,1,2023,2,4309.9,14949.56
4684,2022,2,2024,3,2128.71,17033.95
4685,2022,0,2022,1,12957.9,12292.92
4685,2022,1,2023,2,5974.78,17961.08
4685,2022,2,2024,3,2164.87,20014.85
4686,2022,0,2022,1,7779.1,7336.99
4686,2022,1,2023,2,2778.99,9958.04
4686,2022,2,2024,3,1131.5,11025.23
4687,2022,0,2022,1,30292.79,29638.84
4687,2022,1,2023,2,15219.38,44529.66
4687,2022,2,2024,3,4926.66,49349.97
4688,2022,0,2022,1,3667.48,3667.48
4688,2022,1,2023,2,1361.55,5029.03
4688,2022,2,2024,3,1000.92,6029.95
4690,2022,0,2022,1,6286.26,6043.78
4690,2022,1,2023,2,2670.88,8611.64
4690,2022,2,2024,3,1018.48,9590.83
4691,2022,0,2022,1,5254.96,4658.7
4691,2022,1,2023,2,1825.52,6277.09
4691,2022,2,2024,3,618.26,6825.19
4692,2022,0,2022,1,3461.47,3356.16
4692,2022,1,2023,2,1350.49,4665.56
4692,2022,2,2024,3,954.16,5590.69
4694,2022,0,2022,1,1222.01,1111.65
4694,2022,1,2023,2,486.98,1554.65
4694,2022,2,2024,3,70.28,1618.58
4695,2022,0,2022,1,12544.92,11958.64
4695,2022,1,2023,2,5127.23,16846.25
4695,2022,2,2024,3,2483.41,19213.59
4696,2022,0,2022,1,245.39,235.71
4696,2022,1,2023,2,114.69,345.88
4696,2022,2,2024,3,41,385.27
4699,2022,0,2022,1,27090.4,26085.03
4699,2022,1,2023,2,10700.01,36387.94
4699,2022,2,2024,3,4757.97,40969.33
4700,2022,0,2022,1,1810.62,1715.84
4700,2022,1,2023,2,814.32,2487.52
4700,2022,2,2024,3,343.66,2813.19
4702,2022,0,2022,1,25405.77,22787.04
4702,2022,1,2023,2,11310.66,32931.83
4702,2022,2,2024,3,2923.15,35553.68
4703,2022,0,2022,1,9677.56,9218.2
4703,2022,1,2023,2,4709.9,13704.53
4703,2022,2,2024,3,1602.6,15231.06
4704,2022,0,2022,1,3793.14,3723.47
4704,2022,1,2023,2,1622.45,5316.13
4704,2022,2,2024,3,735.96,6038.57
4705,2022,0,2022,1,38721.83,36864.84
4705,2022,1,2023,2,20339.08,56228.52
4705,2022,2,2024,3,3551.13,59609.35
4706,2022,0,2022,1,20333.81,20236.39
4706,2022,1,2023,2,7624.73,27824.6
4706,2022,2,2024,3,4954.32,32755.19
4707,2022,0,2022,1,7782.21,7405.06
4707,2022,1,2023,2,4049.76,11258.55
4707,2022,2,2024,3,1149.1,12351.96
4708,2022,0,2022,1,22795.35,21110.09
4708,2022,1,2023,2,8637.44,29108.96
4708,2022,2,2024,3,4165.79,32966.77
4709,2022,0,2022,1,6777.1,6665.19
4709,2022,1,2023,2,2737.73,9357.71
4709,2022,2,2024,3,1125.45,10464.58
4710,2022,0,2022,1,13128.27,12434.95
4710,2022,1,2023,2,4983.52,17155.29
4710,2022,2,2024,3,2578.15,19597.29
4711,2022,0,2022,1,10984.59,10320.81
4711,2022,1,2023,2,4854.35,14881.83
4711,2022,2,2024,3,1604.71,16389.57
4713,2022,0,2022,1,14318.92,13942.72
4713,2022,1,2023,2,4712.8,18531.71
4713,2022,2,2024,3,2568.54,21032.76
4715,2022,0,2022,1,3521.44,3257.05
4715,2022,1,2023,2,1440.02,4588.95
4715,2022,2,2024,3,522.95,5072.64
4716,2022,0,2022,1,14597.25,14146.07
4716,2022,1,2023,2,6715.4,20653.91
4716,2022,2,2024,3,2375.22,22955.72
4717,2022,0,2022,1,16082.84,15170.28
4717,2022,1,2023,2,8343.03,23039.92
4717,2022,2,2024,3,2386.81,25291.29
4718,2022,0,2022,1,1423.86,1356.24
4718,2022,1,2023,2,591.42,1919.57
4718,2022,2,2024,3,146.1,2058.73
4720,2022,0,2022,1,4808.01,4703.52
4720,2022,1,2023,2,1839.42,6502.97
4720,2022,2,2024,3,962.02,7444.09
4722,2022,0,2022,1,10090.67,9847.7
4722,2022,1,2023,2,4386.41,14128.49
4722,2022,2,2024,3,2292,16365.3
4723,2022,0,2022,1,99458.22,96359.61
4723,2022,1,2023,2,45598.54,140537.54
4723,2022,2,2024,3,15929.97,155971.21
4724,2022,0,2022,1,20826.72,20540.05
4724,2022,1,2023,2,7464.23,27901.53
4724,2022,2,2024,3,6353.77,34167.85
4725,2022,0,2022,1,22920.17,21158.29
4725,2022,1,2023,2,8764.72,29249.26
4725,2022,2,2024,3,2948.97,31971.54
4726,2022,0,2022,1,6304.49,6120.91
4726,2022,1,2023,2,2208.54,8265.15
4726,2022,2,2024,3,1644.02,9861.29
4728,2022,0,2022,1,39348.18,38050.5
4728,2022,1,2023,2,11715.14,49379.29
4728,2022,2,2024,3,8785.39,57874.95
4729,2022,0,2022,1,11115.06,11068.95
4729,2022,1,2023,2,4104.87,15156.79
4729,2022,2,2024,3,2569,17715.14
4730,2022,0,2022,1,13112.18,12242.87
4730,2022,1,2023,2,5425.86,17309.01
4730,2022,2,2024,3,2319.11,19474.36
4731,2022,0,2022,1,5634.81,5324.17
4731,2022,1,2023,2,2003.48,7217.2
4731,2022,2,2024,3,1176.38,8328.73
4732,2022,0,2022,1,3194.37,2891.85
4732,2022,1,2023,2,1613.12,4352.19
4732,2022,2,2024,3,24.79,4374.64
4733,2022,0,2022,1,28432.61,25889.59
4733,2022,1,2023,2,13107.4,37824.66
4733,2022,2,2024,3,3131,40675.62
4734,2022,0,2022,1,19093.09,19077.38
4734,2022,1,2023,2,8167.7,27238.37
4734,2022,2,2024,3,3956.17,31191.28
4736,2022,0,2022,1,959,955.91
4736,2022,1,2023,2,388.36,1343.02
4736,2022,2,2024,3,284.6,1626.7
4738,2022,0,2022,1,12418.69,12020.48
4738,2022,1,2023,2,4089.23,15978.59
4738,2022,2,2024,3,3089.44,18968.97
4739,2022,0,2022,1,1146.04,1104.48
4739,2022,1,2023,2,386.79,1477.24
4739,2022,2,2024,3,264.4,1732.05
4740,2022,0,2022,1,3615.51,3497.34
4740,2022,1,2023,2,1022.8,4486.71
4740,2022,2,2024,3,1086.41,5537.6
4741,2022,0,2022,1,6242.87,5820.7
4741,2022,1,2023,2,1620.37,7331.5
4741,2022,2,2024,3,1437.83,8672.1
4742,2022,0,2022,1,11881.95,11319.84
4742,2022,1,2023,2,4854.87,15945.03
4742,2022,2,2024,3,1957.11,17809.56
4743,2022,0,2022,1,3393.84,3269.07
4743,2022,1,2023,2,1378.89,4597.27
4743,2022,2,2024,3,424.58,5006.25
4744,2022,0,2022,1,6841.87,6643.71
4744,2022,1,2023,2,3164.78,9716.82
4744,2022,2,2024,3,983,10671.36
4746,2022,0,2022,1,1834.99,1744.6
4746,2022,1,2023,2,926.92,2625.86
4746,2022,2,2024,3,431.14,3035.76
4747,2022,0,2022,1,4430.63,4157.13
4747,2022,1,2023,2,1492.88,5557.85
4747,2022,2,2024,3,845.93,6351.57
4748,2022,0,2022,1,15296.89,14188.6
4748,2022,1,2023,2,7731.89,21360.3
4748,2022,2,2024,3,1599.68,22844.08
4749,2022,0,2022,1,1716.38,1660.7
4749,2022,1,2023,2,856.66,2489.57
4749,2022,2,2024,3,246.13,2727.71
4750,2022,0,2022,1,5818.08,5741.63
4750,2022,1,2023,2,2532.68,8241.03
4750,2022,2,2024,3,1349.68,9572.97
4751,2022,0,2022,1,3419.25,3316.93
4751,2022,1,2023,2,1281.05,4559.65
4751,2022,2,2024,3,758.16,5295.12
4752,2022,0,2022,1,17291.1,16847.19
4752,2022,1,2023,2,5938.11,22632.84
4752,2022,2,2024,3,4211.49,26736.22
4753,2022,0,2022,1,22171.76,20328.6
4753,2022,1,2023,2,10407.41,29870.83
4753,2022,2,2024,3,1651.09,31384.67
4754,2022,0,2022,1,4021.62,3894.74
4754,2022,1,2023,2,1891.82,5726.87
4754,2022,2,2024,3,926.11,6623.76
4755,2022,0,2022,1,15573.01,15191.72
4755,2022,1,2023,2,3432.4,18540.09
4755,2022,2,2024,3,4529.74,22958.92
4756,2022,0,2022,1,4183.59,3999.51
4756,2022,1,2023,2,1601.7,5530.74
4756,2022,2,2024,3,716.58,6215.8
4757,2022,0,2022,1,4398.99,4127.01
4757,2022,1,2023,2,1731.55,5751.5
4757,2022,2,2024,3,722.5,6429.32
4759,2022,0,2022,1,23910.61,23502.02
4759,2022,1,2023,2,8445.98,31803.67
4759,2022,2,2024,3,5766.2,37471.34
4760,2022,0,2022,1,2898.8,2720.88
4760,2022,1,2023,2,1452.98,4084.69
4760,2022,2,2024,3,396.07,4456.44
4761,2022,0,2022,1,16165.47,15858.43
4761,2022,1,2023,2,6734.6,22465.12
4761,2022,2,2024,3,4122.62,26509.44
4764,2022,0,2022,1,12565.78,11942.88
4764,2022,1,2023,2,5904.02,17554.23
4764,2022,2,2024,3,1413.45,18897.62
4765,2022,0,2022,1,4047.56,3775.26
4765,2022,1,2023,2,1994.43,5635.52
4765,2022,2,2024,3,669.4,6259.89
4767,2022,0,2022,1,9549.31,8939.04
4767,2022,1,2023,2,3485.78,12202.05
4767,2022,2,2024,3,2004.95,14078.87
4768,2022,0,2022,1,4762.52,4434.26
4768,2022,1,2023,2,1865.8,6171.45
4768,2022,2,2024,3,692.29,6816.02
4769,2022,0,2022,1,24599.38,23055.46
4769,2022,1,2023,2,9545.74,32002.08
4769,2022,2,2024,3,3281.2,35077.34
4770,2022,0,2022,1,1295.68,1205.22
4770,2022,1,2023,2,605.05,1768.03
4770,2022,2,2024,3,150.75,1908.25
4771,2022,0,2022,1,1144.66,1084.46
4771,2022,1,2023,2,347.14,1413.35
4771,2022,2,2024,3,313.54,1710.4
4772,2022,0,2022,1,8260.35,7673.1
4772,2022,1,2023,2,3956.95,11348.74
4772,2022,2,2024,3,1257.06,12516.43
4773,2022,0,2022,1,10308.46,9708.07
4773,2022,1,2023,2,5214.51,14618.88
4773,2022,2,2024,3,682.3,15261.44
4774,2022,0,2022,1,15017.68,13719.98
4774,2022,1,2023,2,5510.38,18754.21
4774,2022,2,2024,3,2341.93,20893.76
4776,2022,0,2022,1,9729.04,9235.92
4776,2022,1,2023,2,4036.08,13067.43
4776,2022,2,2024,3,781.83,13809.63
4777,2022,0,2022,1,23263.17,22376.97
4777,2022,1,2023,2,11688.99,33620.67
4777,2022,2,2024,3,4020.8,37488.31
4778,2022,0,2022,1,7205.89,6544.47
4778,2022,1,2023,2,2702.28,8998.71
4778,2022,2,2024,3,763.66,9692.28
4779,2022,0,2022,1,15532.58,14697.51
4779,2022,1,2023,2,7056.32,21374.46
4779,2022,2,2024,3,2676.45,23907.02
4781,2022,0,2022,1,7961.56,7487.23
4781,2022,1,2023,2,2724.1,10049.04
4781,2022,2,2024,3,1089.18,11073.32
4783,2022,0,2022,1,15038.19,14572.2
4783,2022,1,2023,2,5992.44,20378.95
4783,2022,2,2024,3,3633.07,23899.45
4784,2022,0,2022,1,660.7,630.54
4784,2022,1,2023,2,282.24,899.89
4784,2022,2,2024,3,109.68,1004.56
4785,2022,0,2022,1,14858.74,13982.21
4785,2022,1,2023,2,6982.52,20552.83
4785,2022,2,2024,3,1231.29,21711.48
4786,2022,0,2022,1,1541.6,1541.6
4786,2022,1,2023,2,597.52,2139.12
4786,2022,2,2024,3,469.48,2608.6
4787,2022,0,2022,1,13304.12,12521.18
4787,2022,1,2023,2,4086.31,16367.02
4787,2022,2,2024,3,2513.54,18732.64
4788,2022,0,2022,1,10865.68,10739.39
4788,2022,1,2023,2,5473.69,16149.45
4788,2022,2,2024,3,1889.13,18016.62
4789,2022,0,2022,1,5259.9,4726.34
4789,2022,1,2023,2,2136.24,6645.88
4789,2022,2,2024,3,614.48,7198.03
4791,2022,0,2022,1,4899.06,4804.56
4791,2022,1,2023,2,2189.94,6952.27
4791,2022,2,2024,3,1111.28,8042.11
4792,2022,0,2022,1,7904.12,7275.04
4792,2022,1,2023,2,3497.02,10493.73
4792,2022,2,2024,3,1296.01,11686.59
4793,2022,0,2022,1,29059.8,25992.99
4793,2022,1,2023,2,13777.29,38316.3
4793,2022,2,2024,3,1854.46,39975.05
4795,2022,0,2022,1,2600.06,2515.88
4795,2022,1,2023,2,1004.78,3488.13
4795,2022,2,2024,3,460.08,3933.32
4796,2022,0,2022,1,101494.15,95388.57
4796,2022,1,2023,2,40525.69,133476.36
4796,2022,2,2024,3,13481.9,146147.23
4797,2022,0,2022,1,6264.72,6024.06
4797,2022,1,2023,2,2938.38,8849.56
4797,2022,2,2024,3,636.4,9461.52
4798,2022,0,2022,1,2342.68,2319.85
4798,2022,1,2023,2,1139.02,3447.78
4798,2022,2,2024,3,558.39,4000.72
4799,2022,0,2022,1,3025.45,2679.23
4799,2022,1,2023,2,1263.25,3797.92
4799,2022,2,2024,3,225.77,3997.85
4803,2022,0,2022,1,13059.77,12816.19
4803,2022,1,2023,2,5070.46,17792.08
4803,2022,2,2024,3,2664.01,20406.41
4804,2022,0,2022,1,3557.53,3545.29
4804,2022,1,2023,2,1457.3,4997.57
4804,2022,2,2024,3,903.32,5897.78
4806,2022,0,2022,1,1537.01,1525.18
4806,2022,1,2023,2,529.39,2050.49
4806,2022,2,2024,3,318.6,2366.63
4807,2022,0,2022,1,35201.04,34343
4807,2022,1,2023,2,16706.47,50642.23
4807,2022,2,2024,3,5673.84,56177.77
4808,2022,0,2022,1,4400.29,4074.63
4808,2022,1,2023,2,1609.6,5565.11
4808,2022,2,2024,3,764.45,6272.99
4809,2022,0,2022,1,6804.02,6660.05
4809,2022,1,2023,2,2980.82,9577.8
4809,2022,2,2024,3,1301.26,10851.52
4810,2022,0,2022,1,1466.16,1359.62
4810,2022,1,2023,2,622.62,1936.99
4810,2022,2,2024,3,121.08,2049.27
4811,2022,0,2022,1,1649.05,1612.35
4811,2022,1,2023,2,651.16,2249.02
4811,2022,2,2024,3,344.97,2586.31
4812,2022,0,2022,1,87397.3,80176.42
4812,2022,1,2023,2,30814.37,108444.87
4812,2022,2,2024,3,8832.33,116547.46
4813,2022,0,2022,1,13511.84,11952.8
4813,2022,1,2023,2,5720.56,17013.3
4813,2022,2,2024,3,838.96,17755.46
4815,2022,0,2022,1,26601.62,26601.62
4815,2022,1,2023,2,12115.31,38716.93
4815,2022,2,2024,3,5249.6,43966.53
4816,2022,0,2022,1,10037,9702.43
4816,2022,1,2023,2,4086.92,13653.11
4816,2022,2,2024,3,1905.33,15494.92
4817,2022,0,2022,1,3638.03,3326.34
4817,2022,1,2023,2,1886.85,5051.54
4817,2022,2,2024,3,118.58,5159.96
4818,2022,0,2022,1,28404.85,25246.58
4818,2022,1,2023,2,10692.88,34750.54
4818,2022,2,2024,3,2890.53,37319.68
4819,2022,0,2022,1,8464.97,7789.32
4819,2022,1,2023,2,3772.45,11260.66
4819,2022,2,2024,3,1207.41,12371.7
4821,2022,0,2022,1,4579.59,4254.66
4821,2022,1,2023,2,2250.83,6345.78
4821,2022,2,2024,3,402.66,6719.88
4822,2022,0,2022,1,13126.42,12054.26
4822,2022,1,2023,2,6543.9,18063.66
4822,2022,2,2024,3,427.48,18456.22
4824,2022,0,2022,1,36257.4,35721.26
4824,2022,1,2023,2,15901.41,51387.52
4824,2022,2,2024,3,7589.92,58865.21
4825,2022,0,2022,1,2738.54,2676.98
4825,2022,1,2023,2,957.35,3612.81
4825,2022,2,2024,3,638.97,4237.41
4826,2022,0,2022,1,27022.78,25105.93
4826,2022,1,2023,2,11291.37,35596.36
4826,2022,2,2024,3,3214.62,38582.96
4828,2022,0,2022,1,10518.07,9527.62
4828,2022,1,2023,2,3816.3,12984.55
4828,2022,2,2024,3,859.92,13763.5
4829,2022,0,2022,1,8124.67,7998.96
4829,2022,1,2023,2,3557.4,11501.31
4829,2022,2,2024,3,1427.36,12906.59
4830,2022,0,2022,1,37614.58,34187.28
4830,2022,1,2023,2,17039.05,49673.8
4830,2022,2,2024,3,1305.28,50860.15
4831,2022,0,2022,1,6224.96,6221.24
4831,2022,1,2023,2,2807.85,9027.41
4831,2022,2,2024,3,1274.37,10301.01
4832,2022,0,2022,1,4274.32,4004.79
4832,2022,1,2023,2,2031.32,5908.02
4832,2022,2,2024,3,545.35,6418.98
4833,2022,0,2022,1,25215.23,24280.82
4833,2022,1,2023,2,9599.18,33524.28
4833,2022,2,2024,3,4870.17,38213.98
4834,2022,0,2022,1,83817.28,75830.94
4834,2022,1,2023,2,39035.6,111147.12
4834,2022,2,2024,3,2421.41,113337.81
4835,2022,0,2022,1,31407.66,29103.62
4835,2022,1,2023,2,17108.55,44957.1
4835,2022,2,2024,3,436.32,45361.41
4836,2022,0,2022,1,10816.22,10155.1
4836,2022,1,2023,2,5308.98,15139.58
4836,2022,2,2024,3,1529.77,16575.85
4837,2022,0,2022,1,8854.58,8272.95
4837,2022,1,2023,2,3596.74,11633.43
4837,2022,2,2024,3,1474.25,13010.84
4839,2022,0,2022,1,5626.79,5399.84
4839,2022,1,2023,2,2708.37,7998.96
4839,2022,2,2024,3,827.66,8793.24
4840,2022,0,2022,1,19795.98,18932.01
4840,2022,1,2023,2,6791.34,25426.96
4840,2022,2,2024,3,5128.67,30331.79
4841,2022,0,2022,1,8703.66,8358.68
4841,2022,1,2023,2,4423.14,12606.51
4841,2022,2,2024,3,1185.23,13744.76
4842,2022,0,2022,1,15650.04,15076.31
4842,2022,1,2023,2,9020.12,23765.75
4842,2022,2,2024,3,1569.61,25277.81
4843,2022,0,2022,1,16600.21,15984.89
4843,2022,1,2023,2,7309.28,23023.24
4843,2022,2,2024,3,2250.08,25189.91
4844,2022,0,2022,1,3999.8,3564.31
4844,2022,1,2023,2,1314.09,4735.32
4844,2022,2,2024,3,389.48,5082.4
4845,2022,0,2022,1,16461.76,15409
4845,2022,1,2023,2,9125.33,23950.74
4845,2022,2,2024,3,1084.51,24965.9
4846,2022,0,2022,1,415.92,394.3
4846,2022,1,2023,2,168.8,554.33
4846,2022,2,2024,3,72.37,622.95
4847,2022,0,2022,1,17825.97,17302.54
4847,2022,1,2023,2,9869.99,26882.71
4847,2022,2,2024,3,2731.47,29533.98
4848,2022,0,2022,1,5721.21,5590.58
4848,2022,1,2023,2,1950.97,7497
4848,2022,2,2024,3,1731,9188.48
4850,2022,0,2022,1,15999.91,15263.68
4850,2022,1,2023,2,6462.09,21428.42
4850,2022,2,2024,3,3149.59,24433.08
4851,2022,0,2022,1,11561.25,11258.09
4851,2022,1,2023,2,4148.76,15298.06
4851,2022,2,2024,3,3283.8,18495.76
4852,2022,0,2022,1,5765.37,5620.72
4852,2022,1,2023,2,2689.95,8243.19
4852,2022,2,2024,3,778.88,9002.52
4854,2022,0,2022,1,139799.34,133141.24
4854,2022,1,2023,2,62007.62,192195.68
4854,2022,2,2024,3,23087.21,214183.33
4855,2022,0,2022,1,5604.03,5507.85
4855,2022,1,2023,2,2384.82,7851.74
4855,2022,2,2024,3,1146.98,8979.04
4857,2022,0,2022,1,16582.99,14635.45
4857,2022,1,2023,2,5401.65,19402.72
4857,2022,2,2024,3,1570.33,20788.62
4858,2022,0,2022,1,5998.77,5587.08
4858,2022,1,2023,2,2086.45,7530.34
4858,2022,2,2024,3,1151.55,8602.86
4859,2022,0,2022,1,16663.82,16121.99
4859,2022,1,2023,2,7206.81,23094.47
4859,2022,2,2024,3,2091.04,25117.52
4860,2022,0,2022,1,13129.26,12439.83
4860,2022,1,2023,2,4975.43,17154
4860,2022,2,2024,3,2446.46,19472
4861,2022,0,2022,1,174224.14,167822.04
4861,2022,1,2023,2,58260.72,223941.89
4861,2022,2,2024,3,46380.07,268617.66
4862,2022,0,2022,1,15098.24,13687.76
4862,2022,1,2023,2,6451.93,19536.95
4862,2022,2,2024,3,1786.86,21156.88
4863,2022,0,2022,1,203432.84,194396.88
4863,2022,1,2023,2,87608.81,278114.33
4863,2022,2,2024,3,24939.82,301946.39
4864,2022,0,2022,1,11765.39,10621.1
4864,2022,1,2023,2,3643.33,13910.09
4864,2022,2,2024,3,1508.31,15271.71
4865,2022,0,2022,1,2122.57,2110.88
4865,2022,1,2023,2,1254.97,3358.94
4865,2022,2,2024,3,198.56,3556.41
4866,2022,0,2022,1,14750.36,13482.33
4866,2022,1,2023,2,6765.81,19666.52
4866,2022,2,2024,3,734.98,20338.31
4867,2022,0,2022,1,20190.79,18553.42
4867,2022,1,2023,2,9802.94,27561.39
4867,2022,2,2024,3,1162.59,28629.71
4868,2022,0,2022,1,20151.22,18587.61
4868,2022,1,2023,2,7926.1,25898.69
4868,2022,2,2024,3,1591.82,27366.99
4869,2022,0,2022,1,4166.23,4104.17
4869,2022,1,2023,2,1468.21,5550.51
4869,2022,2,2024,3,1087.87,6622.18
4872,2022,0,2022,1,4658.2,4432.31
4872,2022,1,2023,2,2027.12,6361.13
4872,2022,2,2024,3,722.86,7048.95
4873,2022,0,2022,1,17127.63,15569.42
4873,2022,1,2023,2,7206.31,22120.13
4873,2022,2,2024,3,1729.47,23692.25
4874,2022,0,2022,1,33874.59,31835.6
4874,2022,1,2023,2,15131.14,46055.97
4874,2022,2,2024,3,3535.34,49378.5
4875,2022,0,2022,1,4446.59,4154.15
4875,2022,1,2023,2,1612.95,5661.01
4875,2022,2,2024,3,653.87,6271.87
4876,2022,0,2022,1,14776.78,13674.2
4876,2022,1,2023,2,6729.39,19901.48
4876,2022,2,2024,3,1597.69,21379.95
4877,2022,0,2022,1,1360.81,1324.3
4877,2022,1,2023,2,693.07,1998.78
4877,2022,2,2024,3,266.47,2258.1
4878,2022,0,2022,1,12563.45,11964.45
4878,2022,1,2023,2,6825.05,18464.09
4878,2022,2,2024,3,1393.92,19791.55
4880,2022,0,2022,1,10487.41,10065.08
4880,2022,1,2023,2,3881.67,13790.43
4880,2022,2,2024,3,2228.62,15929.31
4881,2022,0,2022,1,9625.45,9154.67
4881,2022,1,2023,2,3260.88,12256.06
4881,2022,2,2024,3,2554.82,14685.93
4882,2022,0,2022,1,7736.64,7445.29
4882,2022,1,2023,2,3398.92,10716.21
4882,2022,2,2024,3,1151.4,11824.25
4883,2022,0,2022,1,13572.51,12290.47
4883,2022,1,2023,2,6514.16,18189.32
4883,2022,2,2024,3,1264.53,19334.4
4884,2022,0,2022,1,20341,18707.02
4884,2022,1,2023,2,6511.98,24695.89
4884,2022,2,2024,3,2516.5,27010.25
4885,2022,0,2022,1,1281.5,1212.1
4885,2022,1,2023,2,403.32,1593.57
4885,2022,2,2024,3,252.35,1832.26
4886,2022,0,2022,1,9979.3,9620.25
4886,2022,1,2023,2,4899.88,14343.83
4886,2022,2,2024,3,1526.61,15815.52
4887,2022,0,2022,1,7954.77,7662.03
4887,2022,1,2023,2,2844.85,10402.2
4887,2022,2,2024,3,1593.18,11936.74
4888,2022,0,2022,1,7255.67,6777.59
4888,2022,1,2023,2,2596.24,9202.76
4888,2022,2,2024,3,1382.81,10494.46
4889,2022,0,2022,1,1958.41,1802.73
4889,2022,1,2023,2,661.02,2411.2
4889,2022,2,2024,3,356.71,2739.55
4890,2022,0,2022,1,12378.05,11800.05
4890,2022,1,2023,2,6060.96,17577.98
4890,2022,2,2024,3,1602.32,19105.48
4891,2022,0,2022,1,18104.5,16638.37
4891,2022,1,2023,2,6459.78,22575.02
4891,2022,2,2024,3,1915.73,24335.61
4892,2022,0,2022,1,86.97,80.89
4892,2022,1,2023,2,36.5,114.84
4892,2022,2,2024,3,13.38,127.29
4895,2022,0,2022,1,20816.46,20816.46
4895,2022,1,2023,2,7607.69,28424.15
4895,2022,2,2024,3,4427.6,32851.75
4896,2022,0,2022,1,27860.29,26426.62
4896,2022,1,2023,2,10551.69,36435.33
4896,2022,2,2024,3,5154,41324.1
4897,2022,0,2022,1,1139.47,1042.47
4897,2022,1,2023,2,515.53,1514.11
4897,2022,2,2024,3,77.47,1584.98
4898,2022,0,2022,1,7036.24,6535.59
4898,2022,1,2023,2,2459.53,8820.12
4898,2022,2,2024,3,1185.73,9921.49
4899,2022,0,2022,1,5129.78,4671.56
4899,2022,1,2023,2,2109.09,6592.25
4899,2022,2,2024,3,417.92,6972.83
4900,2022,0,2022,1,5467.87,4923.96
4900,2022,1,2023,2,2266.08,6964.62
4900,2022,2,2024,3,175.41,7122.58
4901,2022,0,2022,1,13516.93,12742.9
4901,2022,1,2023,2,5697.04,18113.7
4901,2022,2,2024,3,2335.89,20315.83
4902,2022,0,2022,1,78199.72,72501.19
4902,2022,1,2023,2,36562.55,106399.37
4902,2022,2,2024,3,4817.4,110865.72
4903,2022,0,2022,1,15771.49,15533.95
4903,2022,1,2023,2,5575.3,21025.28
4903,2022,2,2024,3,4329.78,25289.85
4905,2022,0,2022,1,2104.14,2079.36
4905,2022,1,2023,2,951.83,3019.97
4905,2022,2,2024,3,515.26,3529.17
4906,2022,0,2022,1,28517.78,27800.09
4906,2022,1,2023,2,9996.12,37544.63
4906,2022,2,2024,3,5254.58,42666.97
4907,2022,0,2022,1,27673.35,26851.86
4907,2022,1,2023,2,7901.6,34518.9
4907,2022,2,2024,3,7748.53,42037.42
4909,2022,0,2022,1,18950.61,17540.3
4909,2022,1,2023,2,9760.98,26574.86
4909,2022,2,2024,3,683.19,27207.2
4910,2022,0,2022,1,35477.5,34402.33
4910,2022,1,2023,2,15333.75,49271.38
4910,2022,2,2024,3,7475,56519.85
4911,2022,0,2022,1,3928.34,3649.45
4911,2022,1,2023,2,1558.17,5097
4911,2022,2,2024,3,498.79,5560.37
4913,2022,0,2022,1,4610.95,4384.8
4913,2022,1,2023,2,1596.8,5903.28
4913,2022,2,2024,3,674.23,6544.44
4914,2022,0,2022,1,14580.47,13547.75
4914,2022,1,2023,2,7532.13,20546.38
4914,2022,2,2024,3,1492.79,21933.44
4917,2022,0,2022,1,10932.85,10517.1
4917,2022,1,2023,2,3957.56,14324.17
4917,2022,2,2024,3,2727.44,16947.9
4918,2022,0,2022,1,20076.04,19408.57
4918,2022,1,2023,2,9779.89,28863.31
4918,2022,2,2024,3,2780.58,31551.44
4919,2022,0,2022,1,6699.9,6226.88
4919,2022,1,2023,2,3304.69,9298.25
4919,2022,2,2024,3,799.4,10041.21
4920,2022,0,2022,1,6023.79,5949.88
4920,2022,1,2023,2,2636.83,8554.36
4920,2022,2,2024,3,1174,9713.95
4921,2022,0,2022,1,15884.73,15372.53
4921,2022,1,2023,2,7453.7,22585.88
4921,2022,2,2024,3,3173.42,25656.97
4923,2022,0,2022,1,6493.18,6182.38
4923,2022,1,2023,2,2773.98,8823.58
4923,2022,2,2024,3,1225.87,9990.77
4924,2022,0,2022,1,8195.78,7718.42
4924,2022,1,2023,2,3763.3,11262.53
4924,2022,2,2024,3,1175.13,12369.21
4926,2022,0,2022,1,10836.12,10194.34
4926,2022,1,2023,2,4458.39,14388.68
4926,2022,2,2024,3,1302.29,15613.84
4927,2022,0,2022,1,22664.97,21690.07
4927,2022,1,2023,2,9503.51,30784.8
4927,2022,2,2024,3,3363,34003.15
4928,2022,0,2022,1,2561.82,2405.2
4928,2022,1,2023,2,798.97,3155.33
4928,2022,2,2024,3,503.87,3628.4
4929,2022,0,2022,1,74778.3,70758.21
4929,2022,1,2023,2,29192.03,98380.87
4929,2022,2,2024,3,11701.65,109453.44
4930,2022,0,2022,1,1555.89,1376.38
4930,2022,1,2023,2,645.18,1947.12
4930,2022,2,2024,3,82.36,2019.98
4931,2022,0,2022,1,11941.25,11941.25
4931,2022,1,2023,2,2589.51,14530.76
4931,2022,2,2024,3,3647.98,18178.74
4932,2022,0,2022,1,18083.28,16538.4
4932,2022,1,2023,2,8447.33,24264.06
4932,2022,2,2024,3,1917.93,26018.14
4933,2022,0,2022,1,10250.28,9755.17
4933,2022,1,2023,2,4113.57,13670.04
4933,2022,2,2024,3,2280.98,15840.85
4934,2022,0,2022,1,34611.61,32720.05
4934,2022,1,2023,2,13666.64,45639.8
4934,2022,2,2024,3,6124.88,51429.95
4935,2022,0,2022,1,279.53,267.59
4935,2022,1,2023,2,115.12,377.78
4935,2022,2,2024,3,52.67,428.2
4936,2022,0,2022,1,6179.29,6050.94
4936,2022,1,2023,2,2878.69,8869.84
4936,2022,2,2024,3,864.75,9716.62
4937,2022,0,2022,1,7471.55,6900.29
4937,2022,1,2023,2,3394.09,10034.87
4937,2022,2,2024,3,1000.8,10959.15
4938,2022,0,2022,1,1467.73,1433.64
4938,2022,1,2023,2,652.19,2070.69
4938,2022,2,2024,3,291.76,2355.68
4939,2022,0,2022,1,4355.73,4160.89
4939,2022,1,2023,2,1600.6,5689.89
4939,2022,2,2024,3,887.91,6538.07
4942,2022,0,2022,1,10876.18,10748.96
4942,2022,1,2023,2,3222.47,13933.74
4942,2022,2,2024,3,3153.23,17050.09
4943,2022,0,2022,1,8079.54,7802.43
4943,2022,1,2023,2,3205.4,10897.89
4943,2022,2,2024,3,1575.93,12419.76
4944,2022,0,2022,1,10050.7,9165.36
4944,2022,1,2023,2,3517.88,12373.37
4944,2022,2,2024,3,1592.08,13825.21
4947,2022,0,2022,1,2800.74,2642.47
4947,2022,1,2023,2,1146.31,3724
4947,2022,2,2024,3,282.99,3991
4948,2022,0,2022,1,4828.76,4437.19
4948,2022,1,2023,2,2255.33,6509.63
4948,2022,2,2024,3,532.77,6999.19
4949,2022,0,2022,1,14406.23,13370.61
4949,2022,1,2023,2,5872.85,18821.27
4949,2022,2,2024,3,1567.69,20276.27
4950,2022,0,2022,1,2957.95,2863.36
4950,2022,1,2023,2,1473.42,4289.67
4950,2022,2,2024,3,317.55,4597.07
4951,2022,0,2022,1,2789.71,2709.96
4951,2022,1,2023,2,1298.3,3971.14
4951,2022,2,2024,3,546.62,4502.14
4954,2022,0,2022,1,4666.11,4475.6
4954,2022,1,2023,2,1611.85,6021.63
4954,2022,2,2024,3,996.5,6977.44
4955,2022,0,2022,1,19214.52,19106.39
4955,2022,1,2023,2,6327.72,25398.51
4955,2022,2,2024,3,5513.3,30880.78
4956,2022,0,2022,1,8996.55,8444.15
4956,2022,1,2023,2,3325.26,11565.24
4956,2022,2,2024,3,1770.81,13227.31
4958,2022,0,2022,1,6501.6,6389.68
4958,2022,1,2023,2,2789.4,9131.06
4958,2022,2,2024,3,1109.71,10221.67
4960,2022,0,2022,1,22545.63,19959.09
4960,2022,1,2023,2,9600.43,28458.12
4960,2022,2,2024,3,1277.13,29588.73
4964,2022,0,2022,1,27887.08,26870.4
4964,2022,1,2023,2,13381.43,39763.99
4964,2022,2,2024,3,4477.1,44077.86
4966,2022,0,2022,1,8877.82,8315.81
4966,2022,1,2023,2,4400.13,12437.39
4966,2022,2,2024,3,1822.95,14144.94
4967,2022,0,2022,1,25209.6,24863.76
4967,2022,1,2023,2,8222.59,32973.55
4967,2022,2,2024,3,6102.25,38992.09
4968,2022,0,2022,1,19808.44,18581.03
4968,2022,1,2023,2,5533.92,23772.04
4968,2022,2,2024,3,3727.61,27268.67
4969,2022,0,2022,1,862.55,849.61
4969,2022,1,2023,2,353.1,1197.41
4969,2022,2,2024,3,174.92,1369.71
4971,2022,0,2022,1,8254.17,7898.58
4971,2022,1,2023,2,3116.38,10880.7
4971,2022,2,2024,3,1413.49,12233.29
4972,2022,0,2022,1,8006.87,7871.13
4972,2022,1,2023,2,3780.11,11587.16
4972,2022,2,2024,3,1646,13205.26
4973,2022,0,2022,1,12339.68,12080.02
4973,2022,1,2023,2,5082.09,17055.17
4973,2022,2,2024,3,2181.66,19190.92
4974,2022,0,2022,1,18830.72,17837.01
4974,2022,1,2023,2,7971.71,25388.05
4974,2022,2,2024,3,2757.16,27999.71
4975,2022,0,2022,1,73.28,66.31
4975,2022,1,2023,2,25.11,89.03
4975,2022,2,2024,3,7.56,95.87
4976,2022,0,2022,1,13657.49,13001.93
4976,2022,1,2023,2,4682.65,17459.81
4976,2022,2,2024,3,2406.89,19751.16
4977,2022,0,2022,1,8633.93,8227.66
4977,2022,1,2023,2,4997.1,12989.61
4977,2022,2,2024,3,602.99,13564.22
4978,2022,0,2022,1,7904.66,7904.66
4978,2022,1,2023,2,2875.49,10780.15
4978,2022,2,2024,3,2552.94,13333.09
4979,2022,0,2022,1,4216.1,4103.66
4979,2022,1,2023,2,1832.47,5887.26
4979,2022,2,2024,3,794.77,6660.84
4980,2022,0,2022,1,9156.81,8419.21
4980,2022,1,2023,2,3603.65,11732.57
4980,2022,2,2024,3,1460.45,13075.38
4981,2022,0,2022,1,61677.47,57885.17
4981,2022,1,2023,2,25060.51,81404.81
4981,2022,2,2024,3,7082.08,88051.45
4982,2022,0,2022,1,1668.67,1577.21
4982,2022,1,2023,2,707.42,2245.86
4982,2022,2,2024,3,235.87,2468.8
4983,2022,0,2022,1,15822.73,14403.68
4983,2022,1,2023,2,6260.05,20102.3
4983,2022,2,2024,3,605.42,20653.43
4984,2022,0,2022,1,11244.66,10959.76
4984,2022,1,2023,2,4435.24,15282.62
4984,2022,2,2024,3,2109.41,17338.58
4985,2022,0,2022,1,22027.09,19863.54
4985,2022,1,2023,2,9654,28569.3
4985,2022,2,2024,3,1340.67,29778.29
4986,2022,0,2022,1,7505.45,6979.32
4986,2022,1,2023,2,3761.61,10477.24
4986,2022,2,2024,3,699.75,11127.94
4987,2022,0,2022,1,4102.32,3874.74
4987,2022,1,2023,2,1887.22,5657.27
4987,2022,2,2024,3,586.34,6211.08
4989,2022,0,2022,1,11769.69,11346.24
4989,2022,1,2023,2,4106.67,15305.16
4989,2022,2,2024,3,2288.32,17511.15
4991,2022,0,2022,1,7787.41,7627.24
4991,2022,1,2023,2,3311.09,10870.23
4991,2022,2,2024,3,1814.74,12647.65
4992,2022,0,2022,1,30398.63,28753.87
4992,2022,1,2023,2,10815.53,38984.2
4992,2022,2,2024,3,4581.89,43318.18
4995,2022,0,2022,1,13090.86,12280.44
4995,2022,1,2023,2,5495.29,17435.53
4995,2022,2,2024,3,2388.85,19676.49
4996,2022,0,2022,1,11398.97,10215.86
4996,2022,1,2023,2,4263.75,14037.07
4996,2022,2,2024,3,1011.06,14943.18
4997,2022,0,2022,1,65310.96,62012.94
4997,2022,1,2023,2,30007.54,90505.18
4997,2022,2,2024,3,5135.42,95381.28
4998,2022,0,2022,1,553.77,507.17
4998,2022,1,2023,2,205,694.92
4998,2022,2,2024,3,66.65,755.96
5000,2022,0,2022,1,8002.65,7582.11
5000,2022,1,2023,2,4773.44,12104.72
5000,2022,2,2024,3,706.46,12774.05
5001,2022,0,2022,1,11822.05,11096.78
5001,2022,1,2023,2,5743.6,16488.01
5001,2022,2,2024,3,953.96,17383.45
5002,2022,0,2022,1,176.83,172.57
5002,2022,1,2023,2,86.98,257.45
5002,2022,2,2024,3,35.61,292.2
5003,2022,0,2022,1,6839.62,6620.06
5003,2022,1,2023,2,2348.68,8893.34
5003,2022,2,2024,3,1578.86,10421.51
5004,2022,0,2022,1,999.18,946.9
5004,2022,1,2023,2,426.05,1350.65
5004,2022,2,2024,3,129.36,1473.24
5005,2022,0,2022,1,14171.15,13193.18
5005,2022,1,2023,2,4237.21,17137.98
5005,2022,2,2024,3,3061.5,19988.2
5006,2022,0,2022,1,18116.8,17439.42
5006,2022,1,2023,2,7347.06,24511.77
5006,2022,2,2024,3,3370.87,27756.61
5007,2022,0,2022,1,10676.91,10015.82
5007,2022,1,2023,2,4501.12,14238.24
5007,2022,2,2024,3,1631.43,15768.65
5008,2022,0,2022,1,5639.49,5133.75
5008,2022,1,2023,2,2475.69,7387.43
5008,2022,2,2024,3,188.5,7559.03
5009,2022,0,2022,1,13711.26,12561.23
5009,2022,1,2023,2,3995.58,16221.68
5009,2022,2,2024,3,2273.63,18304.61
5010,2022,0,2022,1,7459.42,6662.68
5010,2022,1,2023,2,3139.16,9466.54
5010,2022,2,2024,3,319.53,9751.94
5012,2022,0,2022,1,4789.38,4587.09
5012,2022,1,2023,2,2119.52,6617.09
5012,2022,2,2024,3,806.16,7389.21
5013,2022,0,2022,1,81581.66,77766.48
5013,2022,1,2023,2,35784.9,111877.9
5013,2022,2,2024,3,13419.07,124669.42
5014,2022,0,2022,1,10445.6,9366.26
5014,2022,1,2023,2,5234.63,14060
5014,2022,2,2024,3,723.73,14708.94
5015,2022,0,2022,1,3546.12,3245.15
5015,2022,1,2023,2,1801.87,4894.08
5015,2022,2,2024,3,219.31,5094.77
5016,2022,0,2022,1,8011.37,7907.14
5016,2022,1,2023,2,2136.28,10015.63
5016,2022,2,2024,3,2659.16,12640.2
5017,2022,0,2022,1,4087.17,3770.53
5017,2022,1,2023,2,1628.81,5273.15
5017,2022,2,2024,3,608.8,5834.78
5018,2022,0,2022,1,18431.69,18431.69
5018,2022,1,2023,2,8570.16,27001.84
5018,2022,2,2024,3,4331.31,31333.15
5019,2022,0,2022,1,4969.31,4712.03
5019,2022,1,2023,2,1515.35,6148.92
5019,2022,2,2024,3,942.85,7042.96
5020,2022,0,2022,1,4801.39,4701.69
5020,2022,1,2023,2,2323.14,6976.58
5020,2022,2,2024,3,1061.51,8016.05
5021,2022,0,2022,1,11542.66,11222.46
5021,2022,1,2023,2,4842.75,15930.87
5021,2022,2,2024,3,2044.79,17918.93
5022,2022,0,2022,1,10809.73,10253
5022,2022,1,2023,2,4361.76,14390.11
5022,2022,2,2024,3,1463,15777.76
5023,2022,0,2022,1,20224.86,19082.21
5023,2022,1,2023,2,9420.8,27970.76
5023,2022,2,2024,3,3190.96,30981.45
5025,2022,0,2022,1,4699.41,4355.65
5025,2022,1,2023,2,2435.77,6613.24
5025,2022,2,2024,3,347,6934.85
5026,2022,0,2022,1,47558.42,44078.98
5026,2022,1,2023,2,17117.32,59943.98
5026,2022,2,2024,3,7072.17,66498.74
5027,2022,0,2022,1,4353.33,4043.37
5027,2022,1,2023,2,2000.8,5901.72
5027,2022,2,2024,3,442.6,6312.81
5028,2022,0,2022,1,4102.51,3888.1
5028,2022,1,2023,2,1820.78,5613.73
5028,2022,2,2024,3,728.96,6304.59
5030,2022,0,2022,1,3917.24,3809.1
5030,2022,1,2023,2,1530.15,5297
5030,2022,2,2024,3,807.15,6081.87
5031,2022,0,2022,1,7233.57,6722.31
5031,2022,1,2023,2,2713.72,9244.22
5031,2022,2,2024,3,1049.69,10219.73
5033,2022,0,2022,1,3369.43,3259.42
5033,2022,1,2023,2,1759.9,4961.86
5033,2022,2,2024,3,439.6,5387.11
5034,2022,0,2022,1,10314.85,9931.45
5034,2022,1,2023,2,4581.31,14342.47
5034,2022,2,2024,3,2114.05,16377.94
5036,2022,0,2022,1,2870.58,2835.97
5036,2022,1,2023,2,1041.67,3865.08
5036,2022,2,2024,3,613.08,4470.77
5037,2022,0,2022,1,1298.39,1196.15
5037,2022,1,2023,2,465.01,1624.54
5037,2022,2,2024,3,231.91,1838.19
5038,2022,0,2022,1,2500.33,2328.43
5038,2022,1,2023,2,1170.46,3418.42
5038,2022,2,2024,3,237.86,3639.92
5039,2022,0,2022,1,15146.74,14233.66
5039,2022,1,2023,2,7683.91,21454.38
5039,2022,2,2024,3,1096.44,22484.72
5040,2022,0,2022,1,12026.24,11665.88
5040,2022,1,2023,2,5475.39,16977.21
5040,2022,2,2024,3,1381.63,18317.45
5044,2022,0,2022,1,45762.96,43379.56
5044,2022,1,2023,2,17688.61,60146.92
5044,2022,2,2024,3,3805.34,63754.08
5045,2022,0,2022,1,18319.46,17975.58
5045,2022,1,2023,2,7452.65,25288.33
5045,2022,2,2024,3,4452.32,29657.07
5046,2022,0,2022,1,3299.45,3171.53
5046,2022,1,2023,2,1249.5,4372.58
5046,2022,2,2024,3,673,5019.48
5047,2022,0,2022,1,36009.11,35487.59
5047,2022,1,2023,2,20079.32,55276.1
5047,2022,2,2024,3,5897.34,61088.02
5049,2022,0,2022,1,2376.89,2221.21
5049,2022,1,2023,2,1005.62,3160.96
5049,2022,2,2024,3,353.31,3491.13
5050,2022,0,2022,1,1662.36,1585.89
5050,2022,1,2023,2,760.05,2310.97
5050,2022,2,2024,3,253.57,2552.87
5051,2022,0,2022,1,18548.62,18294.86
5051,2022,1,2023,2,8634.44,26811.18
5051,2022,2,2024,3,3416.28,30180.72
5052,2022,0,2022,1,15692.88,14158.45
5052,2022,1,2023,2,5405.87,19035.74
5052,2022,2,2024,3,1845.13,20700.46
5054,2022,0,2022,1,1982.09,1928.77
5054,2022,1,2023,2,919.07,2823.11
5054,2022,2,2024,3,319.42,3133.94
5055,2022,0,2022,1,3492.4,3339.03
5055,2022,1,2023,2,1146.19,4434.88
5055,2022,2,2024,3,617.34,5025.12
5056,2022,0,2022,1,96842.54,88511.78
5056,2022,1,2023,2,41772.97,126691.28
5056,2022,2,2024,3,9685.21,135543.33
5057,2022,0,2022,1,11932.71,11106.74
5057,2022,1,2023,2,4997.51,15758.32
5057,2022,2,2024,3,1705.98,17346.21
5058,2022,0,2022,1,14539.33,13791.48
5058,2022,1,2023,2,6638.28,20088.31
5058,2022,2,2024,3,1496.27,21507.62
5059,2022,0,2022,1,8839.92,8418.18
5059,2022,1,2023,2,4339.13,12550.29
5059,2022,2,2024,3,620.81,13141.48
5060,2022,0,2022,1,3691.04,3443.18
5060,2022,1,2023,2,1734.35,5061.06
5060,2022,2,2024,3,483.54,5512.13
5061,2022,0,2022,1,4427.62,4414.22
5061,2022,1,2023,2,2107.77,6515.61
5061,2022,2,2024,3,796.69,7309.89
5062,2022,0,2022,1,9184.7,8704.74
5062,2022,1,2023,2,4076.17,12567.9
5062,2022,2,2024,3,1153.03,13660.68
5063,2022,0,2022,1,2590.27,2567.56
5063,2022,1,2023,2,1089.56,3647.56
5063,2022,2,2024,3,491.36,4134.61
5064,2022,0,2022,1,12289.37,11624.79
5064,2022,1,2023,2,4752.93,16120.7
5064,2022,2,2024,3,2520.08,18504.5
5065,2022,0,2022,1,29191.45,28805.83
5065,2022,1,2023,2,13666.21,42291.51
5065,2022,2,2024,3,6394.09,48601.14
5067,2022,0,2022,1,10872.35,9571.58
5067,2022,1,2023,2,5346.11,14278.08
5067,2022,2,2024,3,17.78,14293.73
5071,2022,0,2022,1,14516.69,14176.69
5071,2022,1,2023,2,7299.81,21305.53
5071,2022,2,2024,3,3265.86,24494.9
5072,2022,0,2022,1,14112.2,13545.84
5072,2022,1,2023,2,6467.96,19754.22
5072,2022,2,2024,3,1634.68,21323.29
5073,2022,0,2022,1,3408.67,3082.48
5073,2022,1,2023,2,1309.06,4266.27
5073,2022,2,2024,3,369.11,4600.06
5074,2022,0,2022,1,23375.53,22048.97
5074,2022,1,2023,2,9579.36,31084.7
5074,2022,2,2024,3,3144.08,34050.35
5075,2022,0,2022,1,2805.09,2593.02
5075,2022,1,2023,2,1286.16,3781.94
5075,2022,2,2024,3,247.73,4010.94
5076,2022,0,2022,1,32895.63,30661.18
5076,2022,1,2023,2,13498.43,43242.72
5076,2022,2,2024,3,6027.08,48860.41
5077,2022,0,2022,1,5192.76,5192.76
5077,2022,1,2023,2,2327.21,7519.97
5077,2022,2,2024,3,1313.35,8833.32
5078,2022,0,2022,1,6654.84,6206.58
5078,2022,1,2023,2,2760.42,8781.06
5078,2022,2,2024,3,865.18,9587.97
5079,2022,0,2022,1,5107.86,4798.83
5079,2022,1,2023,2,2156.37,6824.74
5079,2022,2,2024,3,1289.68,8036.39
5080,2022,0,2022,1,8761.3,8457.67
5080,2022,1,2023,2,3631.12,11962.96
5080,2022,2,2024,3,1844.72,13743.75
5082,2022,0,2022,1,4318.86,4015.85
5082,2022,1,2023,2,1276.21,5202.52
5082,2022,2,2024,3,994.19,6126.95
5083,2022,0,2022,1,441.24,437
5083,2022,1,2023,2,171.12,606.47
5083,2022,2,2024,3,113.29,718.67
5085,2022,0,2022,1,13277.4,12675.99
5085,2022,1,2023,2,5977.78,18383
5085,2022,2,2024,3,2241.69,20523.15
5086,2022,0,2022,1,6316.37,6124.77
5086,2022,1,2023,2,2108.62,8169.42
5086,2022,2,2024,3,1539.3,9662.04
5087,2022,0,2022,1,6521.03,6337.26
5087,2022,1,2023,2,3068.2,9318.99
5087,2022,2,2024,3,1261.59,10545.02
5089,2022,0,2022,1,1041.26,1014.47
5089,2022,1,2023,2,390.29,1394.72
5089,2022,2,2024,3,312.15,1698.84
5090,2022,0,2022,1,11485.39,10712.32
5090,2022,1,2023,2,6240.73,16532.99
5090,2022,2,2024,3,495.28,16994.93
5091,2022,0,2022,1,20731.28,19627.66
5091,2022,1,2023,2,11631.42,30639.89
5091,2022,2,2024,3,3055.4,33532.64
5093,2022,0,2022,1,17285.01,16838.19
5093,2022,1,2023,2,7929.07,24562.29
5093,2022,2,2024,3,3412.92,27886.98
5094,2022,0,2022,1,16867.09,15776.62
5094,2022,1,2023,2,5214.78,20654.27
5094,2022,2,2024,3,3180.65,23629.29
5095,2022,0,2022,1,12476.34,12350.42
5095,2022,1,2023,2,5362.83,17659.12
5095,2022,2,2024,3,3314.76,20940.42
5096,2022,0,2022,1,26160.61,24209.85
5096,2022,1,2023,2,9066.33,32600.12
5096,2022,2,2024,3,3669.85,35996.31
5097,2022,0,2022,1,5872.39,5638.27
5097,2022,1,2023,2,2221.08,7770.81
5097,2022,2,2024,3,1156.84,8881.53
5098,2022,0,2022,1,1886.76,1854.81
5098,2022,1,2023,2,1084.82,2921.26
5098,2022,2,2024,3,520.02,3432.46
5099,2022,0,2022,1,130432.34,124592.2
5099,2022,1,2023,2,54936.44,177068.84
5099,2022,2,2024,3,27815.26,203638.66
5100,2022,0,2022,1,45452.73,42541.82
5100,2022,1,2023,2,18565.04,59917.91
5100,2022,2,2024,3,7894.42,67306.75
5102,2022,0,2022,1,12911.19,11766.07
5102,2022,1,2023,2,5374.63,16664.02
5102,2022,2,2024,3,1176.69,17736.35
5103,2022,0,2022,1,11894.41,11746.59
5103,2022,1,2023,2,5545.93,17223.6
5103,2022,2,2024,3,2266.96,19462.39
5104,2022,0,2022,1,6814.2,6584.55
5104,2022,1,2023,2,3533.53,9998.99
5104,2022,2,2024,3,733.18,10707.47
5106,2022,0,2022,1,10218.26,9678.4
5106,2022,1,2023,2,3207.92,12716.83
5106,2022,2,2024,3,1692.39,14319.81
5107,2022,0,2022,1,13868.35,12944.65
5107,2022,1,2023,2,5721.37,18284.95
5107,2022,2,2024,3,1726.21,19896.18
5109,2022,0,2022,1,22041.41,21091.39
5109,2022,1,2023,2,9288.51,29979.56
5109,2022,2,2024,3,4223.57,34021.09
5110,2022,0,2022,1,11085.82,10010.78
5110,2022,1,2023,2,4900.78,14436.31
5110,2022,2,2024,3,918.71,15265.93
5111,2022,0,2022,1,65067.13,63550.28
5111,2022,1,2023,2,34129.79,96884.43
5111,2022,2,2024,3,12050.88,108654.38
5112,2022,0,2022,1,20371.41,19762.38
5112,2022,1,2023,2,7935.67,27460.79
5112,2022,2,2024,3,3792.87,31140.27
5115,2022,0,2022,1,5877.71,5393.19
5115,2022,1,2023,2,2474.55,7663.76
5115,2022,2,2024,3,896.01,8485.92
5116,2022,0,2022,1,5927.55,5459.89
5116,2022,1,2023,2,2107.26,7400.9
5116,2022,2,2024,3,331.75,7706.48
5118,2022,0,2022,1,10510.04,10106.08
5118,2022,1,2023,2,5293.27,15195.89
5118,2022,2,2024,3,1571.15,16706.65
5119,2022,0,2022,1,19859.69,18555.24
5119,2022,1,2023,2,8959.95,26926.67
5119,2022,2,2024,3,3556.64,30249.69
5120,2022,0,2022,1,14580.63,13712.88
5120,2022,1,2023,2,6667.82,19983.86
5120,2022,2,2024,3,1994.99,21860.12
5121,2022,0,2022,1,3808.81,3509.79
5121,2022,1,2023,2,1717.09,5092.08
5121,2022,2,2024,3,411.58,5471.35
5122,2022,0,2022,1,4658.91,4408.87
5122,2022,1,2023,2,2009.03,6310.08
5122,2022,2,2024,3,528.41,6810.13
5123,2022,0,2022,1,15506.05,13741.74
5123,2022,1,2023,2,8447.36,21227.94
5123,2022,2,2024,3,713.43,21860.19
5124,2022,0,2022,1,23256.41,21444.48
5124,2022,1,2023,2,10905.46,31500.29
5124,2022,2,2024,3,953.97,32379.93
5125,2022,0,2022,1,21593.53,20499.35
5125,2022,1,2023,2,11818.07,31718.58
5125,2022,2,2024,3,2615.59,34201.64
5126,2022,0,2022,1,8703.37,8417.34
5126,2022,1,2023,2,3825.2,12116.82
5126,2022,2,2024,3,1489.94,13557.79
5128,2022,0,2022,1,7486.24,7020.92
5128,2022,1,2023,2,3435.68,10243.05
5128,2022,2,2024,3,403.38,10621.36
5129,2022,0,2022,1,8800.37,8346.75
5129,2022,1,2023,2,3575.52,11737.97
5129,2022,2,2024,3,1545.91,13204.19
5130,2022,0,2022,1,6819.27,6752
5130,2022,1,2023,2,3109.32,9830.65
5130,2022,2,2024,3,1670.45,11484.63
5131,2022,0,2022,1,8996.55,8612.49
5131,2022,1,2023,2,4177.22,12611.38
5131,2022,2,2024,3,2316.05,14828.56
5132,2022,0,2022,1,2554.56,2303.05
5132,2022,1,2023,2,1213.11,3396.73
5132,2022,2,2024,3,184.92,3563.44
5135,2022,0,2022,1,5902.23,5510.94
5135,2022,1,2023,2,2728.68,8058.72
5135,2022,2,2024,3,876.85,8877.44
5136,2022,0,2022,1,8509.53,8472.74
5136,2022,1,2023,2,4660.84,13113.42
5136,2022,2,2024,3,1260.62,14368.59
5137,2022,0,2022,1,18265.46,17798.05
5137,2022,1,2023,2,7192.42,24806.42
5137,2022,2,2024,3,2992.57,27722.41
5138,2022,0,2022,1,16218.36,15309.65
5138,2022,1,2023,2,7322.21,22221.6
5138,2022,2,2024,3,2170.98,24270.94
5139,2022,0,2022,1,7600.56,6839.63
5139,2022,1,2023,2,2941.08,9486.26
5139,2022,2,2024,3,969.27,10358.49
5141,2022,0,2022,1,15656.92,14078.11
5141,2022,1,2023,2,5755.29,19253.05
5141,2022,2,2024,3,1018.28,20168.64
5142,2022,0,2022,1,14432.7,14162.19
5142,2022,1,2023,2,4230.2,18313.1
5142,2022,2,2024,3,3310.97,21562.02
5143,2022,0,2022,1,31311.09,29746.62
5143,2022,1,2023,2,11645.83,40810.57
5143,2022,2,2024,3,5593.25,46124.36
5144,2022,0,2022,1,11026.41,10800.06
5144,2022,1,2023,2,4771.89,15473.99
5144,2022,2,2024,3,2007.98,17440.75
5145,2022,0,2022,1,5622.34,5085.15
5145,2022,1,2023,2,2637.79,7470.91
5145,2022,2,2024,3,541.6,7960.76
5146,2022,0,2022,1,6781.48,6417.15
5146,2022,1,2023,2,2588.15,8866.26
5146,2022,2,2024,3,1174.26,9977.43
5147,2022,0,2022,1,5711.93,5502.11
5147,2022,1,2023,2,2291.74,7709.66
5147,2022,2,2024,3,1318.18,8979.42
5148,2022,0,2022,1,1314.76,1214.71
5148,2022,1,2023,2,427.98,1610.13
5148,2022,2,2024,3,268.85,1858.51
5149,2022,0,2022,1,23098.37,22209.19
5149,2022,1,2023,2,9196.25,31051.43
5149,2022,2,2024,3,4231.23,35119.78
5150,2022,0,2022,1,58367.54,57276.64
5150,2022,1,2023,2,23414.3,80253.32
5150,2022,2,2024,3,12641.25,92658.3
5151,2022,0,2022,1,1215.36,1160.52
5151,2022,1,2023,2,698.99,1827.96
5151,2022,2,2024,3,143.05,1964.56
5152,2022,0,2022,1,12680.49,12345.19
5152,2022,1,2023,2,4356.21,16586.22
5152,2022,2,2024,3,2699.46,19214.3
5153,2022,0,2022,1,90407.46,85161.52
5153,2022,1,2023,2,33237.17,116470.08
5153,2022,2,2024,3,21107.26,136352.58
5154,2022,0,2022,1,3580.05,3529.49
5154,2022,1,2023,2,1358.24,4868.55
5154,2022,2,2024,3,1049.28,5903.01
5155,2022,0,2022,1,25093.04,24349.71
5155,2022,1,2023,2,8676.22,32768.91
5155,2022,2,2024,3,5913.24,38506.98
5156,2022,0,2022,1,11561.48,10898.51
5156,2022,1,2023,2,3840.94,14519.19
5156,2022,2,2024,3,3064.29,17407.76
5157,2022,0,2022,1,10770.54,10200.61
5157,2022,1,2023,2,4149.95,14130.97
5157,2022,2,2024,3,2352.55,16359.03
5158,2022,0,2022,1,1545.33,1520.72
5158,2022,1,2023,2,600.89,2112.04
5158,2022,2,2024,3,320.79,2427.71
5159,2022,0,2022,1,6732.21,6357.68
5159,2022,1,2023,2,3524.48,9686.09
5159,2022,2,2024,3,580.3,10234.1
5160,2022,0,2022,1,2877.46,2826.71
5160,2022,1,2023,2,1298.98,4102.78
5160,2022,2,2024,3,541.87,4635.1
5161,2022,0,2022,1,22947.31,22401.02
5161,2022,1,2023,2,9214.97,31396.62
5161,2022,2,2024,3,5302.98,36573.35
5162,2022,0,2022,1,7859.18,7282.83
5162,2022,1,2023,2,3161.61,10212.59
5162,2022,2,2024,3,1041.28,11177.5
5165,2022,0,2022,1,17701.27,16907.8
5165,2022,1,2023,2,6642.27,23252.32
5165,2022,2,2024,3,3331.88,26434.85
5166,2022,0,2022,1,13619.27,12574.17
5166,2022,1,2023,2,3780.03,16064.14
5166,2022,2,2024,3,2794.11,18643.83
5167,2022,0,2022,1,7922.56,6922.72
5167,2022,1,2023,2,3218.5,9735.04
5167,2022,2,2024,3,59.03,9786.62
5168,2022,0,2022,1,15797.68,14522.97
5168,2022,1,2023,2,5487.1,19567.31
5168,2022,2,2024,3,2973.92,22301.27
5169,2022,0,2022,1,7966.54,7319.69
5169,2022,1,2023,2,3303.41,10354.88
5169,2022,2,2024,3,1149.45,11411
5171,2022,0,2022,1,26853.86,25238.48
5171,2022,1,2023,2,13286.7,37725.93
5171,2022,2,2024,3,3126.69,40664.53
5172,2022,0,2022,1,31486.85,29564.17
5172,2022,1,2023,2,11624.26,40478.62
5172,2022,2,2024,3,4843.26,45026.14
5173,2022,0,2022,1,11808.21,11686.39
5173,2022,1,2023,2,4810.02,16446.8
5173,2022,2,2024,3,2749.77,19168.19
5175,2022,0,2022,1,3189.61,2866.24
5175,2022,1,2023,2,1294.02,4029.07
5175,2022,2,2024,3,338,4332.8
5178,2022,0,2022,1,7882.51,7312.24
5178,2022,1,2023,2,3270.22,10345.87
5178,2022,2,2024,3,1041.26,11311.8
5179,2022,0,2022,1,2322.91,2191.53
5179,2022,1,2023,2,1089.79,3219.68
5179,2022,2,2024,3,277.11,3481.12
5180,2022,0,2022,1,11448.89,10798.4
5180,2022,1,2023,2,3022.82,13649.47
5180,2022,2,2024,3,2960,16441.29
5181,2022,0,2022,1,11204.66,10175.36
5181,2022,1,2023,2,5022.35,14736.33
5181,2022,2,2024,3,851.25,15509.38
5182,2022,0,2022,1,86924.31,79508.23
5182,2022,1,2023,2,49143.75,124459.21
5182,2022,2,2024,3,7015.87,130876.51
5183,2022,0,2022,1,14165.84,13767.31
5183,2022,1,2023,2,5429.15,19043.73
5183,2022,2,2024,3,3643.86,22585.08
5186,2022,0,2022,1,27833.66,25866.09
5186,2022,1,2023,2,10414.33,35544.23
5186,2022,2,2024,3,3169.29,38489.48
5187,2022,0,2022,1,18144.06,17714.52
5187,2022,1,2023,2,5970.67,23543.83
5187,2022,2,2024,3,4090.04,27537.04
5188,2022,0,2022,1,11755.96,11466.3
5188,2022,1,2023,2,4377.23,15735.67
5188,2022,2,2024,3,2224.36,17905.22
5189,2022,0,2022,1,12439.49,11603.05
5189,2022,1,2023,2,5649.77,16872.93
5189,2022,2,2024,3,1352.41,18134.4
5190,2022,0,2022,1,156.54,153.89
5190,2022,1,2023,2,61.67,214.52
5190,2022,2,2024,3,27.61,241.66
5191,2022,0,2022,1,15557.74,14812.54
5191,2022,1,2023,2,8097.44,22522.12
5191,2022,2,2024,3,2060.65,24484.07
5192,2022,0,2022,1,28701.99,26429.83
5192,2022,1,2023,2,11604,37115.21
5192,2022,2,2024,3,3622.06,40450.54
5193,2022,0,2022,1,11264.67,11071.4
5193,2022,1,2023,2,3922.61,14926.71
5193,2022,2,2024,3,3037.83,17912.42
5195,2022,0,2022,1,9166.16,8778.98
5195,2022,1,2023,2,3433.16,12067.13
5195,2022,2,2024,3,1943.51,13928.54
5196,2022,0,2022,1,18087.64,16898.12
5196,2022,1,2023,2,8782.49,25103.03
5196,2022,2,2024,3,2378,27324.64
5197,2022,0,2022,1,6107.01,5676.11
5197,2022,1,2023,2,2819.27,8296.46
5197,2022,2,2024,3,587.33,8842.34
5200,2022,0,2022,1,14771.66,14113.25
5200,2022,1,2023,2,5383.28,19256.59
5200,2022,2,2024,3,2767.06,21900.32
5201,2022,0,2022,1,18044.94,16349.35
5201,2022,1,2023,2,5031.59,20908.16
5201,2022,2,2024,3,4113.59,24635.21
5202,2022,0,2022,1,2599.61,2508.37
5202,2022,1,2023,2,1227.51,3692.8
5202,2022,2,2024,3,341.45,4022.26
5204,2022,0,2022,1,11975.03,11285.81
5204,2022,1,2023,2,5350.93,16328.77
5204,2022,2,2024,3,1306.23,17559.82
5205,2022,0,2022,1,23097.48,22753.37
5205,2022,1,2023,2,8987.47,31606.95
5205,2022,2,2024,3,4952.59,36485.76
5206,2022,0,2022,1,6997,6596.67
5206,2022,1,2023,2,3166.04,9581.57
5206,2022,2,2024,3,723.19,10263.38
5207,2022,0,2022,1,14929.32,13378.88
5207,2022,1,2023,2,5537.68,18341.45
5207,2022,2,2024,3,901.92,19149.7
5209,2022,0,2022,1,20346.83,19646.27
5209,2022,1,2023,2,6300.94,25730.27
5209,2022,2,2024,3,4542.42,30116.29
5210,2022,0,2022,1,16251.09,15654.46
5210,2022,1,2023,2,9080.38,24401.47
5210,2022,2,2024,3,1898.87,26230.62
5211,2022,0,2022,1,12090.99,11544.36
5211,2022,1,2023,2,4232.21,15585.23
5211,2022,2,2024,3,2271.56,17754.1
5212,2022,0,2022,1,2364.97,2309.33
5212,2022,1,2023,2,836,3125.67
5212,2022,2,2024,3,702.92,3812.05
5213,2022,0,2022,1,4099.72,3908.22
5213,2022,1,2023,2,1927.04,5745.25
5213,2022,2,2024,3,542.27,6262.19
5214,2022,0,2022,1,3913.12,3713.08
5214,2022,1,2023,2,1451.91,5090.77
5214,2022,2,2024,3,878.8,5924.65
5215,2022,0,2022,1,39787.43,36244.99
5215,2022,1,2023,2,18139.58,52769.53
5215,2022,2,2024,3,1259.04,53916.47
5217,2022,0,2022,1,556.1,518.88
5217,2022,1,2023,2,219.68,723.86
5217,2022,2,2024,3,71.59,790.66
5218,2022,0,2022,1,16480.08,15442.28
5218,2022,1,2023,2,6968.82,21972.25
5218,2022,2,2024,3,1434.85,23316.75
5219,2022,0,2022,1,18072.23,18072.23
5219,2022,1,2023,2,7333,25405.23
5219,2022,2,2024,3,4099.81,29505.04
5220,2022,0,2022,1,3429.51,3429.51
5220,2022,1,2023,2,1477.04,4906.55
5220,2022,2,2024,3,962,5868.55
5221,2022,0,2022,1,43027.91,39415.36
5221,2022,1,2023,2,14474.03,52674.17
5221,2022,2,2024,3,7722.81,59748.59
5223,2022,0,2022,1,103858.61,97995.4
5223,2022,1,2023,2,53249.76,148239.01
5223,2022,2,2024,3,8303.12,156073.38
5224,2022,0,2022,1,9500.96,8780.57
5224,2022,1,2023,2,3802.6,12294.85
5224,2022,2,2024,3,1221.87,13424.07
5225,2022,0,2022,1,4069.37,3827.52
5225,2022,1,2023,2,1589.19,5322.26
5225,2022,2,2024,3,592.21,5879.27
5226,2022,0,2022,1,3004.84,3004.84
5226,2022,1,2023,2,1154.38,4159.22
5226,2022,2,2024,3,620.29,4779.51
5227,2022,0,2022,1,2509.58,2372.17
5227,2022,1,2023,2,1242.21,3546.37
5227,2022,2,2024,3,353.03,3880.07
5228,2022,0,2022,1,10762.57,10289.53
5228,2022,1,2023,2,4687.3,14770.81
5228,2022,2,2024,3,700.5,15440.52
5229,2022,0,2022,1,5563.35,5289.73
5229,2022,1,2023,2,2281.67,7459.17
5229,2022,2,2024,3,905.75,8320.38
5230,2022,0,2022,1,22113.19,21692.71
5230,2022,1,2023,2,12405.41,33862.24
5230,2022,2,2024,3,4913.19,38682.01
5231,2022,0,2022,1,8910.06,7986.14
5231,2022,1,2023,2,3957.65,11533.4
5231,2022,2,2024,3,570.95,12045.15
5232,2022,0,2022,1,13847.66,13162.87
5232,2022,1,2023,2,5811.24,18686.73
5232,2022,2,2024,3,2602.23,21160.28
5233,2022,0,2022,1,22659.65,21517.54
5233,2022,1,2023,2,9980.96,30995.43
5233,2022,2,2024,3,4033.24,34825.39
5234,2022,0,2022,1,11711.11,11050.66
5234,2022,1,2023,2,3696.86,14539.03
5234,2022,2,2024,3,3606.32,17941.97
5235,2022,0,2022,1,13314.91,11800.32
5235,2022,1,2023,2,5571.09,16737.7
5235,2022,2,2024,3,21.54,16756.78
5236,2022,0,2022,1,5127.16,4922
5236,2022,1,2023,2,2153.62,6989.44
5236,2022,2,2024,3,815.4,7772.21
5237,2022,0,2022,1,22463.5,21052.79
5237,2022,1,2023,2,7916.46,28472.1
5237,2022,2,2024,3,3078.9,31357.64
5238,2022,0,2022,1,0.11,0.11
5238,2022,1,2023,2,0.05,0.15
5238,2022,2,2024,3,0.01,0.16
5239,2022,0,2022,1,10357.74,9835.27
5239,2022,1,2023,2,4277,13896.53
5239,2022,2,2024,3,2097.14,15887.89
5240,2022,0,2022,1,32898.32,29551.08
5240,2022,1,2023,2,14313.77,42408.5
5240,2022,2,2024,3,2206.24,44390.26
5241,2022,0,2022,1,4025.57,4025.57
5241,2022,1,2023,2,1478.61,5504.18
5241,2022,2,2024,3,1215.67,6719.85
5242,2022,0,2022,1,14882.79,14154.36
5242,2022,1,2023,2,6633.19,20462.89
5242,2022,2,2024,3,3074.85,23387.24
5243,2022,0,2022,1,11302.62,10418.86
5243,2022,1,2023,2,5295.17,15300.01
5243,2022,2,2024,3,702.25,15947.35
5244,2022,0,2022,1,12830.09,12446.94
5244,2022,1,2023,2,5206.26,17497.72
5244,2022,2,2024,3,3258.66,20659.06
5245,2022,0,2022,1,6892.55,6488.96
5245,2022,1,2023,2,3257.01,9555.26
5245,2022,2,2024,3,906.53,10408.71
5246,2022,0,2022,1,11485.35,11224.41
5246,2022,1,2023,2,4449.29,15572.61
5246,2022,2,2024,3,3592.19,19083.19
5247,2022,0,2022,1,15070.34,14825.31
5247,2022,1,2023,2,5988.15,20716.1
5247,2022,2,2024,3,3870.31,24523.48
5248,2022,0,2022,1,5902.29,5540.02
5248,2022,1,2023,2,3088.2,8438.67
5248,2022,2,2024,3,743.49,9136.52
5249,2022,0,2022,1,5181,4718.98
5249,2022,1,2023,2,2066.25,6600.97
5249,2022,2,2024,3,740.57,7275.5
5251,2022,0,2022,1,5829.81,5535.61
5251,2022,1,2023,2,2249.66,7671.74
5251,2022,2,2024,3,697.19,8333.75
5252,2022,0,2022,1,13304.71,12370.58
5252,2022,1,2023,2,5130.56,17140.92
5252,2022,2,2024,3,1915.73,18922.14
5253,2022,0,2022,1,3418,3167.6
5253,2022,1,2023,2,1583.49,4635.09
5253,2022,2,2024,3,527.64,5124.07
5254,2022,0,2022,1,88241.16,84546.75
5254,2022,1,2023,2,36947.88,119947.73
5254,2022,2,2024,3,17825.67,137027.09
5255,2022,0,2022,1,60551.51,60406.14
5255,2022,1,2023,2,22576.9,82928.83
5255,2022,2,2024,3,17259.63,100147.03
5256,2022,0,2022,1,27698.75,26669.71
5256,2022,1,2023,2,13366.55,39539.67
5256,2022,2,2024,3,4889.81,44247.81
5257,2022,0,2022,1,34524.79,33419.9
5257,2022,1,2023,2,15944.85,48854.47
5257,2022,2,2024,3,6783.82,55421.19
5258,2022,0,2022,1,48452.94,44466.36
5258,2022,1,2023,2,21415.94,64120.26
5258,2022,2,2024,3,5227.77,68917.91
5259,2022,0,2022,1,3585.69,3256.43
5259,2022,1,2023,2,1397.87,4525.94
5259,2022,2,2024,3,317.28,4814.08
5260,2022,0,2022,1,12142.65,11869.64
5260,2022,1,2023,2,6113.85,17846.03
5260,2022,2,2024,3,1346.29,19162.05
5262,2022,0,2022,1,34865.9,31826.02
5262,2022,1,2023,2,15435.14,45915.4
5262,2022,2,2024,3,3570.73,49174.8
5263,2022,0,2022,1,23704.33,22964.9
5263,2022,1,2023,2,10712.28,33343.02
5263,2022,2,2024,3,3834.81,37058.21
5266,2022,0,2022,1,571.39,556.3
5266,2022,1,2023,2,197.31,748.39
5266,2022,2,2024,3,140.46,885.14
5267,2022,0,2022,1,21638.46,20438.4
5267,2022,1,2023,2,7930.16,27928.76
5267,2022,2,2024,3,4515.1,32193.46
5268,2022,0,2022,1,14546.69,13587.75
5268,2022,1,2023,2,5999.23,19191.51
5268,2022,2,2024,3,2128.25,21179.47
5270,2022,0,2022,1,21304.99,20005.22
5270,2022,1,2023,2,8749.55,28220.98
5270,2022,2,2024,3,3356.01,31372.25
5271,2022,0,2022,1,9359.01,8834.57
5271,2022,1,2023,2,3708.05,12334.84
5271,2022,2,2024,3,1089.41,13363.21
5272,2022,0,2022,1,9777.27,9104.05
5272,2022,1,2023,2,3732.71,12579.74
5272,2022,2,2024,3,1137.07,13638.52
5273,2022,0,2022,1,82580.7,78265.9
5273,2022,1,2023,2,36722.59,113069.75
5273,2022,2,2024,3,14490.33,126802.97
5275,2022,0,2022,1,5878.72,5493.2
5275,2022,1,2023,2,3023.8,8318.7
5275,2022,2,2024,3,937.77,9194.98
5276,2022,0,2022,1,4537.03,4435.95
5276,2022,1,2023,2,1353.31,5759.11
5276,2022,2,2024,3,1303.94,7034
5277,2022,0,2022,1,1876.1,1766.96
5277,2022,1,2023,2,687.26,2414.24
5277,2022,2,2024,3,362.98,2756.1
5278,2022,0,2022,1,6677.07,6340.59
5278,2022,1,2023,2,2557.3,8769.02
5278,2022,2,2024,3,1149.17,9860.28
5279,2022,0,2022,1,11707.06,11614.01
5279,2022,1,2023,2,4737.71,16314.06
5279,2022,2,2024,3,3250.62,19538.85
5281,2022,0,2022,1,13620.39,12479.98
5281,2022,1,2023,2,4812.93,16889.93
5281,2022,2,2024,3,1940.87,18668.29
5283,2022,0,2022,1,92572.99,87248.78
5283,2022,1,2023,2,33538.99,118858.81
5283,2022,2,2024,3,15446.86,133417.27
5284,2022,0,2022,1,22355.47,21387.83
5284,2022,1,2023,2,11285.21,32184.57
5284,2022,2,2024,3,2325.81,34409.71
5285,2022,0,2022,1,4194.27,4122.56
5285,2022,1,2023,2,1765.73,5858.09
5285,2022,2,2024,3,896.73,6739.49
5286,2022,0,2022,1,10286.52,9526.15
5286,2022,1,2023,2,4669.1,13850.12
5286,2022,2,2024,3,1278.28,15033.9
5287,2022,0,2022,1,8001.52,7875.86
5287,2022,1,2023,2,4009.33,11822.24
5287,2022,2,2024,3,1744.81,13539.65
5288,2022,0,2022,1,6615.34,6391.36
5288,2022,1,2023,2,2419.73,8729.17
5288,2022,2,2024,3,1650.92,10324.19
5290,2022,0,2022,1,8145.19,8057.38
5290,2022,1,2023,2,3341.62,11362.98
5290,2022,2,2024,3,2152,13491.78
5291,2022,0,2022,1,4384.05,3961.42
5291,2022,1,2023,2,1923.75,5699.71
5291,2022,2,2024,3,336.91,6004.14
5292,2022,0,2022,1,43496.27,40082.82
5292,2022,1,2023,2,14884.06,53798.83
5292,2022,2,2024,3,3906.99,57399.22
5293,2022,0,2022,1,15320.02,14435.09
5293,2022,1,2023,2,5182.21,19317.96
5293,2022,2,2024,3,2925.97,22074.92
5294,2022,0,2022,1,6698.29,6298.71
5294,2022,1,2023,2,2770.48,8903.92
5294,2022,2,2024,3,1140.77,9976.65
5296,2022,0,2022,1,2518.29,2384.65
5296,2022,1,2023,2,871.41,3209.82
5296,2022,2,2024,3,358.95,3549.73
5297,2022,0,2022,1,3427.26,3094.9
5297,2022,1,2023,2,1543.83,4489.01
5297,2022,2,2024,3,352.72,4807.52
5298,2022,0,2022,1,9689.9,9012.32
5298,2022,1,2023,2,4369.69,13076.45
5298,2022,2,2024,3,565.67,13602.57
5299,2022,0,2022,1,19112.36,18521.97
5299,2022,1,2023,2,11839.84,29996.07
5299,2022,2,2024,3,1644.82,31590.09
5300,2022,0,2022,1,13063.43,11868.87
5300,2022,1,2023,2,6317.58,17608.76
5300,2022,2,2024,3,693.46,18238.8
5301,2022,0,2022,1,7516.33,6940.21
5301,2022,1,2023,2,3335.15,10019.73
5301,2022,2,2024,3,346.72,10339.87
5302,2022,0,2022,1,7392.35,7012.84
5302,2022,1,2023,2,3060.53,9916.25
5302,2022,2,2024,3,1056.91,10918.9
5303,2022,0,2022,1,25896.77,25059.12
5303,2022,1,2023,2,11510.45,36197.26
5303,2022,2,2024,3,4550.3,40600.38
5307,2022,0,2022,1,10962.02,10675.21
5307,2022,1,2023,2,4412.63,14972.39
5307,2022,2,2024,3,2346.03,17257.04
5308,2022,0,2022,1,9464.74,8967.62
5308,2022,1,2023,2,3535,12316.95
5308,2022,2,2024,3,1229.53,13481.91
5311,2022,0,2022,1,2570.15,2480.61
5311,2022,1,2023,2,998.97,3444.78
5311,2022,2,2024,3,514.16,3941.03
5313,2022,0,2022,1,12209.22,11575.27
5313,2022,1,2023,2,4496.9,15838.67
5313,2022,2,2024,3,2323.34,18041.38
5316,2022,0,2022,1,9507.05,8782.98
5316,2022,1,2023,2,4590.23,13023.62
5316,2022,2,2024,3,817.37,13778.74
5318,2022,0,2022,1,15657.97,15312.27
5318,2022,1,2023,2,6165.44,21341.59
5318,2022,2,2024,3,3564.46,24827.36
5319,2022,0,2022,1,4369.24,4144.21
5319,2022,1,2023,2,1520.94,5586.81
5319,2022,2,2024,3,669.48,6221.81
5322,2022,0,2022,1,7213.71,6963.33
5322,2022,1,2023,2,2010.6,8904.14
5322,2022,2,2024,3,2064.02,10896.52
5323,2022,0,2022,1,6354.05,6079.72
5323,2022,1,2023,2,2568.23,8537.07
5323,2022,2,2024,3,1012.67,9506.02
5324,2022,0,2022,1,310.81,290.08
5324,2022,1,2023,2,143.52,424.03
5324,2022,2,2024,3,53.24,473.72
5325,2022,0,2022,1,20909.67,19404.04
5325,2022,1,2023,2,7314.29,26191.66
5325,2022,2,2024,3,2323.28,28347.64
5326,2022,0,2022,1,8305.12,7911.81
5326,2022,1,2023,2,3284.64,11040.89
5326,2022,2,2024,3,1929.24,12878.77
5328,2022,0,2022,1,11828.35,11100.61
5328,2022,1,2023,2,4217.17,15058.31
5328,2022,2,2024,3,1855.86,16799.99
5329,2022,0,2022,1,5516.3,4927.45
5329,2022,1,2023,2,2861.51,7483.51
5329,2022,2,2024,3,278.71,7732.47
5330,2022,0,2022,1,5628.25,5300.82
5330,2022,1,2023,2,2591.84,7741.87
5330,2022,2,2024,3,641.9,8346.43
5331,2022,0,2022,1,8619.78,8322.34
5331,2022,1,2023,2,2826.1,11050.93
5331,2022,2,2024,3,1888.77,12874.53
5332,2022,0,2022,1,5908.98,5688.19
5332,2022,1,2023,2,2613.47,8204.01
5332,2022,2,2024,3,1088.2,9251.55
5333,2022,0,2022,1,4935.74,4358.54
5333,2022,1,2023,2,2340.08,6424.96
5333,2022,2,2024,3,293.34,6684
5335,2022,0,2022,1,12413.56,12078.58
5335,2022,1,2023,2,6135.4,18048.42
5335,2022,2,2024,3,2308.99,20295.1
5336,2022,0,2022,1,12689.51,12619.23
5336,2022,1,2023,2,5239.55,17829.76
5336,2022,2,2024,3,1925.19,19744.28
5337,2022,0,2022,1,14915.53,14915.53
5337,2022,1,2023,2,6194.56,21110.09
5337,2022,2,2024,3,3745.37,24855.46
5339,2022,0,2022,1,3780.38,3535.52
5339,2022,1,2023,2,1203.22,4660.8
5339,2022,2,2024,3,729.74,5343.27
5341,2022,0,2022,1,9684.17,9159.59
5341,2022,1,2023,2,5271.23,14145.28
5341,2022,2,2024,3,1125.76,15210.05
5342,2022,0,2022,1,10702.16,10702.16
5342,2022,1,2023,2,4211.92,14914.08
5342,2022,2,2024,3,3114.82,18028.9
5343,2022,0,2022,1,16380.38,15529.74
5343,2022,1,2023,2,6784.36,21961.78
5343,2022,2,2024,3,2574.77,24402.84
5344,2022,0,2022,1,10187,9531.43
5344,2022,1,2023,2,5262.84,14455.58
5344,2022,2,2024,3,1030.81,15420.06
5345,2022,0,2022,1,6546.31,6273.2
5345,2022,1,2023,2,2773.76,8931.25
5345,2022,2,2024,3,985.64,9875.77
5346,2022,0,2022,1,13569.27,12923.01
5346,2022,1,2023,2,4893.92,17583.85
5346,2022,2,2024,3,2211.94,19690.44
5347,2022,0,2022,1,1945.19,1844.63
5347,2022,1,2023,2,702.74,2511.05
5347,2022,2,2024,3,425.93,2914.96
5348,2022,0,2022,1,159019.84,156110.08
5348,2022,1,2023,2,78991.06,233655.75
5348,2022,2,2024,3,33657.04,266696.93
5349,2022,0,2022,1,10859.72,9980.05
5349,2022,1,2023,2,4806.73,14397.42
5349,2022,2,2024,3,1236.99,15534.21
5350,2022,0,2022,1,11256.89,10610.97
5350,2022,1,2023,2,5391.99,15693.56
5350,2022,2,2024,3,1761.96,17354.42
5351,2022,0,2022,1,6935.07,6247.04
5351,2022,1,2023,2,2646.52,8631
5351,2022,2,2024,3,818.89,9368.65
5352,2022,0,2022,1,4819.03,4540.39
5352,2022,1,2023,2,1880.41,6312.08
5352,2022,2,2024,3,922.24,7181
5355,2022,0,2022,1,22426.15,20304.32
5355,2022,1,2023,2,7693.79,27270.17
5355,2022,2,2024,3,3654.67,30579.06
5356,2022,0,2022,1,17529.44,16885.86
5356,2022,1,2023,2,8906.95,25465.81
5356,2022,2,2024,3,3078.01,28430.81
5358,2022,0,2022,1,28203.65,27071.88
5358,2022,1,2023,2,11158.78,37782.87
5358,2022,2,2024,3,5933.84,43478.59
5360,2022,0,2022,1,833.77,799.88
5360,2022,1,2023,2,395.42,1179.23
5360,2022,2,2024,3,86.11,1261.84
5361,2022,0,2022,1,8598.63,8505.73
5361,2022,1,2023,2,3083.94,11556.35
5361,2022,2,2024,3,2626.53,14154.51
5362,2022,0,2022,1,10738.27,9494.38
5362,2022,1,2023,2,4429.7,13410.95
5362,2022,2,2024,3,872.8,14182.65
5363,2022,0,2022,1,9378.81,8649.45
5363,2022,1,2023,2,5412.81,13641.32
5363,2022,2,2024,3,257.94,13879.2
5364,2022,0,2022,1,12825.94,11998.76
5364,2022,1,2023,2,4823.47,16511.15
5364,2022,2,2024,3,2162.57,18534.25
5365,2022,0,2022,1,7613.82,7341.39
5365,2022,1,2023,2,3587.49,10800.51
5365,2022,2,2024,3,1475.26,12222.99
5366,2022,0,2022,1,9934.06,9105.58
5366,2022,1,2023,2,3113.47,11959.4
5366,2022,2,2024,3,1300.86,13151.77
5367,2022,0,2022,1,12728.47,12194.23
5367,2022,1,2023,2,5495.84,17459.4
5367,2022,2,2024,3,1312.83,18717.13
5368,2022,0,2022,1,12222.46,11737.6
5368,2022,1,2023,2,4753.86,16302.88
5368,2022,2,2024,3,2121.13,18339.86
5369,2022,0,2022,1,35733.65,34600.2
5369,2022,1,2023,2,17474.05,51519.98
5369,2022,2,2024,3,6983.25,58281.72
5370,2022,0,2022,1,543.52,515.79
5370,2022,1,2023,2,144.87,653.28
5370,2022,2,2024,3,141.58,787.63
5371,2022,0,2022,1,122822.41,116868.61
5371,2022,1,2023,2,67310.56,180916.31
5371,2022,2,2024,3,14983.23,195173.23
5372,2022,0,2022,1,7651.08,7249.86
5372,2022,1,2023,2,3165.78,10249.62
5372,2022,2,2024,3,1488.82,11660.37
5373,2022,0,2022,1,20148.03,19312.18
5373,2022,1,2023,2,9609.04,28522.58
5373,2022,2,2024,3,4220.5,32568
5374,2022,0,2022,1,9483.94,9483.94
5374,2022,1,2023,2,3740.09,13224.03
5374,2022,2,2024,3,2709.78,15933.81
5376,2022,0,2022,1,68430.87,66187.45
5376,2022,1,2023,2,31921.49,97062.43
5376,2022,2,2024,3,10395.69,107117.32
5377,2022,0,2022,1,27820.9,26831.49
5377,2022,1,2023,2,12190.69,38588.63
5377,2022,2,2024,3,5795.22,44177.75
5378,2022,0,2022,1,1621.83,1431.81
5378,2022,1,2023,2,715.8,2063.75
5378,2022,2,2024,3,180.43,2223.03
5379,2022,0,2022,1,3023.99,2981.41
5379,2022,1,2023,2,1137.25,4102.65
5379,2022,2,2024,3,903.38,4993.31
5380,2022,0,2022,1,16777.16,15739.56
5380,2022,1,2023,2,9078.04,24256.16
5380,2022,2,2024,3,2221.77,26340.52
5381,2022,0,2022,1,7526.07,7150.06
5381,2022,1,2023,2,2135.65,9179.01
5381,2022,2,2024,3,1836.52,10923.77
5382,2022,0,2022,1,12111.82,11185.05
5382,2022,1,2023,2,4861.99,15675.01
5382,2022,2,2024,3,1559.32,17115.01
5385,2022,0,2022,1,7678.06,7139.05
5385,2022,1,2023,2,3828.52,10698.8
5385,2022,2,2024,3,727.65,11375.37
5386,2022,0,2022,1,2976.96,2860.4
5386,2022,1,2023,2,1285.32,4095.4
5386,2022,2,2024,3,719.99,4787.19
5387,2022,0,2022,1,32446.91,29597.44
5387,2022,1,2023,2,13116.44,41562
5387,2022,2,2024,3,2787.47,44104.68
5388,2022,0,2022,1,6314.72,6112.73
5388,2022,1,2023,2,2088.03,8133.97
5388,2022,2,2024,3,1548.72,9633.14
5389,2022,0,2022,1,11671.75,10772.71
5389,2022,1,2023,2,5302.42,15666.7
5389,2022,2,2024,3,891,16489.06
5390,2022,0,2022,1,6407.52,5929.36
5390,2022,1,2023,2,3134.4,8829.86
5390,2022,2,2024,3,333.99,9138.92
5391,2022,0,2022,1,8196.31,7844.9
5391,2022,1,2023,2,3593.62,11284.45
5391,2022,2,2024,3,1004.06,12245.47
5393,2022,0,2022,1,1718.18,1568.13
5393,2022,1,2023,2,825.47,2321.52
5393,2022,2,2024,3,129.98,2440.15
5395,2022,0,2022,1,9005.49,8447.92
5395,2022,1,2023,2,3691.3,11910.67
5395,2022,2,2024,3,1223.16,13058.1
5396,2022,0,2022,1,2203.4,2078
5396,2022,1,2023,2,793.5,2826.34
5396,2022,2,2024,3,367.57,3172.99
5397,2022,0,2022,1,13443.95,13443.95
5397,2022,1,2023,2,5854.8,19298.75
5397,2022,2,2024,3,3862.42,23161.17
5398,2022,0,2022,1,4450.22,4444.9
5398,2022,1,2023,2,1577.94,6020.96
5398,2022,2,2024,3,1290.69,7310.1
5399,2022,0,2022,1,23690.83,22934.56
5399,2022,1,2023,2,11506.78,34074.01
5399,2022,2,2024,3,3028.23,37005.57
5400,2022,0,2022,1,27017.1,24664.51
5400,2022,1,2023,2,14578.45,37973.5
5400,2022,2,2024,3,1710.55,39535.1
5401,2022,0,2022,1,3800.33,3620.98
5401,2022,1,2023,2,2033.38,5558.39
5401,2022,2,2024,3,403.89,5943.22
5402,2022,0,2022,1,1232.11,1131.92
5402,2022,1,2023,2,472.16,1565.69
5402,2022,2,2024,3,187.3,1737.76
5403,2022,0,2022,1,3849.52,3727.56
5403,2022,1,2023,2,1397.15,5080.44
5403,2022,2,2024,3,1002.05,6050.74
5404,2022,0,2022,1,34530.9,32105.5
5404,2022,1,2023,2,12513.12,43739.71
5404,2022,2,2024,3,5879.94,49206.65
5405,2022,0,2022,1,19905.81,18395.26
5405,2022,1,2023,2,9504.5,27178.51
5405,2022,2,2024,3,2798.17,29764.34
5406,2022,0,2022,1,1555.21,1487.32
5406,2022,1,2023,2,855.25,2305.23
5406,2022,2,2024,3,130.32,2429.86
5407,2022,0,2022,1,6685.06,6155.9
5407,2022,1,2023,2,2692.98,8635.71
5407,2022,2,2024,3,481.28,9078.89
5408,2022,0,2022,1,33115.12,31328.46
5408,2022,1,2023,2,14526.77,45071.48
5408,2022,2,2024,3,2521.29,47456.74
5409,2022,0,2022,1,11967.82,11550.17
5409,2022,1,2023,2,4815.67,16197.79
5409,2022,2,2024,3,2642.25,18747.84
5410,2022,0,2022,1,79273.64,77754.99
5410,2022,1,2023,2,41750.7,118705.87
5410,2022,2,2024,3,19744.56,138072.19
5411,2022,0,2022,1,10226.44,9897.8
5411,2022,1,2023,2,4443.09,14198.1
5411,2022,2,2024,3,2022,16155.12
5412,2022,0,2022,1,8993.15,8315.28
5412,2022,1,2023,2,3696.49,11733.14
5412,2022,2,2024,3,1134,12781.67
5413,2022,0,2022,1,6700.12,6433.87
5413,2022,1,2023,2,2956.18,9272.57
5413,2022,2,2024,3,960.22,10194.64
5414,2022,0,2022,1,10445.72,10445.72
5414,2022,1,2023,2,4555.22,15000.94
5414,2022,2,2024,3,2906.93,17907.87
5415,2022,0,2022,1,25166.48,24497.62
5415,2022,1,2023,2,11881.56,36063.4
5415,2022,2,2024,3,4770.8,40707.4
5419,2022,0,2022,1,22648.54,21788.59
5419,2022,1,2023,2,6297.84,27847.3
5419,2022,2,2024,3,5796.47,33423.69
5421,2022,0,2022,1,21166.25,19529.95
5421,2022,1,2023,2,8234.85,27128.19
5421,2022,2,2024,3,2384.43,29328.29
5422,2022,0,2022,1,16848.18,16848.18
5422,2022,1,2023,2,7887.63,24735.81
5422,2022,2,2024,3,4455.7,29191.51
5423,2022,0,2022,1,8540.03,7638.28
5423,2022,1,2023,2,3972.42,11191.25
5423,2022,2,2024,3,187.61,11359.06
5424,2022,0,2022,1,7931.63,7104.35
5424,2022,1,2023,2,2997.85,9789.52
5424,2022,2,2024,3,787.35,10494.75
5425,2022,0,2022,1,15447.14,14427.1
5425,2022,1,2023,2,7953.83,21855.7
5425,2022,2,2024,3,2486.92,24178.4
5426,2022,0,2022,1,6887.92,6887.92
5426,2022,1,2023,2,2723.28,9611.2
5426,2022,2,2024,3,2403,12014.2
5427,2022,0,2022,1,3180.11,3082.94
5427,2022,1,2023,2,1301.63,4344.79
5427,2022,2,2024,3,673.33,4997.54
5428,2022,0,2022,1,10565.51,10192.9
5428,2022,1,2023,2,5349.57,15353.81
5428,2022,2,2024,3,1756.13,17048.01
5429,2022,0,2022,1,3709.19,3562.2
5429,2022,1,2023,2,1563.64,5063.88
5429,2022,2,2024,3,710.14,5745.88
5430,2022,0,2022,1,19136.23,18502.28
5430,2022,1,2023,2,7615.4,25865.4
5430,2022,2,2024,3,4227.9,29953.24
5431,2022,0,2022,1,14278.24,13104.93
5431,2022,1,2023,2,6726.63,19278.8
5431,2022,2,2024,3,1184.79,20366.24
5432,2022,0,2022,1,1730.57,1665.43
5432,2022,1,2023,2,599.63,2242.49
5432,2022,2,2024,3,332.01,2562
5433,2022,0,2022,1,90220.99,85908.61
5433,2022,1,2023,2,32406.16,116765.82
5433,2022,2,2024,3,16284.63,132272.08
5434,2022,0,2022,1,42216.56,40986.29
5434,2022,1,2023,2,18068.26,58528
5434,2022,2,2024,3,8087.31,66379.64
5435,2022,0,2022,1,8160.91,7360.63
5435,2022,1,2023,2,3645.19,10648.35
5435,2022,2,2024,3,439.42,11044.68
5436,2022,0,2022,1,4256.26,3987.47
5436,2022,1,2023,2,1832.55,5704.3
5436,2022,2,2024,3,991.19,6632.89
5438,2022,0,2022,1,10076.6,9470.45
5438,2022,1,2023,2,3370.06,12637.8
5438,2022,2,2024,3,1889.44,14413.58
5439,2022,0,2022,1,15984.76,14990.9
5439,2022,1,2023,2,6055.43,20669.83
5439,2022,2,2024,3,2516.75,23030.09
5440,2022,0,2022,1,6221.08,5563.16
5440,2022,1,2023,2,2517.52,7814.44
5440,2022,2,2024,3,383.79,8157.63
5441,2022,0,2022,1,497.73,485.17
5441,2022,1,2023,2,255.24,733.97
5441,2022,2,2024,3,45.53,778.34
5442,2022,0,2022,1,30583.98,28116.57
5442,2022,1,2023,2,10005.96,37315.29
5442,2022,2,2024,3,4723.87,41658.05
5443,2022,0,2022,1,12885.44,11521.39
5443,2022,1,2023,2,5256.45,16221.39
5443,2022,2,2024,3,986.3,17103.28
5444,2022,0,2022,1,36300.46,33359.96
5444,2022,1,2023,2,14360.01,46556.75
5444,2022,2,2024,3,4212.17,50427.71
5445,2022,0,2022,1,8663.92,8363.74
5445,2022,1,2023,2,3744.85,11978.84
5445,2022,2,2024,3,1347.24,13279.4
5446,2022,0,2022,1,10725.01,9560.16
5446,2022,1,2023,2,4283.54,13378.46
5446,2022,2,2024,3,1362.4,14592.89
5447,2022,0,2022,1,1227.03,1193.36
5447,2022,1,2023,2,510.06,1689.43
5447,2022,2,2024,3,289.09,1970.59
5448,2022,0,2022,1,11862.92,11545.3
5448,2022,1,2023,2,5914.41,17301.36
5448,2022,2,2024,3,1631.63,18889.3
5449,2022,0,2022,1,3184.04,3001.46
5449,2022,1,2023,2,1330.37,4255.54
5449,2022,2,2024,3,410.98,4642.96
5450,2022,0,2022,1,15858.38,15635.28
5450,2022,1,2023,2,7807.23,23332.68
5450,2022,2,2024,3,2663.75,25958.95
5451,2022,0,2022,1,14919.75,14142.55
5451,2022,1,2023,2,6630.48,20427.63
5451,2022,2,2024,3,3043.46,23312.56
5452,2022,0,2022,1,9074.22,8398.42
5452,2022,1,2023,2,3877.51,11987.15
5452,2022,2,2024,3,922.31,12840.77
5453,2022,0,2022,1,6617.41,6398.52
5453,2022,1,2023,2,2828.02,9133
5453,2022,2,2024,3,1363.34,10451.25
5454,2022,0,2022,1,2167.91,2003.07
5454,2022,1,2023,2,871.22,2808.05
5454,2022,2,2024,3,253.08,3041.89
5455,2022,0,2022,1,2019.14,1892.62
5455,2022,1,2023,2,930.9,2765.19
5455,2022,2,2024,3,166.45,2921.21
5456,2022,0,2022,1,25518.76,24104.92
5456,2022,1,2023,2,8659.44,32284.58
5456,2022,2,2024,3,4368.81,36411.34
5457,2022,0,2022,1,1390.38,1375.85
5457,2022,1,2023,2,685.91,2054.6
5457,2022,2,2024,3,321.44,2372.68
5458,2022,0,2022,1,8364.38,8141.2
5458,2022,1,2023,2,3359.49,11411.05
5458,2022,2,2024,3,2056.15,13412.34
5459,2022,0,2022,1,17751.81,17206.04
5459,2022,1,2023,2,8865.96,25799.43
5459,2022,2,2024,3,2749.47,28464.37
5462,2022,0,2022,1,5178.61,4962.67
5462,2022,1,2023,2,1897.75,6781.3
5462,2022,2,2024,3,1223.17,7953.47
5464,2022,0,2022,1,28588.88,25395.86
5464,2022,1,2023,2,12271.3,36296.62
5464,2022,2,2024,3,2151.76,38208.06
5465,2022,0,2022,1,17319.39,16368.31
5465,2022,1,2023,2,6649.75,22652.89
5465,2022,2,2024,3,3193.25,25670.79
5468,2022,0,2022,1,697.56,652.91
5468,2022,1,2023,2,319.28,951.76
5468,2022,2,2024,3,80.41,1027.02
5469,2022,0,2022,1,29405.49,28508.47
5469,2022,1,2023,2,9988.41,38192.18
5469,2022,2,2024,3,6967.59,44947.21
5471,2022,0,2022,1,75733.19,72065.03
5471,2022,1,2023,2,28466.09,99152.35
5471,2022,2,2024,3,18870.99,117109.32
5473,2022,0,2022,1,8532.05,8021.08
5473,2022,1,2023,2,3242.78,11069.65
5473,2022,2,2024,3,1567.61,12543.38
5474,2022,0,2022,1,2179.1,2060.58
5474,2022,1,2023,2,976.55,2984.02
5474,2022,2,2024,3,460.34,3419.32
5476,2022,0,2022,1,9496.53,8919.18
5476,2022,1,2023,2,4930.82,13550.22
5476,2022,2,2024,3,1204.13,14681.15
5477,2022,0,2022,1,10185.92,9243.57
5477,2022,1,2023,2,4824.03,13621.3
5477,2022,2,2024,3,178.79,13783.55
5478,2022,0,2022,1,21179.66,20173.44
5478,2022,1,2023,2,7523.15,27339.18
5478,2022,2,2024,3,3750.55,30911.54
5479,2022,0,2022,1,6548.45,6111.82
5479,2022,1,2023,2,2071.71,8045.39
5479,2022,2,2024,3,1390.22,9342.91
5480,2022,0,2022,1,5248.88,4851.16
5480,2022,1,2023,2,2028.77,6726.21
5480,2022,2,2024,3,902.74,7560.55
5481,2022,0,2022,1,13473.42,12460.35
5481,2022,1,2023,2,5574.69,17615.87
5481,2022,2,2024,3,1344.5,18859.28
5482,2022,0,2022,1,93000.47,86002.44
5482,2022,1,2023,2,47447.31,129879.48
5482,2022,2,2024,3,10386.77,139484.68
5484,2022,0,2022,1,6114.19,5754.17
5484,2022,1,2023,2,2254.18,7875.63
5484,2022,2,2024,3,1764.64,9536.36
5485,2022,0,2022,1,29274.03,27265.04
5485,2022,1,2023,2,15945.3,42116.06
5485,2022,2,2024,3,4262.69,46086.21
5486,2022,0,2022,1,10552.61,10004.1
5486,2022,1,2023,2,3536.01,13356.3
5486,2022,2,2024,3,1911.32,15168.27
5487,2022,0,2022,1,6528.12,6120.58
5487,2022,1,2023,2,2464.27,8431.01
5487,2022,2,2024,3,1654.46,9982.18
5488,2022,0,2022,1,25111.06,23940.02
5488,2022,1,2023,2,10787.69,34224.63
5488,2022,2,2024,3,4640.73,38648.95
5489,2022,0,2022,1,18036.44,17519.94
5489,2022,1,2023,2,6588.71,23919.97
5489,2022,2,2024,3,3720.8,27534.22
5490,2022,0,2022,1,16682.71,15248.56
5490,2022,1,2023,2,8029.96,22588.22
5490,2022,2,2024,3,1365.68,23836.5
5491,2022,0,2022,1,14476.68,13612.7
5491,2022,1,2023,2,5375.07,18666.97
5491,2022,2,2024,3,2489.66,21008.05
5492,2022,0,2022,1,13279.01,12590.63
5492,2022,1,2023,2,5049.95,17378.79
5492,2022,2,2024,3,2424.27,19677.39
5493,2022,0,2022,1,14660.5,14237.88
5493,2022,1,2023,2,7236.67,21265.94
5493,2022,2,2024,3,2328.41,23527.23
5494,2022,0,2022,1,6428.86,6178.53
5494,2022,1,2023,2,2844,8911.8
5494,2022,2,2024,3,1258.46,10121.26
5495,2022,0,2022,1,1966.66,1966.66
5495,2022,1,2023,2,791.21,2757.87
5495,2022,2,2024,3,528.12,3285.99
5496,2022,0,2022,1,10590.39,10019.83
5496,2022,1,2023,2,3426,13261.26
5496,2022,2,2024,3,2322.91,15459.03
5497,2022,0,2022,1,2796.01,2734.31
5497,2022,1,2023,2,1400.63,4104.03
5497,2022,2,2024,3,501.55,4594.52
5498,2022,0,2022,1,15678.3,13888.34
5498,2022,1,2023,2,6090.98,19283.92
5498,2022,2,2024,3,1014.04,20182.19
5499,2022,0,2022,1,7870.02,7263.41
5499,2022,1,2023,2,3258.06,10270.34
5499,2022,2,2024,3,1139.68,11322.18
5500,2022,0,2022,1,19209.84,17684.43
5500,2022,1,2023,2,7378.04,24476.59
5500,2022,2,2024,3,2379.35,26667
5501,2022,0,2022,1,12566.1,11442.61
5501,2022,1,2023,2,5148.17,16130.5
5501,2022,2,2024,3,1437.73,17439.69
5502,2022,0,2022,1,19846.38,18997.61
5502,2022,1,2023,2,6002.88,24743.76
5502,2022,2,2024,3,4076.89,28646.3
5503,2022,0,2022,1,12005.21,11233.62
5503,2022,1,2023,2,5356.27,16245.64
5503,2022,2,2024,3,1798.15,17928.22
5505,2022,0,2022,1,3717.55,3607.86
5505,2022,1,2023,2,1314.11,4883.2
5505,2022,2,2024,3,730.49,5592.14
5506,2022,0,2022,1,31589.19,30405.13
5506,2022,1,2023,2,15686.73,45503.87
5506,2022,2,2024,3,4695.53,50023.4
5507,2022,0,2022,1,12341.61,11804.05
5507,2022,1,2023,2,4632.72,16234.98
5507,2022,2,2024,3,2681.14,18799.34
5508,2022,0,2022,1,15723.7,14546.14
5508,2022,1,2023,2,5337.6,19484
5508,2022,2,2024,3,2432.74,21734.55
5509,2022,0,2022,1,8877.02,8595.09
5509,2022,1,2023,2,4367.93,12824.29
5509,2022,2,2024,3,1318.16,14100.59
5510,2022,0,2022,1,2423.24,2402.41
5510,2022,1,2023,2,1278.82,3670.23
5510,2022,2,2024,3,487.7,4153.73
5512,2022,0,2022,1,5922.63,5485.42
5512,2022,1,2023,2,3454.23,8684.66
5512,2022,2,2024,3,455.96,9106.96
5513,2022,0,2022,1,9797.81,9066.4
5513,2022,1,2023,2,4733.77,13446.78
5513,2022,2,2024,3,582.65,13985.94
5514,2022,0,2022,1,7085.56,6960.15
5514,2022,1,2023,2,3203.08,10106.54
5514,2022,2,2024,3,1710.47,11786.73
5516,2022,0,2022,1,10573.17,9710.93
5516,2022,1,2023,2,5584.43,14839.95
5516,2022,2,2024,3,163.54,14990.15
5517,2022,0,2022,1,22972.74,21199.67
5517,2022,1,2023,2,9174.17,29665.77
5517,2022,2,2024,3,3184.46,32604.45
5518,2022,0,2022,1,19294.9,18667.69
5518,2022,1,2023,2,10020.95,28362.9
5518,2022,2,2024,3,3524.29,31772.62
5519,2022,0,2022,1,2805.02,2637.04
5519,2022,1,2023,2,1296.93,3856.3
5519,2022,2,2024,3,347.18,4182.69
5521,2022,0,2022,1,24822.69,23160.88
5521,2022,1,2023,2,10881.84,33314.21
5521,2022,2,2024,3,4482.6,37496.71
5523,2022,0,2022,1,17155.7,16106.35
5523,2022,1,2023,2,8370.54,23964.89
5523,2022,2,2024,3,1510.58,25383.07
5524,2022,0,2022,1,3199.26,3199.26
5524,2022,1,2023,2,1318.27,4517.53
5524,2022,2,2024,3,619.68,5137.21
5526,2022,0,2022,1,4447.63,4390.82
5526,2022,1,2023,2,1956.74,6322.57
5526,2022,2,2024,3,733.84,7047.04
5530,2022,0,2022,1,12044.63,11997.07
5530,2022,1,2023,2,5402.15,17377.89
5530,2022,2,2024,3,3001.63,20367.67
5532,2022,0,2022,1,9317.09,8692.08
5532,2022,1,2023,2,3580.99,12032.84
5532,2022,2,2024,3,1013,12977.88
5533,2022,0,2022,1,10096.94,9451.47
5533,2022,1,2023,2,3808.88,13016.86
5533,2022,2,2024,3,1003.76,13956.44
5534,2022,0,2022,1,7110.21,6885.09
5534,2022,1,2023,2,2802.86,9599.21
5534,2022,2,2024,3,1305.46,10863.34
5535,2022,0,2022,1,7926.52,7635.86
5535,2022,1,2023,2,3086.65,10609.33
5535,2022,2,2024,3,1824.8,12367.22
5536,2022,0,2022,1,8805.55,8083.83
5536,2022,1,2023,2,3924.46,11686.63
5536,2022,2,2024,3,360.14,12017.26
5537,2022,0,2022,1,19637.52,18161.3
5537,2022,1,2023,2,7621.85,25210.2
5537,2022,2,2024,3,3738.98,28668.11
5538,2022,0,2022,1,13530.53,12896.01
5538,2022,1,2023,2,5576.69,18211.18
5538,2022,2,2024,3,2145.36,20255.93
5539,2022,0,2022,1,20031.5,18847.99
5539,2022,1,2023,2,7293.29,25710.38
5539,2022,2,2024,3,3298.9,28814.37
5540,2022,0,2022,1,4343.63,4218.24
5540,2022,1,2023,2,1609.11,5780.91
5540,2022,2,2024,3,1088.47,6837.96
5542,2022,0,2022,1,12747.17,11959.76
5542,2022,1,2023,2,6110.8,17693.09
5542,2022,2,2024,3,1798.1,19380.12
5543,2022,0,2022,1,2256.79,2079.61
5543,2022,1,2023,2,995.27,2996.74
5543,2022,2,2024,3,364.41,3332.54
5544,2022,0,2022,1,8997.29,7946.99
5544,2022,1,2023,2,4630.99,12037.38
5544,2022,2,2024,3,48.67,12080.37
5547,2022,0,2022,1,11169.97,10269.4
5547,2022,1,2023,2,5256.26,15101.87
5547,2022,2,2024,3,1193.99,16199.6
5548,2022,0,2022,1,34940.11,32905.2
5548,2022,1,2023,2,13630.06,45741.45
5548,2022,2,2024,3,5885.99,51284.64
5549,2022,0,2022,1,9222.71,8901.11
5549,2022,1,2023,2,4299.43,13050.62
5549,2022,2,2024,3,1548,14544.64
5550,2022,0,2022,1,3194.04,3016.42
5550,2022,1,2023,2,1355.71,4296.73
5550,2022,2,2024,3,688.69,4947.12
5551,2022,0,2022,1,3066.76,2875.39
5551,2022,1,2023,2,1148.07,3951.82
5551,2022,2,2024,3,673.03,4582.85
5552,2022,0,2022,1,5001.9,4848.36
5552,2022,1,2023,2,2084.1,6868.49
5552,2022,2,2024,3,757.14,7602.39
5554,2022,0,2022,1,12328.07,11047.4
5554,2022,1,2023,2,5304.76,15801.08
5554,2022,2,2024,3,526.6,16272.98
5555,2022,0,2022,1,17118.87,16534.13
5555,2022,1,2023,2,6089.88,22416
5555,2022,2,2024,3,3548.4,25843.19
5556,2022,0,2022,1,6829.28,6473.07
5556,2022,1,2023,2,2984.52,9301.92
5556,2022,2,2024,3,1552.58,10773.52
5557,2022,0,2022,1,19480.6,18430.63
5557,2022,1,2023,2,9601.87,27514.97
5557,2022,2,2024,3,2694.27,30064.02
5558,2022,0,2022,1,1544.82,1435.05
5558,2022,1,2023,2,653.69,2042.3
5558,2022,2,2024,3,263.63,2287.19
5559,2022,0,2022,1,6333.44,6108.52
5559,2022,1,2023,2,1817.91,7861.87
5559,2022,2,2024,3,1848.04,9644.28
5560,2022,0,2022,1,12178.14,11947.22
5560,2022,1,2023,2,5581.33,17422.72
5560,2022,2,2024,3,2890.78,20258.68
5561,2022,0,2022,1,9818.21,9127.1
5561,2022,1,2023,2,3740.24,12604.06
5561,2022,2,2024,3,1541.56,14037.11
5563,2022,0,2022,1,16783.79,16783.79
5563,2022,1,2023,2,8497.48,25281.27
5563,2022,2,2024,3,3905.51,29186.78
5565,2022,0,2022,1,1614.53,1517.49
5565,2022,1,2023,2,622.76,2102.81
5565,2022,2,2024,3,159.6,2252.82
5566,2022,0,2022,1,3829.79,3654.82
5566,2022,1,2023,2,1334.96,4928.79
5566,2022,2,2024,3,725.83,5621.45
5567,2022,0,2022,1,4121.39,3959.68
5567,2022,1,2023,2,1483.11,5384.59
5567,2022,2,2024,3,980.29,6326.42
5568,2022,0,2022,1,2570.03,2303
5568,2022,1,2023,2,1050.16,3244.05
5568,2022,2,2024,3,282.16,3496.9
5569,2022,0,2022,1,78269.72,72240.26
5569,2022,1,2023,2,25981.05,96219.89
5569,2022,2,2024,3,12114.86,107401.49
5570,2022,0,2022,1,5344.16,5007.2
5570,2022,1,2023,2,2152.59,7024.07
5570,2022,2,2024,3,957.84,7921.51
5572,2022,0,2022,1,10959.56,10615.21
5572,2022,1,2023,2,4475.1,14949.69
5572,2022,2,2024,3,1746.14,16640.97
5574,2022,0,2022,1,14452.44,13977.64
5574,2022,1,2023,2,6493.89,20258.18
5574,2022,2,2024,3,2724.28,22892.96
5575,2022,0,2022,1,11587.7,11474.47
5575,2022,1,2023,2,6615.81,18025.63
5575,2022,2,2024,3,1430.53,19442.19
5577,2022,0,2022,1,141353.99,131086.13
5577,2022,1,2023,2,50263.95,177698.95
5577,2022,2,2024,3,21503.13,197640.11
5578,2022,0,2022,1,17975.85,16942.28
5578,2022,1,2023,2,7658.39,24160.33
5578,2022,2,2024,3,2557.88,26571.14
5580,2022,0,2022,1,3483.5,3400.73
5580,2022,1,2023,2,1080.51,4455.57
5580,2022,2,2024,3,845.15,5280.63
5581,2022,0,2022,1,10696.85,10227.48
5581,2022,1,2023,2,4148.13,14193.59
5581,2022,2,2024,3,1799.34,15913.98
5582,2022,0,2022,1,22828.2,21536.82
5582,2022,1,2023,2,8830.21,29867.52
5582,2022,2,2024,3,3936.69,33581.51
5583,2022,0,2022,1,10599.11,9956.01
5583,2022,1,2023,2,5293.76,14928.57
5583,2022,2,2024,3,769.4,15651.29
5584,2022,0,2022,1,1318.42,1263.95
5584,2022,1,2023,2,572.92,1813.21
5584,2022,2,2024,3,188.18,1993.61
5585,2022,0,2022,1,2439.13,2399.88
5585,2022,1,2023,2,1101.68,3483.82
5585,2022,2,2024,3,476.93,3953.08
5586,2022,0,2022,1,5396.63,5090.65
5586,2022,1,2023,2,2120.03,7090.48
5586,2022,2,2024,3,743.88,7792.18
5587,2022,0,2022,1,284.7,265.7
5587,2022,1,2023,2,108.57,367.02
5587,2022,2,2024,3,32.54,397.38
5590,2022,0,2022,1,7492.2,7061.4
5590,2022,1,2023,2,2918.05,9811.67
5590,2022,2,2024,3,1207.6,10949.84
5591,2022,0,2022,1,3020.91,2902.17
5591,2022,1,2023,2,943.73,3808.8
5591,2022,2,2024,3,464.17,4254.73
5592,2022,0,2022,1,22830.29,22778.82
5592,2022,1,2023,2,11052.88,33806.79
5592,2022,2,2024,3,4827.96,38623.87
5593,2022,0,2022,1,883.61,821.03
5593,2022,1,2023,2,454.11,1242.98
5593,2022,2,2024,3,91.58,1328.07
5594,2022,0,2022,1,13206.97,11835.21
5594,2022,1,2023,2,5394.16,16669.1
5594,2022,2,2024,3,1215.7,17758.53
5595,2022,0,2022,1,477.07,467.11
5595,2022,1,2023,2,229.35,691.67
5595,2022,2,2024,3,105.8,795.26
5596,2022,0,2022,1,8639.3,7596.44
5596,2022,1,2023,2,3439.45,10620.71
5596,2022,2,2024,3,487.84,11049.66
5597,2022,0,2022,1,2147.66,2132.59
5597,2022,1,2023,2,776.97,2904.11
5597,2022,2,2024,3,545.24,3445.53
5599,2022,0,2022,1,10136.9,8843.77
5599,2022,1,2023,2,4479.15,12751.52
5599,2022,2,2024,3,375.21,13078.87
5600,2022,0,2022,1,27189.79,24109.48
5600,2022,1,2023,2,11883.07,34646.33
5600,2022,2,2024,3,2004.91,36424.1
5601,2022,0,2022,1,19228.99,18073.64
5601,2022,1,2023,2,6141.63,23846.25
5601,2022,2,2024,3,3334.08,26980
5602,2022,0,2022,1,7760.75,7586.49
5602,2022,1,2023,2,3991.83,11488.69
5602,2022,2,2024,3,1777.22,13226
5603,2022,0,2022,1,1913.53,1833.62
5603,2022,1,2023,2,735.3,2538.21
5603,2022,2,2024,3,372.48,2895.14
5604,2022,0,2022,1,3778.93,3512.54
5604,2022,1,2023,2,1531.47,4936.05
5604,2022,2,2024,3,453.69,5357.76
5605,2022,0,2022,1,6099.34,5936.74
5605,2022,1,2023,2,2337.71,8212.13
5605,2022,2,2024,3,1306.8,9484.1
5606,2022,0,2022,1,17530.94,16698.77
5606,2022,1,2023,2,7253.42,23607.89
5606,2022,2,2024,3,2805.31,26280.04
5607,2022,0,2022,1,11316.34,10973.81
5607,2022,1,2023,2,4043.11,14894.55
5607,2022,2,2024,3,2675.53,17489.09
5610,2022,0,2022,1,10778.38,9798.88
5610,2022,1,2023,2,3740.26,13199.25
5610,2022,2,2024,3,1210.3,14299.56
5611,2022,0,2022,1,6926.67,5906.02
5611,2022,1,2023,2,3133.81,8578.06
5611,2022,2,2024,3,1.57,8579.4
5612,2022,0,2022,1,20870.4,19106.74
5612,2022,1,2023,2,7319.72,25807.9
5612,2022,2,2024,3,2987.24,28542.71
5613,2022,0,2022,1,22804.85,21545.62
5613,2022,1,2023,2,10808.73,31757.51
5613,2022,2,2024,3,3479.96,35045.32
5615,2022,0,2022,1,4278.7,4242.53
5615,2022,1,2023,2,1704.25,5932.37
5615,2022,2,2024,3,920.39,6844.97
5616,2022,0,2022,1,65653.82,60806.71
5616,2022,1,2023,2,25984.3,84872.63
5616,2022,2,2024,3,10035.69,94167.41
5617,2022,0,2022,1,50502.76,47506.47
5617,2022,1,2023,2,23807.8,69901.77
5617,2022,2,2024,3,6499.62,76015.78
5618,2022,0,2022,1,13707.33,12664
5618,2022,1,2023,2,5833.77,18053.74
5618,2022,2,2024,3,2464.6,20330.74
5619,2022,0,2022,1,15246.22,14368.97
5619,2022,1,2023,2,5855.54,19887.59
5619,2022,2,2024,3,3184.74,22889.08
5620,2022,0,2022,1,29581.62,29135.38
5620,2022,1,2023,2,12533.97,41480.28
5620,2022,2,2024,3,6985.03,48359.94
5621,2022,0,2022,1,9028.41,8662.62
5621,2022,1,2023,2,3386.62,11912.03
5621,2022,2,2024,3,2108.5,13935.1
5622,2022,0,2022,1,5089.25,4657.34
5622,2022,1,2023,2,1877.66,6375.65
5622,2022,2,2024,3,640.35,6961.65
5624,2022,0,2022,1,38073.39,38073.39
5624,2022,1,2023,2,14249.21,52322.6
5624,2022,2,2024,3,7795.98,60118.58
5625,2022,0,2022,1,12976.34,12470.71
5625,2022,1,2023,2,5193.78,17462.11
5625,2022,2,2024,3,2312.7,19684.69
5626,2022,0,2022,1,4954.52,4696.29
5626,2022,1,2023,2,1649.31,6259.64
5626,2022,2,2024,3,1372.77,7560.86
5629,2022,0,2022,1,13746.18,12815.59
5629,2022,1,2023,2,4507.06,17017.53
5629,2022,2,2024,3,2882.2,19704.61
5630,2022,0,2022,1,23939.81,21842.43
5630,2022,1,2023,2,10956.67,31839.18
5630,2022,2,2024,3,1956.2,33624
5631,2022,0,2022,1,4358.43,3916.68
5631,2022,1,2023,2,1885.98,5611.5
5631,2022,2,2024,3,162.78,5757.78
5632,2022,0,2022,1,29016.98,26958.6
5632,2022,1,2023,2,13749.17,39732.43
5632,2022,2,2024,3,2938.29,42462.29
5634,2022,0,2022,1,9520.52,8946.28
5634,2022,1,2023,2,3376.78,12119.4
5634,2022,2,2024,3,2342.77,14320.86
5635,2022,0,2022,1,12086.71,11725.2
5635,2022,1,2023,2,4166.2,15766.78
5635,2022,2,2024,3,2636.36,18324.29
5636,2022,0,2022,1,12932.63,12932.63
5636,2022,1,2023,2,5526.09,18458.72
5636,2022,2,2024,3,3566.16,22024.88
5638,2022,0,2022,1,7856.1,7337.18
5638,2022,1,2023,2,2743.31,9899.28
5638,2022,2,2024,3,1069.82,10898.43
5639,2022,0,2022,1,13350.22,12761
5639,2022,1,2023,2,6160.05,18649.18
5639,2022,2,2024,3,1754.56,20326.3
5640,2022,0,2022,1,26620.11,25672.79
5640,2022,1,2023,2,11701.28,36957.66
5640,2022,2,2024,3,6533.82,43258.97
5641,2022,0,2022,1,40433.63,38868.7
5641,2022,1,2023,2,22821.52,60806.94
5641,2022,2,2024,3,6835.53,67377.9
5643,2022,0,2022,1,15878.16,14213.25
5643,2022,1,2023,2,8603.63,21914.75
5643,2022,2,2024,3,123.55,22025.35
5644,2022,0,2022,1,30981.36,28662.5
5644,2022,1,2023,2,16525.15,43950.79
5644,2022,2,2024,3,2773.47,46516.67
5645,2022,0,2022,1,12550.86,11593.16
5645,2022,1,2023,2,4864.75,16086.7
5645,2022,2,2024,3,1451,17426.98
5646,2022,0,2022,1,14817.87,14251.93
5646,2022,1,2023,2,8292.74,22227.95
5646,2022,2,2024,3,1311.6,23489.46
5647,2022,0,2022,1,5151.9,4878.48
5647,2022,1,2023,2,2106.8,6873.47
5647,2022,2,2024,3,800.07,7631.08
5648,2022,0,2022,1,9588.27,8771.7
5648,2022,1,2023,2,3621.09,12084.4
5648,2022,2,2024,3,1089.62,13081.23
5649,2022,0,2022,1,8064.12,7593.15
5649,2022,1,2023,2,3024.24,10440.77
5649,2022,2,2024,3,1553.89,11903.91
5650,2022,0,2022,1,14617.95,13601.12
5650,2022,1,2023,2,6279.36,19443.68
5650,2022,2,2024,3,1682.84,21009.47
5651,2022,0,2022,1,411.68,385.17
5651,2022,1,2023,2,162.44,537.15
5651,2022,2,2024,3,69.13,601.83
5652,2022,0,2022,1,1452.89,1352.02
5652,2022,1,2023,2,660.87,1967.01
5652,2022,2,2024,3,145.26,2102.18
5653,2022,0,2022,1,11077.63,10196.21
5653,2022,1,2023,2,5548.55,15303.28
5653,2022,2,2024,3,363.06,15637.45
5654,2022,0,2022,1,3861.75,3591.93
5654,2022,1,2023,2,1820.31,5285.06
5654,2022,2,2024,3,453.44,5706.82
5655,2022,0,2022,1,13473.23,12699.48
5655,2022,1,2023,2,6748.49,19060.41
5655,2022,2,2024,3,1779.39,20737.61
5656,2022,0,2022,1,1906.75,1771.4
5656,2022,1,2023,2,674.49,2398.01
5656,2022,2,2024,3,278.58,2656.81
5657,2022,0,2022,1,1972.75,1806.89
5657,2022,1,2023,2,873.75,2607.17
5657,2022,2,2024,3,195.69,2786.41
5658,2022,0,2022,1,10841.73,10689.22
5658,2022,1,2023,2,4209.69,14839.69
5658,2022,2,2024,3,2383.18,17189.34
5659,2022,0,2022,1,12839.53,12195.37
5659,2022,1,2023,2,4670.34,16631.4
5659,2022,2,2024,3,2259.16,18777.22
5660,2022,0,2022,1,5951.24,5250.01
5660,2022,1,2023,2,3147.49,8026.63
5660,2022,2,2024,3,214.96,8216.26
5661,2022,0,2022,1,11393.56,10916.44
5661,2022,1,2023,2,3865.8,14620.37
5661,2022,2,2024,3,2663.33,17172.17
5662,2022,0,2022,1,3937.92,3937.92
5662,2022,1,2023,2,1505.9,5443.83
5662,2022,2,2024,3,813.47,6257.3
5663,2022,0,2022,1,8862.74,8338.63
5663,2022,1,2023,2,2922.54,11088.34
5663,2022,2,2024,3,2109.9,13073.46
5664,2022,0,2022,1,6026.23,5838.93
5664,2022,1,2023,2,1809.86,7592.53
5664,2022,2,2024,3,1478.5,9025.08
5665,2022,0,2022,1,1766.83,1643.08
5665,2022,1,2023,2,790.81,2378.49
5665,2022,2,2024,3,166.09,2532.95
5666,2022,0,2022,1,8450.58,8294.08
5666,2022,1,2023,2,3216.29,11450.8
5666,2022,2,2024,3,2232.22,13641.68
5667,2022,0,2022,1,31443.12,30420.44
5667,2022,1,2023,2,13937.17,43904.31
5667,2022,2,2024,3,4211.85,47979.17
5668,2022,0,2022,1,4712.95,4392.72
5668,2022,1,2023,2,1651.45,5931.96
5668,2022,2,2024,3,628.43,6517.69
5670,2022,0,2022,1,30641.98,29011.43
5670,2022,1,2023,2,12812.67,41142.3
5670,2022,2,2024,3,4908.92,45789.99
5671,2022,0,2022,1,4528.5,4476.14
5671,2022,1,2023,2,1975.74,6429.04
5671,2022,2,2024,3,1211.16,7626.2
5672,2022,0,2022,1,31485.32,29933.42
5672,2022,1,2023,2,11136.5,40521
5672,2022,2,2024,3,5743.4,45981.31
5673,2022,0,2022,1,14901.08,14635.7
5673,2022,1,2023,2,7068.91,21578.73
5673,2022,2,2024,3,3224.48,24745.78
5674,2022,0,2022,1,704.7,681.52
5674,2022,1,2023,2,224.1,898.25
5674,2022,2,2024,3,174.19,1066.71
5675,2022,0,2022,1,26182.56,25414.65
5675,2022,1,2023,2,12053.92,37115.04
5675,2022,2,2024,3,6397.05,43324.48
5676,2022,0,2022,1,2717.17,2594.46
5676,2022,1,2023,2,967.62,3518.39
5676,2022,2,2024,3,576.99,4069.32
5677,2022,0,2022,1,7156.96,6917.92
5677,2022,1,2023,2,3281.14,10089.48
5677,2022,2,2024,3,1474.54,11514.77
5678,2022,0,2022,1,2483.87,2312.24
5678,2022,1,2023,2,1256.44,3481.86
5678,2022,2,2024,3,244.28,3709.25
5679,2022,0,2022,1,3441.72,3317.94
5679,2022,1,2023,2,1297.14,4568.44
5679,2022,2,2024,3,765.83,5306.73
5680,2022,0,2022,1,48544.35,45205.38
5680,2022,1,2023,2,23059.76,66679.04
5680,2022,2,2024,3,3561.98,69996.02
5681,2022,0,2022,1,4447.64,4146.03
5681,2022,1,2023,2,1577.99,5617
5681,2022,2,2024,3,386.19,5977.01
5682,2022,0,2022,1,12869.61,12216.45
5682,2022,1,2023,2,5871.31,17789.78
5682,2022,2,2024,3,2978.82,20617.41
5686,2022,0,2022,1,2763.95,2563.45
5686,2022,1,2023,2,1349.32,3814.89
5686,2022,2,2024,3,373.39,4161.19
5688,2022,0,2022,1,10157.33,9867.03
5688,2022,1,2023,2,4477.16,14216.24
5688,2022,2,2024,3,1920.08,16081.44
5689,2022,0,2022,1,2067.55,1821.9
5689,2022,1,2023,2,929.02,2640.54
5689,2022,2,2024,3,80.76,2711.71
5690,2022,0,2022,1,55385.08,51384.61
5690,2022,1,2023,2,25546.48,75085.87
5690,2022,2,2024,3,6659.53,81264.38
5691,2022,0,2022,1,21050.98,20477.49
5691,2022,1,2023,2,9191.71,29418.79
5691,2022,2,2024,3,3646.49,32965.95
5692,2022,0,2022,1,14509.13,13655.29
5692,2022,1,2023,2,6934.99,20182.18
5692,2022,2,2024,3,2166.75,22221.42
5693,2022,0,2022,1,8179.06,7946.86
5693,2022,1,2023,2,2830.02,10696.54
5693,2022,2,2024,3,2204.9,12838.84
5694,2022,0,2022,1,28211.55,26688.28
5694,2022,1,2023,2,12564.08,38573.97
5694,2022,2,2024,3,3432.61,41821.24
5695,2022,0,2022,1,9850.73,9296.92
5695,2022,1,2023,2,3347.23,12455.97
5695,2022,2,2024,3,1359.89,13739.41
5696,2022,0,2022,1,11155.21,10102.91
5696,2022,1,2023,2,4532.33,14207.69
5696,2022,2,2024,3,1182.09,15278.27
5697,2022,0,2022,1,4795.18,4441.94
5697,2022,1,2023,2,2200.09,6479.96
5697,2022,2,2024,3,434.73,6882.67
5698,2022,0,2022,1,3388.08,3241.14
5698,2022,1,2023,2,1820.39,4982.58
5698,2022,2,2024,3,554.63,5513.15
5699,2022,0,2022,1,2845.08,2731.2
5699,2022,1,2023,2,1357.04,4033.93
5699,2022,2,2024,3,336.57,4357.02
5701,2022,0,2022,1,20099.01,19758.78
5701,2022,1,2023,2,8665.9,28277.99
5701,2022,2,2024,3,4061.95,32271.19
5702,2022,0,2022,1,6948.01,6404.45
5702,2022,1,2023,2,2105.65,8345.37
5702,2022,2,2024,3,1206.1,9457.11
5703,2022,0,2022,1,40010.77,37768.37
5703,2022,1,2023,2,17719.7,54494.96
5703,2022,2,2024,3,6629.18,60752.61
5704,2022,0,2022,1,1833.15,1757.49
5704,2022,1,2023,2,729.82,2457.2
5704,2022,2,2024,3,282.41,2727.96
5705,2022,0,2022,1,3404.2,3272.01
5705,2022,1,2023,2,1704.82,4910.62
5705,2022,2,2024,3,607.04,5494.09
5706,2022,0,2022,1,2831.46,2694.01
5706,2022,1,2023,2,983.48,3629.75
5706,2022,2,2024,3,375.58,3987.1
5708,2022,0,2022,1,52736.96,48881.59
5708,2022,1,2023,2,19265.92,66739.05
5708,2022,2,2024,3,7978.06,74133.87
5710,2022,0,2022,1,11130.02,10603.81
5710,2022,1,2023,2,4074.23,14485.41
5710,2022,2,2024,3,2281.42,16658.97
5711,2022,0,2022,1,16500.57,15654.75
5711,2022,1,2023,2,7279.77,22561.36
5711,2022,2,2024,3,3362.05,25751.07
5712,2022,0,2022,1,4306.02,3986.41
5712,2022,1,2023,2,1595.31,5463.3
5712,2022,2,2024,3,842.12,6242.92
5713,2022,0,2022,1,19058.62,17807.01
5713,2022,1,2023,2,7020.06,24366.06
5713,2022,2,2024,3,3154.37,27313.28
5714,2022,0,2022,1,17679.41,16422.06
5714,2022,1,2023,2,6597.23,22550.1
5714,2022,2,2024,3,3302.16,25617.4
5715,2022,0,2022,1,138377.75,128711.73
5715,2022,1,2023,2,49485.6,174740.63
5715,2022,2,2024,3,21941.14,195149.13
5716,2022,0,2022,1,26910.33,26346.12
5716,2022,1,2023,2,9075.68,35231.52
5716,2022,2,2024,3,7062.02,42145.48
5717,2022,0,2022,1,4730.09,4461.34
5717,2022,1,2023,2,1863.3,6218.77
5717,2022,2,2024,3,899.58,7067.24
5720,2022,0,2022,1,1699.22,1660.09
5720,2022,1,2023,2,842.19,2482.89
5720,2022,2,2024,3,249.59,2726.74
5721,2022,0,2022,1,24932.33,24347.75
5721,2022,1,2023,2,11990.13,36056.75
5721,2022,2,2024,3,6059.65,41974.33
5722,2022,0,2022,1,9795.69,9795.69
5722,2022,1,2023,2,3833.03,13628.71
5722,2022,2,2024,3,2594.57,16223.28
5723,2022,0,2022,1,54932.68,54576.5
5723,2022,1,2023,2,17526.83,71989.69
5723,2022,2,2024,3,16236.9,88121.31
5724,2022,0,2022,1,3.3,3.07
5724,2022,1,2023,2,1.31,4.29
5724,2022,2,2024,3,0.62,4.87
5725,2022,0,2022,1,10682.93,9946.7
5725,2022,1,2023,2,4548.92,14182.13
5725,2022,2,2024,3,1707.23,15771.7
5726,2022,0,2022,1,2965.31,2800.85
5726,2022,1,2023,2,1357.64,4083.18
5726,2022,2,2024,3,415.62,4475.75
5727,2022,0,2022,1,17014.07,15407.39
5727,2022,1,2023,2,5821.12,20678.8
5727,2022,2,2024,3,1818.73,22325.78
5728,2022,0,2022,1,18050.38,16941.53
5728,2022,1,2023,2,9505.87,25863.45
5728,2022,2,2024,3,1624.14,27387.81
5730,2022,0,2022,1,8683.88,8220.1
5730,2022,1,2023,2,3377.01,11416.75
5730,2022,2,2024,3,1538.85,12873.41
5731,2022,0,2022,1,11214.86,10809.77
5731,2022,1,2023,2,4216.04,14873.52
5731,2022,2,2024,3,2265.35,17057.05
5733,2022,0,2022,1,1824.87,1737.05
5733,2022,1,2023,2,875.55,2570.47
5733,2022,2,2024,3,312.77,2868.18
5734,2022,0,2022,1,8805.7,8296.83
5734,2022,1,2023,2,3137.81,11253.31
5734,2022,2,2024,3,1834.9,12982.17
5735,2022,0,2022,1,3251.51,3076.32
5735,2022,1,2023,2,1246.13,4255.31
5735,2022,2,2024,3,551.31,4776.92
5736,2022,0,2022,1,3423.94,3172.28
5736,2022,1,2023,2,1094.87,4186.67
5736,2022,2,2024,3,617.53,4758.82
5737,2022,0,2022,1,13896.63,13685.04
5737,2022,1,2023,2,6708.75,20291.64
5737,2022,2,2024,3,1949.67,22211.62
5738,2022,0,2022,1,6739.09,6262.91
5738,2022,1,2023,2,2549.82,8632.56
5738,2022,2,2024,3,1374.01,9909.49
5739,2022,0,2022,1,1891.16,1787.87
5739,2022,1,2023,2,850.02,2591.46
5739,2022,2,2024,3,275.95,2852.34
5740,2022,0,2022,1,10222.61,9726.87
5740,2022,1,2023,2,3556.99,13111.37
5740,2022,2,2024,3,2146.04,15153.34
5742,2022,0,2022,1,18683.89,18265.77
5742,2022,1,2023,2,7621.79,25716.99
5742,2022,2,2024,3,4878.46,30486.27
5744,2022,0,2022,1,2889.56,2870.9
5744,2022,1,2023,2,1357.24,4219.38
5744,2022,2,2024,3,546.19,4762.04
5745,2022,0,2022,1,3425.02,3308.24
5745,2022,1,2023,2,1318.02,4581.31
5745,2022,2,2024,3,565.31,5127.35
5746,2022,0,2022,1,19475.55,18419.36
5746,2022,1,2023,2,7083.62,25118.82
5746,2022,2,2024,3,3841.59,28752.08
5747,2022,0,2022,1,7272.38,7136.9
5747,2022,1,2023,2,3190.25,10267.72
5747,2022,2,2024,3,1361.24,11603.6
5748,2022,0,2022,1,8352.82,7949.58
5748,2022,1,2023,2,3427.84,11211.95
5748,2022,2,2024,3,949,12115.13
5749,2022,0,2022,1,15364.31,14271.19
5749,2022,1,2023,2,7174.58,20935.32
5749,2022,2,2024,3,2127.33,22911.3
5750,2022,0,2022,1,11285.01,10390.71
5750,2022,1,2023,2,3866.47,13950.78
5750,2022,2,2024,3,1753.46,15565.28
5752,2022,0,2022,1,8510.27,8145.8
5752,2022,1,2023,2,3184.72,11194.12
5752,2022,2,2024,3,1601.7,12727.22
5753,2022,0,2022,1,11955.64,10925.6
5753,2022,1,2023,2,6644.02,16997.2
5753,2022,2,2024,3,509.32,17462.64
5754,2022,0,2022,1,18646.61,17537.16
5754,2022,1,2023,2,9500.3,26472.21
5754,2022,2,2024,3,2979.21,29274.16
5755,2022,0,2022,1,4957.68,4745.73
5755,2022,1,2023,2,2090.84,6747.18
5755,2022,2,2024,3,940.92,7647.87
5756,2022,0,2022,1,29054.8,29054.8
5756,2022,1,2023,2,13173.63,42228.43
5756,2022,2,2024,3,5381.87,47610.3
5757,2022,0,2022,1,213517.33,199044.58
5757,2022,1,2023,2,78245.05,271985.98
5757,2022,2,2024,3,34292.29,303953.85
5758,2022,0,2022,1,11283.79,10746.37
5758,2022,1,2023,2,4564.51,15093.49
5758,2022,2,2024,3,3093.81,18039.94
5759,2022,0,2022,1,4594.65,4346.4
5759,2022,1,2023,2,1648.81,5906.13
5759,2022,2,2024,3,775.24,6639.48
5760,2022,0,2022,1,32157.27,30214.64
5760,2022,1,2023,2,11424.79,40949.25
5760,2022,2,2024,3,3591.11,44323.42
5761,2022,0,2022,1,8567.86,8061.46
5761,2022,1,2023,2,2927.14,10815.59
5761,2022,2,2024,3,1532.96,12257.95
5762,2022,0,2022,1,15502.42,14883.9
5762,2022,1,2023,2,6906.01,21514.37
5762,2022,2,2024,3,2661.27,24069.46
5763,2022,0,2022,1,31586.96,30582.23
5763,2022,1,2023,2,13245.26,43406.18
5763,2022,2,2024,3,6939.45,50124.9
5764,2022,0,2022,1,20102.99,19238.82
5764,2022,1,2023,2,8607.5,27476.31
5764,2022,2,2024,3,4099.16,31399.26
5765,2022,0,2022,1,18483.16,17644.02
5765,2022,1,2023,2,6600.63,23944.98
5765,2022,2,2024,3,3255.12,27052.31
5766,2022,0,2022,1,3923.06,3661.39
5766,2022,1,2023,2,1736.05,5281.65
5766,2022,2,2024,3,624.62,5864.61
5767,2022,0,2022,1,88373.61,88373.61
5767,2022,1,2023,2,40875.77,129249.38
5767,2022,2,2024,3,21540.19,150789.57
5768,2022,0,2022,1,3588.02,3487.3
5768,2022,1,2023,2,1403.77,4851.66
5768,2022,2,2024,3,684.59,5517.03
5769,2022,0,2022,1,3228.6,3046.76
5769,2022,1,2023,2,1570.69,4528.98
5769,2022,2,2024,3,405.91,4912.03
5770,2022,0,2022,1,3368.11,3022.49
5770,2022,1,2023,2,1693.53,4542.23
5770,2022,2,2024,3,92.59,4625.32
5773,2022,0,2022,1,14789.44,13881.69
5773,2022,1,2023,2,6830.75,20293.18
5773,2022,2,2024,3,1017.24,21247.98
5776,2022,0,2022,1,28482.28,26705.06
5776,2022,1,2023,2,12027.73,37982.28
5776,2022,2,2024,3,3835.41,41578.37
5777,2022,0,2022,1,8161.8,7547.23
5777,2022,1,2023,2,2912.96,10240.85
5777,2022,2,2024,3,1522.97,11649.14
5778,2022,0,2022,1,67691.18,64809.72
5778,2022,1,2023,2,37164.95,100392.64
5778,2022,2,2024,3,5046,105223.85
5779,2022,0,2022,1,3725.67,3532.2
5779,2022,1,2023,2,1431.65,4889.5
5779,2022,2,2024,3,473.98,5338.87
5780,2022,0,2022,1,7526.18,6606.66
5780,2022,1,2023,2,3114.61,9340.74
5780,2022,2,2024,3,204.98,9520.68
5782,2022,0,2022,1,118735.9,109666.55
5782,2022,1,2023,2,40282.25,146871.93
5782,2022,2,2024,3,19439.63,164826.71
5783,2022,0,2022,1,19157.14,17970.36
5783,2022,1,2023,2,6005.56,23603.86
5783,2022,2,2024,3,2812.57,26242.2
5784,2022,0,2022,1,5398.07,5100.3
5784,2022,1,2023,2,2286.78,7260.95
5784,2022,2,2024,3,903.47,8114.58
5785,2022,0,2022,1,9382.59,9154.43
5785,2022,1,2023,2,3821.48,12882.99
5785,2022,2,2024,3,2317.73,15144.36
5786,2022,0,2022,1,20182.95,19388.71
5786,2022,1,2023,2,10876.01,29836.72
5786,2022,2,2024,3,3775.96,33464.09
5789,2022,0,2022,1,6172.62,5921.36
5789,2022,1,2023,2,2858.08,8663.11
5789,2022,2,2024,3,891.8,9518.61
5790,2022,0,2022,1,1374.18,1358.39
5790,2022,1,2023,2,646.61,1997.57
5790,2022,2,2024,3,259.12,2253.71
5791,2022,0,2022,1,5783.25,5608.26
5791,2022,1,2023,2,2270.52,7810.08
5791,2022,2,2024,3,1179.53,8953.93
5792,2022,0,2022,1,23312.73,22061.27
5792,2022,1,2023,2,11033.41,32502.39
5792,2022,2,2024,3,3315.86,35640.24
5793,2022,0,2022,1,5513.85,5309.17
5793,2022,1,2023,2,2274.28,7499.04
5793,2022,2,2024,3,1101.83,8559.97
5794,2022,0,2022,1,17223.28,16383.75
5794,2022,1,2023,2,6272.32,22350.33
5794,2022,2,2024,3,3299.04,25488.56
5795,2022,0,2022,1,50455,49512.05
5795,2022,1,2023,2,25544.51,74579.16
5795,2022,2,2024,3,8661.91,83079.19
5796,2022,0,2022,1,89119.5,86490.16
5796,2022,1,2023,2,34156.49,119638.92
5796,2022,2,2024,3,14008.53,133234.16
5797,2022,0,2022,1,6247.56,5697.86
5797,2022,1,2023,2,2669.76,8132.72
5797,2022,2,2024,3,647.81,8723.54
5799,2022,0,2022,1,1805.01,1729.93
5799,2022,1,2023,2,723.39,2423.22
5799,2022,2,2024,3,352.49,2761.05
5800,2022,0,2022,1,4150.29,3770.86
5800,2022,1,2023,2,1507.32,5140.37
5800,2022,2,2024,3,595.18,5681.14
5801,2022,0,2022,1,17054.67,16567.08
5801,2022,1,2023,2,6388.57,22772.99
5801,2022,2,2024,3,4148.42,26802.81
5803,2022,0,2022,1,8108.36,7238
5803,2022,1,2023,2,3371.15,10247.29
5803,2022,2,2024,3,27.39,10271.74
5806,2022,0,2022,1,7430.88,7228.8
5806,2022,1,2023,2,2977.97,10125.78
5806,2022,2,2024,3,1595.67,11678.06
5807,2022,0,2022,1,15903.02,15111.38
5807,2022,1,2023,2,7875.75,22595.07
5807,2022,2,2024,3,2191.21,24677.21
5808,2022,0,2022,1,9498.56,9132.93
5808,2022,1,2023,2,4451.44,13413.03
5808,2022,2,2024,3,2189.06,15517.82
5809,2022,0,2022,1,5013.42,4612.1
5809,2022,1,2023,2,2228.12,6661.86
5809,2022,2,2024,3,239.58,6882.27
5810,2022,0,2022,1,13658.33,13213.93
5810,2022,1,2023,2,5364.31,18403.71
5810,2022,2,2024,3,3238.4,21536.74
5811,2022,0,2022,1,5201.84,4895.72
5811,2022,1,2023,2,1689.49,6485.79
5811,2022,2,2024,3,905.38,7337.89
5812,2022,0,2022,1,41460.35,38927.83
5812,2022,1,2023,2,20834.01,58489.24
5812,2022,2,2024,3,5006.55,63189.97
5813,2022,0,2022,1,12242.23,11500.65
5813,2022,1,2023,2,5285.37,16465.86
5813,2022,2,2024,3,1223.74,17615.47
5814,2022,0,2022,1,579.89,546.34
5814,2022,1,2023,2,245.37,777.52
5814,2022,2,2024,3,107.01,878.34
5815,2022,0,2022,1,31190.98,29836.63
5815,2022,1,2023,2,13753.68,42993.11
5815,2022,2,2024,3,5320.14,48082.24
5816,2022,0,2022,1,26752.58,26558.1
5816,2022,1,2023,2,12745.29,39210.74
5816,2022,2,2024,3,5285.15,44457.47
5817,2022,0,2022,1,5270.49,5056.24
5817,2022,1,2023,2,2084.27,7055.78
5817,2022,2,2024,3,517.93,7552.65
5818,2022,0,2022,1,3272.66,2998.53
5818,2022,1,2023,2,1246.15,4140.29
5818,2022,2,2024,3,292.26,4408.07
5819,2022,0,2022,1,6967.22,6488.91
5819,2022,1,2023,2,2646.22,8953.47
5819,2022,2,2024,3,1287.33,10152.42
5820,2022,0,2022,1,19632.4,18560.82
5820,2022,1,2023,2,8149.43,26265.44
5820,2022,2,2024,3,4017.02,30063.21
5821,2022,0,2022,1,5232.45,4833.38
5821,2022,1,2023,2,1980.18,6662.52
5821,2022,2,2024,3,509.2,7132.89
5822,2022,0,2022,1,15977.98,15477.88
5822,2022,1,2023,2,7630.3,22869.35
5822,2022,2,2024,3,1971.98,24779.61
5823,2022,0,2022,1,14988.19,13927.11
5823,2022,1,2023,2,6031.91,19531.99
5823,2022,2,2024,3,1978.16,21370.11
5824,2022,0,2022,1,1502.21,1458.13
5824,2022,1,2023,2,504.62,1947.94
5824,2022,2,2024,3,335.99,2274.07
5825,2022,0,2022,1,3073.61,3010.84
5825,2022,1,2023,2,1213.87,4199.93
5825,2022,2,2024,3,558.59,4747.11
5826,2022,0,2022,1,20401.6,19609.01
5826,2022,1,2023,2,10803.76,29993.05
5826,2022,2,2024,3,3297.17,33162.13
5827,2022,0,2022,1,14337.83,13179.77
5827,2022,1,2023,2,5007.27,17782.61
5827,2022,2,2024,3,2555.63,20131.82
5828,2022,0,2022,1,18019.09,17142.43
5828,2022,1,2023,2,6559.48,23382.78
5828,2022,2,2024,3,3352.58,26572.25
5829,2022,0,2022,1,7268.95,7222.11
5829,2022,1,2023,2,2893.53,10097
5829,2022,2,2024,3,1583.12,11669.92
5831,2022,0,2022,1,171.59,149.97
5831,2022,1,2023,2,70.63,211.7
5831,2022,2,2024,3,1.3,212.84
5832,2022,0,2022,1,77555.66,74690.83
5832,2022,1,2023,2,34988.64,108387.03
5832,2022,2,2024,3,14815.13,122654.9
5833,2022,0,2022,1,7581.36,7098.05
5833,2022,1,2023,2,2727.56,9651.73
5833,2022,2,2024,3,1238.24,10811.03
5835,2022,0,2022,1,57726.4,57124.81
5835,2022,1,2023,2,22328.56,79220.67
5835,2022,2,2024,3,15798.45,94854.48
5836,2022,0,2022,1,8916.21,8564.75
5836,2022,1,2023,2,3111.45,11553.55
5836,2022,2,2024,3,2004.88,13479.4
5837,2022,0,2022,1,9757.16,9757.16
5837,2022,1,2023,2,4087.19,13844.35
5837,2022,2,2024,3,2474.54,16318.89
5838,2022,0,2022,1,21419.36,20544.28
5838,2022,1,2023,2,7286.55,27533.14
5838,2022,2,2024,3,5207.68,32528.06
5839,2022,0,2022,1,13736.43,12956.27
5839,2022,1,2023,2,5824.59,18450.05
5839,2022,2,2024,3,1560.34,19921.78
5840,2022,0,2022,1,18484.35,17281.16
5840,2022,1,2023,2,7065.11,23886.39
5840,2022,2,2024,3,3210.87,26888.26
5841,2022,0,2022,1,4334.74,4277.84
5841,2022,1,2023,2,1943.97,6196.29
5841,2022,2,2024,3,739.19,6925.78
5842,2022,0,2022,1,17682.02,16741.11
5842,2022,1,2023,2,6258.83,22666.88
5842,2022,2,2024,3,3810.94,26275.03
5844,2022,0,2022,1,20392.53,19890.01
5844,2022,1,2023,2,7999.86,27692.73
5844,2022,2,2024,3,4292.39,31879.34
5846,2022,0,2022,1,15823.95,15588.61
5846,2022,1,2023,2,5547.53,21053.64
5846,2022,2,2024,3,4403.83,25391.98
5847,2022,0,2022,1,9205.82,8907.63
5847,2022,1,2023,2,4394.06,13159.36
5847,2022,2,2024,3,1993.51,15088.3
5848,2022,0,2022,1,11311.79,11159.05
5848,2022,1,2023,2,4838.57,15932.29
5848,2022,2,2024,3,2619.98,18516.9
5849,2022,0,2022,1,13748.76,12684.48
5849,2022,1,2023,2,4767.27,17082.72
5849,2022,2,2024,3,2016.27,18942.91
5850,2022,0,2022,1,12326.04,12192.24
5850,2022,1,2023,2,6317.07,18440.74
5850,2022,2,2024,3,2634.58,21046.72
5851,2022,0,2022,1,11726.38,10743.95
5851,2022,1,2023,2,5329.52,15626.97
5851,2022,2,2024,3,666.28,16237.43
5853,2022,0,2022,1,19848.69,19592.48
5853,2022,1,2023,2,7242.36,26741.35
5853,2022,2,2024,3,5208.59,31882.71
5854,2022,0,2022,1,12913.89,12684.48
5854,2022,1,2023,2,5497.6,18084.42
5854,2022,2,2024,3,3302.73,21328.48
5855,2022,0,2022,1,26684.39,24130.29
5855,2022,1,2023,2,10702.3,33808.22
5855,2022,2,2024,3,2222.48,35817.98
5856,2022,0,2022,1,3581.24,3458.06
5856,2022,1,2023,2,1478.78,4885.98
5856,2022,2,2024,3,666.01,5529.08
5857,2022,0,2022,1,6784.53,6674.95
5857,2022,1,2023,2,3667.18,10282.89
5857,2022,2,2024,3,1045.96,11311.96
5858,2022,0,2022,1,13680,13215.58
5858,2022,1,2023,2,6365.66,19365.13
5858,2022,2,2024,3,1584.64,20895.97
5859,2022,0,2022,1,12709.62,12194.72
5859,2022,1,2023,2,4843.09,16841.6
5859,2022,2,2024,3,2938.14,19660.72
5861,2022,0,2022,1,1937.58,1816.19
5861,2022,1,2023,2,876.73,2637.99
5861,2022,2,2024,3,223.33,2847.34
5863,2022,0,2022,1,14461.08,13363.46
5863,2022,1,2023,2,5761.1,18687.28
5863,2022,2,2024,3,1755.24,20309.29
5864,2022,0,2022,1,9319.24,9015.52
5864,2022,1,2023,2,3189.27,12100.85
5864,2022,2,2024,3,1922.32,13960.52
5865,2022,0,2022,1,20729.37,19970.17
5865,2022,1,2023,2,8426.92,28088.46
5865,2022,2,2024,3,3699.13,31652.11
5867,2022,0,2022,1,25844.64,25390.69
5867,2022,1,2023,2,11560.95,36748.58
5867,2022,2,2024,3,7026.9,43652.06
5868,2022,0,2022,1,2459.11,2349.32
5868,2022,1,2023,2,1284.28,3576.27
5868,2022,2,2024,3,292.71,3855.91
5870,2022,0,2022,1,38319.56,38319.56
5870,2022,1,2023,2,16365.2,54684.76
5870,2022,2,2024,3,10209.37,64894.13
5872,2022,0,2022,1,16726.01,15297.85
5872,2022,1,2023,2,6626.07,21358.15
5872,2022,2,2024,3,1993.88,23181.78
5873,2022,0,2022,1,4150.71,3812.84
5873,2022,1,2023,2,1971.91,5624.23
5873,2022,2,2024,3,173.72,5783.81
5874,2022,0,2022,1,2928.75,2793.95
5874,2022,1,2023,2,1309.88,4043.54
5874,2022,2,2024,3,278.84,4309.55
5875,2022,0,2022,1,13956.16,12920.1
5875,2022,1,2023,2,5068.95,17612.75
5875,2022,2,2024,3,2152.97,19605.89
5876,2022,0,2022,1,16958.12,16452.85
5876,2022,1,2023,2,5802.08,22082.05
5876,2022,2,2024,3,3660.73,25633.71
5877,2022,0,2022,1,7710.42,7147.11
5877,2022,1,2023,2,3660.34,10540.03
5877,2022,2,2024,3,696.45,11185.6
5878,2022,0,2022,1,9920.2,9204.31
5878,2022,1,2023,2,3711.91,12648.35
5878,2022,2,2024,3,1522,14060.52
5879,2022,0,2022,1,17104.38,16951.09
5879,2022,1,2023,2,6535.54,23428.06
5879,2022,2,2024,3,4502.59,27890.3
5880,2022,0,2022,1,7681.5,7094.26
5880,2022,1,2023,2,2700.4,9588.22
5880,2022,2,2024,3,1491.54,10965.73
5882,2022,0,2022,1,3028.04,2866.48
5882,2022,1,2023,2,1550.67,4334.41
5882,2022,2,2024,3,382.31,4696.32
5883,2022,0,2022,1,13181.96,13181.96
5883,2022,1,2023,2,4893.98,18075.95
5883,2022,2,2024,3,3597.61,21673.56
5884,2022,0,2022,1,8344.34,8309.04
5884,2022,1,2023,2,3404.69,11699.32
5884,2022,2,2024,3,1893.33,13584.64
5885,2022,0,2022,1,15967.25,15523.1
5885,2022,1,2023,2,5963.11,21320.34
5885,2022,2,2024,3,3778.96,24994.18
5886,2022,0,2022,1,85983.81,81978.36
5886,2022,1,2023,2,35265.2,115600.77
5886,2022,2,2024,3,10524.62,125635.11
5887,2022,0,2022,1,39195.27,36115.22
5887,2022,1,2023,2,20988.24,55454.16
5887,2022,2,2024,3,1615.7,56942.9
5888,2022,0,2022,1,9973.81,9429.83
5888,2022,1,2023,2,3310.46,12559.74
5888,2022,2,2024,3,1837.8,14297.3
5890,2022,0,2022,1,22008.41,21655.06
5890,2022,1,2023,2,8704.44,30219.75
5890,2022,2,2024,3,5282.72,35417.66
5891,2022,0,2022,1,113107.78,102895.29
5891,2022,1,2023,2,45027.81,143857.54
5891,2022,2,2024,3,13446.79,156090.22
5893,2022,0,2022,1,24329.46,22921.62
5893,2022,1,2023,2,10054.96,32394.75
5893,2022,2,2024,3,3651.01,35834.49
5894,2022,0,2022,1,2953.82,2730.23
5894,2022,1,2023,2,1691.14,4293.35
5894,2022,2,2024,3,177.82,4457.71
5895,2022,0,2022,1,102702.16,96850.83
5895,2022,1,2023,2,40840.25,135364.27
5895,2022,2,2024,3,21346.11,155494.21
5898,2022,0,2022,1,2307.4,2164.79
5898,2022,1,2023,2,1095.9,3192.96
5898,2022,2,2024,3,256.11,3433.24
5900,2022,0,2022,1,16707.9,15846.31
5900,2022,1,2023,2,8190.59,23614.53
5900,2022,2,2024,3,2184.79,25686.65
5901,2022,0,2022,1,9041.75,8326.94
5901,2022,1,2023,2,4045.9,12052.99
5901,2022,2,2024,3,936.97,12915.88
5902,2022,0,2022,1,3837.05,3652.6
5902,2022,1,2023,2,1327.08,4915.89
5902,2022,2,2024,3,791.46,5669.3
5903,2022,0,2022,1,6580.29,6448.18
5903,2022,1,2023,2,2889.37,9279.55
5903,2022,2,2024,3,1657.88,10904.14
5904,2022,0,2022,1,3525.63,3501.98
5904,2022,1,2023,2,1605.11,5096.32
5904,2022,2,2024,3,628.58,5720.68
5905,2022,0,2022,1,3422.62,3309.41
5905,2022,1,2023,2,1609.43,4865.61
5905,2022,2,2024,3,631.27,5475.99
5906,2022,0,2022,1,18484.4,17849.17
5906,2022,1,2023,2,5708.75,23361.74
5906,2022,2,2024,3,4794.17,27991.16
5907,2022,0,2022,1,16919.21,15560.03
5907,2022,1,2023,2,6251.63,21309.45
5907,2022,2,2024,3,2331.84,23453.97
5908,2022,0,2022,1,5565.58,5184.48
5908,2022,1,2023,2,2391.61,7412.33
5908,2022,2,2024,3,827.19,8182.88
5910,2022,0,2022,1,10562.95,10389.59
5910,2022,1,2023,2,4781.71,15092.81
5910,2022,2,2024,3,2273.24,17328.74
5911,2022,0,2022,1,3392.43,3113.07
5911,2022,1,2023,2,1847.5,4808.42
5911,2022,2,2024,3,178.37,4972.1
5912,2022,0,2022,1,3491.29,3491.29
5912,2022,1,2023,2,1568.92,5060.21
5912,2022,2,2024,3,862.36,5922.57
5913,2022,0,2022,1,12656.54,12016.01
5913,2022,1,2023,2,4773.02,16547.47
5913,2022,2,2024,3,2661.28,19074.06
5914,2022,0,2022,1,5993.78,5610.49
5914,2022,1,2023,2,2818.74,8248.97
5914,2022,2,2024,3,515,8731.04
5915,2022,0,2022,1,27731.13,26944.51
5915,2022,1,2023,2,12354.92,38948.97
5915,2022,2,2024,3,4140.24,42971.76
5916,2022,0,2022,1,835.13,772.77
5916,2022,1,2023,2,349.13,1095.83
5916,2022,2,2024,3,141.68,1226.93
5917,2022,0,2022,1,12062.72,11902.84
5917,2022,1,2023,2,5041.58,16877.59
5917,2022,2,2024,3,1949.76,18801.51
5918,2022,0,2022,1,12744.4,11758.97
5918,2022,1,2023,2,5197.11,16554.23
5918,2022,2,2024,3,1708.01,18130.17
5920,2022,0,2022,1,12638.28,12165.19
5920,2022,1,2023,2,4473.92,16471.64
5920,2022,2,2024,3,2617.75,18991.4
5921,2022,0,2022,1,3122.35,2906.98
5921,2022,1,2023,2,1349.23,4163.15
5921,2022,2,2024,3,358.9,4497.29
5923,2022,0,2022,1,20361.11,19456.07
5923,2022,1,2023,2,8135.62,27230.07
5923,2022,2,2024,3,4239.81,31281.42
5925,2022,0,2022,1,24140.45,22828.62
5925,2022,1,2023,2,8208.91,30591.44
5925,2022,2,2024,3,4527.01,34872.45
5926,2022,0,2022,1,16312.59,16312.59
5926,2022,1,2023,2,6501.44,22814.03
5926,2022,2,2024,3,3726.03,26540.06
5927,2022,0,2022,1,21439.79,19636.5
5927,2022,1,2023,2,10936.86,29653.47
5927,2022,2,2024,3,1075.49,30638.51
5928,2022,0,2022,1,14117.04,13407.06
5928,2022,1,2023,2,6423.29,19507.31
5928,2022,2,2024,3,2351.93,21740.95
5929,2022,0,2022,1,14255.77,13127.59
5929,2022,1,2023,2,5367.38,18070.21
5929,2022,2,2024,3,1731.4,19664.59
5931,2022,0,2022,1,7550.02,7120.58
5931,2022,1,2023,2,2798.96,9760.35
5931,2022,2,2024,3,1612.63,11281.25
5932,2022,0,2022,1,17810.51,16353.87
5932,2022,1,2023,2,7831.61,23544.97
5932,2022,2,2024,3,1537.54,24956.76
5933,2022,0,2022,1,2874.71,2612.31
5933,2022,1,2023,2,1206.03,3708.26
5933,2022,2,2024,3,241.28,3927.52
5935,2022,0,2022,1,15638.52,14343.24
5935,2022,1,2023,2,6927.69,20697.14
5935,2022,2,2024,3,930.86,21550.89
5936,2022,0,2022,1,4992.98,4764.28
5936,2022,1,2023,2,1886.16,6564.05
5936,2022,2,2024,3,1175.29,7685.5
5937,2022,0,2022,1,11663.08,11416.27
5937,2022,1,2023,2,5315.3,16619.1
5937,2022,2,2024,3,1778.22,18359.68
5938,2022,0,2022,1,11177.98,10668.51
5938,2022,1,2023,2,4066.63,14549.79
5938,2022,2,2024,3,1977.09,16436.76
5939,2022,0,2022,1,19823.75,18758.56
5939,2022,1,2023,2,6196.09,24621.71
5939,2022,2,2024,3,4292.73,28683.77
5940,2022,0,2022,1,12120.65,11844.09
5940,2022,1,2023,2,5401.58,17122.43
5940,2022,2,2024,3,2150.14,19223.51
5941,2022,0,2022,1,6009.56,5630.36
5941,2022,1,2023,2,2007.52,7511.2
5941,2022,2,2024,3,1021.88,8468.6
5942,2022,0,2022,1,7541.32,7529.03
5942,2022,1,2023,2,3571.1,11094.31
5942,2022,2,2024,3,2000.22,13091.27
5943,2022,0,2022,1,3536.74,3536.74
5943,2022,1,2023,2,1700.83,5237.57
5943,2022,2,2024,3,596,5833.57
5944,2022,0,2022,1,20953.42,20449.48
5944,2022,1,2023,2,6665.29,26954.46
5944,2022,2,2024,3,5005.88,31839.95
5945,2022,0,2022,1,456.05,452.84
5945,2022,1,2023,2,238.55,689.71
5945,2022,2,2024,3,94.15,783.2
5946,2022,0,2022,1,5558.23,5340.28
5946,2022,1,2023,2,1984.04,7246.53
5946,2022,2,2024,3,1057.77,8262.82
5948,2022,0,2022,1,1119.93,1043.29
5948,2022,1,2023,2,403.1,1418.81
5948,2022,2,2024,3,217.8,1621.71
5949,2022,0,2022,1,4381.2,3975.72
5949,2022,1,2023,2,1904.39,5703.86
5949,2022,2,2024,3,257.44,5937.48
5950,2022,0,2022,1,4691.2,4163.28
5950,2022,1,2023,2,2013.35,5950.06
5950,2022,2,2024,3,261.59,6182.21
5951,2022,0,2022,1,8795.9,8061.46
5951,2022,1,2023,2,3167.87,10964.82
5951,2022,2,2024,3,1214.19,12077.62
5952,2022,0,2022,1,1904.39,1799.33
5952,2022,1,2023,2,849.72,2602.18
5952,2022,2,2024,3,225.18,2814.94
5953,2022,0,2022,1,766.99,719.27
5953,2022,1,2023,2,337.46,1035.73
5953,2022,2,2024,3,97.9,1127.54
5955,2022,0,2022,1,2378,2280.41
5955,2022,1,2023,2,934.27,3176.34
5955,2022,2,2024,3,401.34,3561.21
5956,2022,0,2022,1,9311.49,9087.39
5956,2022,1,2023,2,4160.99,13148.24
5956,2022,2,2024,3,1448.33,14561.71
5957,2022,0,2022,1,10861.48,9645.23
5957,2022,1,2023,2,4267.26,13434.65
5957,2022,2,2024,3,1309.75,14597.74
5958,2022,0,2022,1,78961.36,78785.67
5958,2022,1,2023,2,35900.45,114606.24
5958,2022,2,2024,3,17489.97,132057.29
5960,2022,0,2022,1,11615.46,10877.96
5960,2022,1,2023,2,5207.93,15755.23
5960,2022,2,2024,3,1263.92,16938.9
5961,2022,0,2022,1,8304.16,7580.38
5961,2022,1,2023,2,3299.29,10592.1
5961,2022,2,2024,3,759.97,11285.83
5962,2022,0,2022,1,1136.12,1081.28
5962,2022,1,2023,2,499.21,1556.4
5962,2022,2,2024,3,136.16,1685.98
5963,2022,0,2022,1,57071.42,53732.05
5963,2022,1,2023,2,21860.02,74313
5963,2022,2,2024,3,9564.52,83317.88
5964,2022,0,2022,1,8637.26,7765.23
5964,2022,1,2023,2,3712.89,11103.27
5964,2022,2,2024,3,973.54,11978.51
5965,2022,0,2022,1,13662.62,12071.63
5965,2022,1,2023,2,5009.25,16497.56
5965,2022,2,2024,3,1529.87,17849.28
5966,2022,0,2022,1,17997.29,17637.18
5966,2022,1,2023,2,6987.14,24484.51
5966,2022,2,2024,3,3095.32,27517.9
5967,2022,0,2022,1,25490.82,25490.82
5967,2022,1,2023,2,10967.27,36458.09
5967,2022,2,2024,3,7586.4,44044.49
5968,2022,0,2022,1,6924.75,6531.66
5968,2022,1,2023,2,2392.67,8788.5
5968,2022,2,2024,3,1396.61,10105.83
5970,2022,0,2022,1,5670.31,5275.6
5970,2022,1,2023,2,2163.66,7288.64
5970,2022,2,2024,3,839.18,8069.4
5972,2022,0,2022,1,18616.78,18086.7
5972,2022,1,2023,2,7660.06,25528.66
5972,2022,2,2024,3,3755.34,29177.08
5973,2022,0,2022,1,54544.9,51627.25
5973,2022,1,2023,2,25330.71,75602.99
5973,2022,2,2024,3,5950.99,81235.66
5974,2022,0,2022,1,11392.27,11210.23
5974,2022,1,2023,2,3594.94,14747.72
5974,2022,2,2024,3,2862.76,17564.74
5975,2022,0,2022,1,16146.25,15774.02
5975,2022,1,2023,2,7197.2,22805.3
5975,2022,2,2024,3,3540.12,26263.81
5978,2022,0,2022,1,19294.25,17696.19
5978,2022,1,2023,2,9021.12,25970.12
5978,2022,2,2024,3,1017.01,26902.89
5979,2022,0,2022,1,285.9,268.35
5979,2022,1,2023,2,133.63,393.77
5979,2022,2,2024,3,42.43,433.6
5982,2022,0,2022,1,491.75,461.66
5982,2022,1,2023,2,214.94,663.45
5982,2022,2,2024,3,101.86,759.07
5983,2022,0,2022,1,16700.52,15615.3
5983,2022,1,2023,2,6725.41,21903.69
5983,2022,2,2024,3,1544.64,23347.96
5984,2022,0,2022,1,1505.51,1399.84
5984,2022,1,2023,2,599.33,1957.09
5984,2022,2,2024,3,143.49,2090.51
5985,2022,0,2022,1,4108.44,3958.13
5985,2022,1,2023,2,1870.22,5759.92
5985,2022,2,2024,3,593.3,6331.51
5987,2022,0,2022,1,15340.31,14450.03
5987,2022,1,2023,2,5357.2,19496.32
5987,2022,2,2024,3,2900.32,22228.32
5988,2022,0,2022,1,4278.33,3820.61
5988,2022,1,2023,2,1697.5,5336.5
5988,2022,2,2024,3,391.36,5685.99
5989,2022,0,2022,1,8273.8,8109.43
5989,2022,1,2023,2,3981.5,12011.83
5989,2022,2,2024,3,1187.84,13176.07
5990,2022,0,2022,1,2018.76,1876.37
5990,2022,1,2023,2,717.26,2543.04
5990,2022,2,2024,3,270.48,2794.45
5991,2022,0,2022,1,4146.91,3787.57
5991,2022,1,2023,2,1840.82,5468.88
5991,2022,2,2024,3,400.74,5834.9
5992,2022,0,2022,1,6609.46,5879.07
5992,2022,1,2023,2,2543.59,8141.57
5992,2022,2,2024,3,394.12,8492.14
5993,2022,0,2022,1,38321.1,37052.08
5993,2022,1,2023,2,18759.47,55190.31
5993,2022,2,2024,3,5871.01,60866.9
5994,2022,0,2022,1,21635.7,19985.71
5994,2022,1,2023,2,6588.04,26071.33
5994,2022,2,2024,3,3110.26,28944.39
5996,2022,0,2022,1,17275,16345.12
5996,2022,1,2023,2,6774.52,22754.98
5996,2022,2,2024,3,2367.01,24994.58
5997,2022,0,2022,1,6185.81,5645.19
5997,2022,1,2023,2,2748.52,8153.5
5997,2022,2,2024,3,622.64,8721.72
5998,2022,0,2022,1,1187.33,1184.1
5998,2022,1,2023,2,553.27,1735.86
5998,2022,2,2024,3,278.88,2013.98
5999,2022,0,2022,1,20836.59,18968.4
5999,2022,1,2023,2,8925.62,27093.76
5999,2022,2,2024,3,1750.92,28687.69
6000,2022,0,2022,1,9674.65,8975.82
6000,2022,1,2023,2,3733.03,12439.19
6000,2022,2,2024,3,1610.26,13933.14
6001,2022,0,2022,1,4351.42,4162
6001,2022,1,2023,2,1823.53,5906.15
6001,2022,2,2024,3,962.88,6827.11
6002,2022,0,2022,1,6440.51,6312.24
6002,2022,1,2023,2,2948.65,9202.16
6002,2022,2,2024,3,1528.13,10699.85
6003,2022,0,2022,1,7963.61,7588.01
6003,2022,1,2023,2,3085.93,10528.39
6003,2022,2,2024,3,1409.38,11871.3
6004,2022,0,2022,1,3506.07,3221.39
6004,2022,1,2023,2,1335.34,4448.29
6004,2022,2,2024,3,494.53,4902.67
6005,2022,0,2022,1,3538.52,3469.14
6005,2022,1,2023,2,2002.04,5431.92
6005,2022,2,2024,3,812.79,6228.77
6006,2022,0,2022,1,9646.41,9076.77
6006,2022,1,2023,2,4068.96,12905.46
6006,2022,2,2024,3,1211.79,14045.69
6007,2022,0,2022,1,1336.54,1285.6
6007,2022,1,2023,2,513.12,1779.17
6007,2022,2,2024,3,305.62,2073.14
6008,2022,0,2022,1,7038.33,6670.14
6008,2022,1,2023,2,2788.28,9312.55
6008,2022,2,2024,3,1399.77,10639.1
6009,2022,0,2022,1,4664.43,4466.55
6009,2022,1,2023,2,1560.47,5960.81
6009,2022,2,2024,3,1065.94,6981.53
6010,2022,0,2022,1,2858.44,2573.03
6010,2022,1,2023,2,1414.68,3846.45
6010,2022,2,2024,3,14.26,3859.29
6011,2022,0,2022,1,11157.24,10748.26
6011,2022,1,2023,2,3554.01,14172
6011,2022,2,2024,3,2618.87,16694.88
6012,2022,0,2022,1,14943.16,14176.71
6012,2022,1,2023,2,5697.92,19582.38
6012,2022,2,2024,3,2298.82,21763.29
6013,2022,0,2022,1,32752.98,31372.48
6013,2022,1,2023,2,13348.58,44158.43
6013,2022,2,2024,3,8294.37,52103.21
6014,2022,0,2022,1,31289.69,29628.41
6014,2022,1,2023,2,12210.3,41190.42
6014,2022,2,2024,3,5157.17,46073.78
6015,2022,0,2022,1,8250.49,7817.2
6015,2022,1,2023,2,4361.42,11949.57
6015,2022,2,2024,3,1091.17,12983.44
6016,2022,0,2022,1,11332.25,10580.83
6016,2022,1,2023,2,5299.92,15529.33
6016,2022,2,2024,3,1730.71,17145.28
6017,2022,0,2022,1,18512.19,17416.88
6017,2022,1,2023,2,10228.6,27040.29
6017,2022,2,2024,3,1453.29,28407.59
6018,2022,0,2022,1,102465.55,92760.7
6018,2022,1,2023,2,48607.64,136764.55
6018,2022,2,2024,3,5258.63,141525.12
6019,2022,0,2022,1,7095.01,6888.7
6019,2022,1,2023,2,3475.68,10263.32
6019,2022,2,2024,3,726.12,10968.33
6020,2022,0,2022,1,20744.8,19794.83
6020,2022,1,2023,2,10161.73,29491.23
6020,2022,2,2024,3,3315.67,32655.06
6021,2022,0,2022,1,3663.86,3546.82
6021,2022,1,2023,2,1355.59,4859.11
6021,2022,2,2024,3,849.58,5681.54
6022,2022,0,2022,1,591.54,541.64
6022,2022,1,2023,2,324.22,838.51
6022,2022,2,2024,3,33.85,869.51
6023,2022,0,2022,1,1851.31,1743.95
6023,2022,1,2023,2,546.04,2258.33
6023,2022,2,2024,3,442.8,2675.45
6024,2022,0,2022,1,8008.01,7357.88
6024,2022,1,2023,2,3142.45,10245.21
6024,2022,2,2024,3,1051.26,11211.13
6026,2022,0,2022,1,18176.24,17785.89
6026,2022,1,2023,2,7313.31,24942.14
6026,2022,2,2024,3,3479.29,28346.71
6027,2022,0,2022,1,21104.45,20168.26
6027,2022,1,2023,2,10932.66,30615.96
6027,2022,2,2024,3,3753.45,34202.91
6028,2022,0,2022,1,4860.99,4660.27
6028,2022,1,2023,2,2234.29,6802.3
6028,2022,2,2024,3,547.21,7326.92
6029,2022,0,2022,1,19307.32,18600.91
6029,2022,1,2023,2,9289.86,27550.88
6029,2022,2,2024,3,3220.99,30654.02
6031,2022,0,2022,1,21217.03,20672.18
6031,2022,1,2023,2,8006.14,28472.72
6031,2022,2,2024,3,4785.16,33135
6032,2022,0,2022,1,10602.68,9834.85
6032,2022,1,2023,2,4052.88,13594.23
6032,2022,2,2024,3,1850.53,15310.75
6034,2022,0,2022,1,25165.32,24754.85
6034,2022,1,2023,2,11227.39,35799.1
6034,2022,2,2024,3,4622.68,40346.38
6035,2022,0,2022,1,4234.95,4029.55
6035,2022,1,2023,2,1966.51,5900.69
6035,2022,2,2024,3,551.86,6425.78
6036,2022,0,2022,1,27159.19,26842.56
6036,2022,1,2023,2,12827.63,39520.65
6036,2022,2,2024,3,6719.96,46162.26
6037,2022,0,2022,1,3015.16,2937.55
6037,2022,1,2023,2,1300.12,4204.2
6037,2022,2,2024,3,424.64,4617.91
6038,2022,0,2022,1,13688.13,13188.74
6038,2022,1,2023,2,6106.55,19072.5
6038,2022,2,2024,3,2078.4,21075.07
6040,2022,0,2022,1,6839.08,6535.78
6040,2022,1,2023,2,3176.29,9571.21
6040,2022,2,2024,3,1241.77,10757.91
6041,2022,0,2022,1,4111.73,4092.34
6041,2022,1,2023,2,1400.51,5486.24
6041,2022,2,2024,3,1188.75,6669.38
6044,2022,0,2022,1,24415.26,23080.05
6044,2022,1,2023,2,11437.63,33892.19
6044,2022,2,2024,3,4246.6,37906.55
6045,2022,0,2022,1,9955.83,9499.13
6045,2022,1,2023,2,4543.22,13833.95
6045,2022,2,2024,3,1519.67,15283.9
6046,2022,0,2022,1,22309.48,20985.28
6046,2022,1,2023,2,9684.44,30094.89
6046,2022,2,2024,3,2881.32,32805.18
6047,2022,0,2022,1,27548.17,25821.16
6047,2022,1,2023,2,12987.56,37994.52
6047,2022,2,2024,3,4161.66,41895.29
6048,2022,0,2022,1,8414.21,7876.54
6048,2022,1,2023,2,2839.1,10534.21
6048,2022,2,2024,3,1619.97,12050.66
6050,2022,0,2022,1,16457.41,16141.41
6050,2022,1,2023,2,7388,23387.55
6050,2022,2,2024,3,3235.74,26561.16
6051,2022,0,2022,1,4573.59,4227.84
6051,2022,1,2023,2,1809.88,5900.91
6051,2022,2,2024,3,394.48,6265.56
6052,2022,0,2022,1,30484.98,28932.16
6052,2022,1,2023,2,12316.58,40621.37
6052,2022,2,2024,3,2967.09,43437.33
6053,2022,0,2022,1,26142.76,26142.76
6053,2022,1,2023,2,10482.47,36625.23
6053,2022,2,2024,3,7396.37,44021.6
6054,2022,0,2022,1,1431.59,1342.28
6054,2022,1,2023,2,469.53,1782.51
6054,2022,2,2024,3,287.34,2051.92
6055,2022,0,2022,1,11279.21,10870.08
6055,2022,1,2023,2,3850.68,14581.08
6055,2022,2,2024,3,2950.78,17424.83
6056,2022,0,2022,1,17208.23,16692.18
6056,2022,1,2023,2,5927.63,22442.05
6056,2022,2,2024,3,5465.23,27743.39
6057,2022,0,2022,1,8359.29,7685.14
6057,2022,1,2023,2,4277.66,11617.82
6057,2022,2,2024,3,477.32,12056.65
6059,2022,0,2022,1,3014.52,2853.63
6059,2022,1,2023,2,1248.01,4035.04
6059,2022,2,2024,3,492.21,4500.98
6061,2022,0,2022,1,14098.08,13204.87
6061,2022,1,2023,2,6423.12,19221.05
6061,2022,2,2024,3,2689.2,21739.87
6062,2022,0,2022,1,19485.33,17866.66
6062,2022,1,2023,2,9391.13,26477.66
6062,2022,2,2024,3,1224.45,27600.39
6063,2022,0,2022,1,3898.93,3864.94
6063,2022,1,2023,2,1240.48,5094.6
6063,2022,2,2024,3,963.15,6049.36
6064,2022,0,2022,1,3817.17,3557.86
6064,2022,1,2023,2,1992.98,5415.45
6064,2022,2,2024,3,359.7,5750.71
6065,2022,0,2022,1,10119.42,9638.83
6065,2022,1,2023,2,5010.06,14410.96
6065,2022,2,2024,3,1596.39,15931.54
6067,2022,0,2022,1,5998.68,5625.68
6067,2022,1,2023,2,2269.73,7754.29
6067,2022,2,2024,3,1064.12,8752.24
6068,2022,0,2022,1,1260.95,1231.64
6068,2022,1,2023,2,451.73,1672.87
6068,2022,2,2024,3,314.91,1980.47
6069,2022,0,2022,1,11961.84,11330.35
6069,2022,1,2023,2,5560.11,16596.94
6069,2022,2,2024,3,1485.41,18003.93
6070,2022,0,2022,1,21474.7,20456.41
6070,2022,1,2023,2,8506.46,28559.5
6070,2022,2,2024,3,3593.98,31983.06
6071,2022,0,2022,1,12712.59,11766.83
6071,2022,1,2023,2,4832.54,16239.85
6071,2022,2,2024,3,1108.84,17266.19
6072,2022,0,2022,1,4793.12,4739.46
6072,2022,1,2023,2,1738.09,6458.1
6072,2022,2,2024,3,1482.25,7923.76
6075,2022,0,2022,1,1518.96,1444.77
6075,2022,1,2023,2,535.11,1953.75
6075,2022,2,2024,3,287.65,2227.35
6078,2022,0,2022,1,45761.5,44104.29
6078,2022,1,2023,2,16428.66,59938
6078,2022,2,2024,3,11938.13,71443.8
6080,2022,0,2022,1,963.52,867.48
6080,2022,1,2023,2,405.51,1232.58
6080,2022,2,2024,3,43.67,1271.9
6081,2022,0,2022,1,19170.29,18502.37
6081,2022,1,2023,2,9382.21,27557.68
6081,2022,2,2024,3,3708.46,31136.93
6082,2022,0,2022,1,9034.91,8847.95
6082,2022,1,2023,2,3933.05,12699.61
6082,2022,2,2024,3,1961.81,14620.83
6083,2022,0,2022,1,9999.77,9062.61
6083,2022,1,2023,2,4108.81,12786.35
6083,2022,2,2024,3,628.24,13355.71
6084,2022,0,2022,1,11359.94,10645.33
6084,2022,1,2023,2,5976.75,16246.11
6084,2022,2,2024,3,1777.46,17911.75
6085,2022,0,2022,1,1640.15,1528.95
6085,2022,1,2023,2,619.58,2106.52
6085,2022,2,2024,3,235.77,2326.31
6086,2022,0,2022,1,17284.63,17176.3
6086,2022,1,2023,2,7615.1,24743.67
6086,2022,2,2024,3,3053.09,27777.62
6087,2022,0,2022,1,15273.29,14654.45
6087,2022,1,2023,2,5774.4,20194.89
6087,2022,2,2024,3,3575,23625.04
6088,2022,0,2022,1,17934.6,17785.86
6088,2022,1,2023,2,7190.02,24916.26
6088,2022,2,2024,3,3974.56,28857.86
6089,2022,0,2022,1,28796.24,26561.55
6089,2022,1,2023,2,13218.88,38754.59
6089,2022,2,2024,3,2023.36,40620.93
6090,2022,0,2022,1,4371.76,4172.78
6090,2022,1,2023,2,2170.76,6244.74
6090,2022,2,2024,3,530.4,6751
6091,2022,0,2022,1,9746.84,9371.09
6091,2022,1,2023,2,3323.78,12566.74
6091,2022,2,2024,3,1617.48,14121.87
6092,2022,0,2022,1,12650.57,11954.39
6092,2022,1,2023,2,6028.79,17651.4
6092,2022,2,2024,3,1515.66,19083.66
6093,2022,0,2022,1,7695.65,6887.3
6093,2022,1,2023,2,3468.51,9991.48
6093,2022,2,2024,3,300.99,10260.85
6094,2022,0,2022,1,6709.2,6427.34
6094,2022,1,2023,2,2428.57,8753.89
6094,2022,2,2024,3,795.51,9515.98
6095,2022,0,2022,1,2640.02,2527.81
6095,2022,1,2023,2,1286.66,3759.79
6095,2022,2,2024,3,292.91,4040.25
6096,2022,0,2022,1,5082.88,4801.45
6096,2022,1,2023,2,2175.2,6856.21
6096,2022,2,2024,3,966.4,7769.1
6097,2022,0,2022,1,4008.32,3944.97
6097,2022,1,2023,2,1580.9,5500.88
6097,2022,2,2024,3,1077.01,6560.86
6098,2022,0,2022,1,20017.65,18790.06
6098,2022,1,2023,2,9215.88,27440.77
6098,2022,2,2024,3,2923.24,30184.74
6099,2022,0,2022,1,11497.2,11105.75
6099,2022,1,2023,2,6475.39,17360.68
6099,2022,2,2024,3,1160.81,18481.96
6100,2022,0,2022,1,3973.53,3602.51
6100,2022,1,2023,2,1835.68,5266.78
6100,2022,2,2024,3,219.56,5465.85
6102,2022,0,2022,1,5317.78,5193.06
6102,2022,1,2023,2,2367.57,7505.1
6102,2022,2,2024,3,877.32,8361.85
6103,2022,0,2022,1,2323.87,2181.82
6103,2022,1,2023,2,1016.76,3136.43
6103,2022,2,2024,3,346.71,3461.94
6104,2022,0,2022,1,6517.21,6404.5
6104,2022,1,2023,2,2068.71,8437.43
6104,2022,2,2024,3,1970.31,10373.67
6105,2022,0,2022,1,27067.24,26140.93
6105,2022,1,2023,2,15897.85,41494.71
6105,2022,2,2024,3,1767.31,43201.54
6106,2022,0,2022,1,7511.42,7016.42
6106,2022,1,2023,2,2984.68,9804.41
6106,2022,2,2024,3,1183.42,10909.85
6107,2022,0,2022,1,1945.36,1871.38
6107,2022,1,2023,2,860.68,2699.33
6107,2022,2,2024,3,461.45,3143.24
6108,2022,0,2022,1,2067.59,1908.2
6108,2022,1,2023,2,818.22,2663.34
6108,2022,2,2024,3,176.27,2826.02
6109,2022,0,2022,1,9823.61,9379.32
6109,2022,1,2023,2,4257.69,13444.46
6109,2022,2,2024,3,2089.22,15439.19
6110,2022,0,2022,1,3108.13,2826.19
6110,2022,1,2023,2,1462.79,4156.29
6110,2022,2,2024,3,206.67,4344.21
6111,2022,0,2022,1,68085.55,65697.68
6111,2022,1,2023,2,24342.16,89186.12
6111,2022,2,2024,3,14496.35,103174.06
6112,2022,0,2022,1,12170.56,11768.19
6112,2022,1,2023,2,5589.6,17172.99
6112,2022,2,2024,3,2984.64,20058.95
6113,2022,0,2022,1,15866.1,14879.67
6113,2022,1,2023,2,8350.74,22711.22
6113,2022,2,2024,3,1844.74,24441.26
6114,2022,0,2022,1,15617.94,14298.55
6114,2022,1,2023,2,7247.55,20933.84
6114,2022,2,2024,3,1266.7,22093.52
6117,2022,0,2022,1,47997.19,45826.86
6117,2022,1,2023,2,21095.53,65968.5
6117,2022,2,2024,3,9561.02,75097.19
6118,2022,0,2022,1,3359.28,3220.07
6118,2022,1,2023,2,1443.87,4604.1
6118,2022,2,2024,3,669.66,5246
6119,2022,0,2022,1,21669.42,20890.22
6119,2022,1,2023,2,9456.81,30006.98
6119,2022,2,2024,3,4594.63,34436.39
6120,2022,0,2022,1,11142.41,10510.35
6120,2022,1,2023,2,5758.01,15941.73
6120,2022,2,2024,3,923.99,16813.31
6121,2022,0,2022,1,8963.64,8963.64
6121,2022,1,2023,2,3774.33,12737.97
6121,2022,2,2024,3,1847.49,14585.46
6122,2022,0,2022,1,2860.41,2535.75
6122,2022,1,2023,2,1319.48,3705.47
6122,2022,2,2024,3,43.12,3743.7
6123,2022,0,2022,1,15696.79,14430.1
6123,2022,1,2023,2,6138.77,20073.49
6123,2022,2,2024,3,2648.06,22507.86
6124,2022,0,2022,1,11519.22,10860.83
6124,2022,1,2023,2,4696.86,15289.24
6124,2022,2,2024,3,2102.1,17271.19
6125,2022,0,2022,1,4641.01,4359.41
6125,2022,1,2023,2,1796.69,6047.09
6125,2022,2,2024,3,645.27,6653.2
6126,2022,0,2022,1,7452.11,7305.56
6126,2022,1,2023,2,3111.03,10355.41
6126,2022,2,2024,3,2089.57,12403.89
6127,2022,0,2022,1,7256.7,6780.25
6127,2022,1,2023,2,2751.31,9350.92
6127,2022,2,2024,3,1043.81,10326.21
6128,2022,0,2022,1,7523.57,7489.46
6128,2022,1,2023,2,3462.24,10936.01
6128,2022,2,2024,3,1569.02,12497.91
6129,2022,0,2022,1,27415.8,25180.32
6129,2022,1,2023,2,11597.83,35832.48
6129,2022,2,2024,3,1453.21,37167.19
6131,2022,0,2022,1,1096.96,1062.55
6131,2022,1,2023,2,494.69,1541.73
6131,2022,2,2024,3,140.32,1677.64
6132,2022,0,2022,1,3451.57,3227.48
6132,2022,1,2023,2,1528.54,4656.78
6132,2022,2,2024,3,339.27,4974.03
6133,2022,0,2022,1,11617.04,10696.95
6133,2022,1,2023,2,5814.79,16051.2
6133,2022,2,2024,3,1100.56,17064.59
6134,2022,0,2022,1,9157.65,9055.95
6134,2022,1,2023,2,4430.94,13437.68
6134,2022,2,2024,3,2094.11,15508.54
6135,2022,0,2022,1,8295.43,7806.93
6135,2022,1,2023,2,3430.04,11034.99
6135,2022,2,2024,3,895.32,11877.59
6136,2022,0,2022,1,4564.4,4380.39
6136,2022,1,2023,2,1935.74,6238.1
6136,2022,2,2024,3,739.88,6948.15
6137,2022,0,2022,1,5838.15,5446.81
6137,2022,1,2023,2,2462.11,7743.88
6137,2022,2,2024,3,578.4,8283.51
6138,2022,0,2022,1,3411.57,3272.8
6138,2022,1,2023,2,1434.88,4649.31
6138,2022,2,2024,3,744.33,5363.37
6142,2022,0,2022,1,6391.6,5752.09
6142,2022,1,2023,2,2379.76,7893.74
6142,2022,2,2024,3,812.21,8624.69
6143,2022,0,2022,1,5230.8,4980.78
6143,2022,1,2023,2,2430.14,7294.77
6143,2022,2,2024,3,732.15,7991.93
6144,2022,0,2022,1,12794.08,11943.9
6144,2022,1,2023,2,4088.31,15760.54
6144,2022,2,2024,3,2262.8,17872.97
6145,2022,0,2022,1,6002.35,5638.37
6145,2022,1,2023,2,2831.04,8297.73
6145,2022,2,2024,3,781.26,9031.61
6147,2022,0,2022,1,22079.18,21448.2
6147,2022,1,2023,2,10137,31295.52
6147,2022,2,2024,3,3647.85,34839.12
6148,2022,0,2022,1,14559.24,13199.06
6148,2022,1,2023,2,5340.35,18040.49
6148,2022,2,2024,3,1366.11,19278.96
6149,2022,0,2022,1,7799.92,7255.26
6149,2022,1,2023,2,2969.63,10017.53
6149,2022,2,2024,3,969.82,10919.63
6150,2022,0,2022,1,345.19,336.98
6150,2022,1,2023,2,148.21,481.67
6150,2022,2,2024,3,62.77,542.95
6151,2022,0,2022,1,71285.07,67693.8
6151,2022,1,2023,2,24042.98,90525.51
6151,2022,2,2024,3,14107.33,103922.13
6152,2022,0,2022,1,11366.57,10819.47
6152,2022,1,2023,2,4237.23,14852.76
6152,2022,2,2024,3,2514.86,17246.57
6153,2022,0,2022,1,173936.64,156394.82
6153,2022,1,2023,2,73489.28,222472.58
6153,2022,2,2024,3,9928.89,231400.13
6154,2022,0,2022,1,747.29,737.88
6154,2022,1,2023,2,218.54,953.67
6154,2022,2,2024,3,232.96,1183.7
6155,2022,0,2022,1,544.44,517.96
6155,2022,1,2023,2,157.63,667.93
6155,2022,2,2024,3,165.58,825.45
6156,2022,0,2022,1,21405.15,20416.84
6156,2022,1,2023,2,8770.66,28782.55
6156,2022,2,2024,3,2822.14,31474.39
6157,2022,0,2022,1,6710.68,6710.68
6157,2022,1,2023,2,2657.27,9367.95
6157,2022,2,2024,3,1699.45,11067.4
6158,2022,0,2022,1,6102.93,5589.76
6158,2022,1,2023,2,2238.08,7639.65
6158,2022,2,2024,3,738.39,8315.96
6159,2022,0,2022,1,7738.71,7477.71
6159,2022,1,2023,2,3998.36,11341.22
6159,2022,2,2024,3,1338.56,12634.63
6160,2022,0,2022,1,16001.24,15405.66
6160,2022,1,2023,2,5689.07,20882.98
6160,2022,2,2024,3,3200.54,23964.4
6162,2022,0,2022,1,7650.19,7104.71
6162,2022,1,2023,2,2618.58,9536.58
6162,2022,2,2024,3,1734.38,11147.29
6163,2022,0,2022,1,1502.28,1463.01
6163,2022,1,2023,2,757.41,2200.61
6163,2022,2,2024,3,200.43,2395.8
6164,2022,0,2022,1,1125.67,1106.35
6164,2022,1,2023,2,453.38,1551.96
6164,2022,2,2024,3,339.71,1885.84
6165,2022,0,2022,1,17009.71,16518.51
6165,2022,1,2023,2,5938.2,22285.23
6165,2022,2,2024,3,4430.81,26588.08
6166,2022,0,2022,1,10290.06,9666.55
6166,2022,1,2023,2,3454.24,12911.49
6166,2022,2,2024,3,2355.01,15123.8
6167,2022,0,2022,1,4416.66,4251.21
6167,2022,1,2023,2,1703.3,5890.7
6167,2022,2,2024,3,808.78,6669.18
6168,2022,0,2022,1,12038.24,11777.19
6168,2022,1,2023,2,3929.31,15621.3
6168,2022,2,2024,3,3158.9,18711.7
6169,2022,0,2022,1,18016.03,17655.11
6169,2022,1,2023,2,8503.82,25988.58
6169,2022,2,2024,3,3760.23,29673.48
6175,2022,0,2022,1,20207.17,19877.61
6175,2022,1,2023,2,9330.17,29055.61
6175,2022,2,2024,3,2936.27,31943.99
6176,2022,0,2022,1,931.03,885.91
6176,2022,1,2023,2,423.26,1288.67
6176,2022,2,2024,3,61.75,1347.43
6177,2022,0,2022,1,4476.54,4013.86
6177,2022,1,2023,2,1921.36,5736.63
6177,2022,2,2024,3,278.98,5986.77
6178,2022,0,2022,1,12107.79,10886.87
6178,2022,1,2023,2,5259.09,15615.65
6178,2022,2,2024,3,1181.55,16678.05
6181,2022,0,2022,1,9461.87,8707.48
6181,2022,1,2023,2,3547.59,11972.23
6181,2022,2,2024,3,1426.53,13285.02
6182,2022,0,2022,1,12212.02,11403.46
6182,2022,1,2023,2,4777.13,15864.3
6182,2022,2,2024,3,2315.86,18026.84
6183,2022,0,2022,1,19657.15,18801.8
6183,2022,1,2023,2,7401.19,25880.94
6183,2022,2,2024,3,4068.61,29772.51
6187,2022,0,2022,1,8505.13,7828.38
6187,2022,1,2023,2,3847.68,11369.9
6187,2022,2,2024,3,1478.62,12730.86
6189,2022,0,2022,1,8291.6,7971.59
6189,2022,1,2023,2,3977.03,11795.13
6189,2022,2,2024,3,1316.6,13060.91
6190,2022,0,2022,1,17595.5,17006.16
6190,2022,1,2023,2,7995.19,24733.57
6190,2022,2,2024,3,4327.94,28916.55
6192,2022,0,2022,1,7227.52,6767.73
6192,2022,1,2023,2,2753,9345.6
6192,2022,2,2024,3,1539.28,10786.96
6194,2022,0,2022,1,5536.87,5265.96
6194,2022,1,2023,2,2226.99,7383.99
6194,2022,2,2024,3,1000.05,8335.11
6195,2022,0,2022,1,4008.64,3833.77
6195,2022,1,2023,2,1871.3,5623.44
6195,2022,2,2024,3,701.93,6294.75
6196,2022,0,2022,1,10304.38,9481.8
6196,2022,1,2023,2,4621.13,13734.03
6196,2022,2,2024,3,742.23,14417
6197,2022,0,2022,1,22542.06,20850.84
6197,2022,1,2023,2,10618.4,30672.59
6197,2022,2,2024,3,2195.5,32703.37
6198,2022,0,2022,1,597.51,564.57
6198,2022,1,2023,2,332.52,878.76
6198,2022,2,2024,3,34.79,911.63
6199,2022,0,2022,1,15592.02,15007.21
6199,2022,1,2023,2,8145.1,22846.81
6199,2022,2,2024,3,2150.18,24916.35
6200,2022,0,2022,1,69671.21,63059.08
6200,2022,1,2023,2,27122.01,87607.09
6200,2022,2,2024,3,6797.75,93759.7
6201,2022,0,2022,1,1382.18,1355.84
6201,2022,1,2023,2,460.65,1807.71
6201,2022,2,2024,3,434.88,2234.3
6204,2022,0,2022,1,41099.94,38517.78
6204,2022,1,2023,2,18720.37,56062.01
6204,2022,2,2024,3,5584.2,61295.37
6205,2022,0,2022,1,56392.69,53153.78
6205,2022,1,2023,2,29046.68,80532.17
6205,2022,2,2024,3,7873.87,87953.8
6206,2022,0,2022,1,1513.69,1513.69
6206,2022,1,2023,2,573.91,2087.61
6206,2022,2,2024,3,414.62,2502.23
6207,2022,0,2022,1,5268.12,5165.78
6207,2022,1,2023,2,2180.1,7303.53
6207,2022,2,2024,3,1012.41,8296.27
6208,2022,0,2022,1,12968.95,12170.98
6208,2022,1,2023,2,4700.53,16582.29
6208,2022,2,2024,3,2300.61,18741.34
6209,2022,0,2022,1,60201.58,55643.21
6209,2022,1,2023,2,28246.59,81751.01
6209,2022,2,2024,3,6964.23,88187.92
6210,2022,0,2022,1,2433.66,2363.59
6210,2022,1,2023,2,1028.93,3362.9
6210,2022,2,2024,3,445.38,3795.45
6211,2022,0,2022,1,6223.59,6196.66
6211,2022,1,2023,2,2134.06,8321.49
6211,2022,2,2024,3,1604.43,9918.98
6212,2022,0,2022,1,17666.18,16345.34
6212,2022,1,2023,2,7615.1,23391.09
6212,2022,2,2024,3,1330.76,24622.36
6214,2022,0,2022,1,17598.02,16919.99
6214,2022,1,2023,2,8401.49,24997.78
6214,2022,2,2024,3,2807.4,27697.02
6215,2022,0,2022,1,11744.7,10852.15
6215,2022,1,2023,2,3979.55,14529.27
6215,2022,2,2024,3,1627.7,16033.27
6216,2022,0,2022,1,7582.75,7054
6216,2022,1,2023,2,3120.27,9956.69
6216,2022,2,2024,3,449.64,10374.98
6219,2022,0,2022,1,3769.2,3536.73
6219,2022,1,2023,2,1450.9,4898.14
6219,2022,2,2024,3,576.4,5438.99
6220,2022,0,2022,1,22977.45,20649.6
6220,2022,1,2023,2,9205.54,28922.52
6220,2022,2,2024,3,961.7,29786.79
6221,2022,0,2022,1,14486.93,13202.65
6221,2022,1,2023,2,7610.1,20138.1
6221,2022,2,2024,3,680.12,20757.93
6222,2022,0,2022,1,1039.89,1007.92
6222,2022,1,2023,2,497.87,1490.49
6222,2022,2,2024,3,97.37,1584.87
6223,2022,0,2022,1,5872,5415.54
6223,2022,1,2023,2,2765.36,7965.94
6223,2022,2,2024,3,163.16,8116.41
6225,2022,0,2022,1,2517.14,2366.81
6225,2022,1,2023,2,1197.4,3492.7
6225,2022,2,2024,3,431.52,3898.46
6227,2022,0,2022,1,17207.33,16688.71
6227,2022,1,2023,2,6168.56,22671.35
6227,2022,2,2024,3,3907.16,26460.75
6228,2022,0,2022,1,52360.89,51403.04
6228,2022,1,2023,2,17281.44,68368.34
6228,2022,2,2024,3,16018.42,84093.73
6229,2022,0,2022,1,6793.56,6305.76
6229,2022,1,2023,2,2399.84,8533.28
6229,2022,2,2024,3,1122.47,9575.15
6231,2022,0,2022,1,5464.19,4992.46
6231,2022,1,2023,2,2724.84,7482.06
6231,2022,2,2024,3,128.39,7599.37
6232,2022,0,2022,1,651.68,607.74
6232,2022,1,2023,2,261.83,851.92
6232,2022,2,2024,3,112.99,957.29
6233,2022,0,2022,1,8867.81,7983.4
6233,2022,1,2023,2,3737.91,11348.52
6233,2022,2,2024,3,647.31,11931.27
6234,2022,0,2022,1,1534.83,1496.28
6234,2022,1,2023,2,836.12,2311.4
6234,2022,2,2024,3,275.36,2579.84
6235,2022,0,2022,1,7719.49,7636.04
6235,2022,1,2023,2,2738.57,10345
6235,2022,2,2024,3,1929.49,12253.63
6236,2022,0,2022,1,20692.95,19518.81
6236,2022,1,2023,2,9434.05,28417.56
6236,2022,2,2024,3,3650.66,31861.08
6238,2022,0,2022,1,12007.86,11319.5
6238,2022,1,2023,2,4596.48,15652.48
6238,2022,2,2024,3,1815.92,17364.3
6239,2022,0,2022,1,16745.69,15886.03
6239,2022,1,2023,2,7164.12,22682.37
6239,2022,2,2024,3,2825.82,25363.12
6241,2022,0,2022,1,1248.89,1248.89
6241,2022,1,2023,2,587.04,1835.94
6241,2022,2,2024,3,240.15,2076.09
6242,2022,0,2022,1,9155.8,8870.81
6242,2022,1,2023,2,3364.51,12130.59
6242,2022,2,2024,3,1648.77,13728.03
6243,2022,0,2022,1,4990.53,4729.56
6243,2022,1,2023,2,1822.79,6457.03
6243,2022,2,2024,3,1015.49,7419.43
6244,2022,0,2022,1,40792.27,37445.9
6244,2022,1,2023,2,14878.5,51103.85
6244,2022,2,2024,3,6910.56,57447.51
6245,2022,0,2022,1,7234.63,7024.17
6245,2022,1,2023,2,3766.39,10680.99
6245,2022,2,2024,3,1391.05,12031.57
6246,2022,0,2022,1,8153.26,8065.7
6246,2022,1,2023,2,3699.77,11725.74
6246,2022,2,2024,3,1930.39,13635.4
6247,2022,0,2022,1,13224.09,12167.86
6247,2022,1,2023,2,5992.13,17681.39
6247,2022,2,2024,3,1655.34,19204.51
6248,2022,0,2022,1,38499.6,37159.54
6248,2022,1,2023,2,14533.54,51187.21
6248,2022,2,2024,3,5938.99,56919.49
6249,2022,0,2022,1,6673.49,6435.55
6249,2022,1,2023,2,2043.23,8405.93
6249,2022,2,2024,3,1675.08,10021.28
6250,2022,0,2022,1,12753.32,12120.58
6250,2022,1,2023,2,5829.08,17660.45
6250,2022,2,2024,3,3213.57,20714.59
6252,2022,0,2022,1,4467.31,4281.54
6252,2022,1,2023,2,2033.7,6230.68
6252,2022,2,2024,3,573,6779.85
6253,2022,0,2022,1,9588.48,9588.48
6253,2022,1,2023,2,3517.23,13105.71
6253,2022,2,2024,3,2474.33,15580.04
6255,2022,0,2022,1,8458.98,7990.45
6255,2022,1,2023,2,3529.67,11324.61
6255,2022,2,2024,3,1448.38,12692.76
6256,2022,0,2022,1,44886.57,41846.04
6256,2022,1,2023,2,12514.64,53512.97
6256,2022,2,2024,3,9617.48,62478.98
6258,2022,0,2022,1,6634.71,5908.12
6258,2022,1,2023,2,2946.92,8532.31
6258,2022,2,2024,3,556.34,9027.73
6259,2022,0,2022,1,11126.32,10267.91
6259,2022,1,2023,2,5151.32,15021.8
6259,2022,2,2024,3,980.7,15926.84
6260,2022,0,2022,1,2388.3,2336.43
6260,2022,1,2023,2,826.5,3144.98
6260,2022,2,2024,3,578.17,3710.59
6261,2022,0,2022,1,21705.87,20297.99
6261,2022,1,2023,2,7084.23,26922.73
6261,2022,2,2024,3,3301.97,30010.53
6262,2022,0,2022,1,6861.19,6138.03
6262,2022,1,2023,2,2723.7,8574.66
6262,2022,2,2024,3,1085.63,9545.86
6263,2022,0,2022,1,28718.25,27189.43
6263,2022,1,2023,2,12553.86,39075
6263,2022,2,2024,3,3381.65,42276.62
6264,2022,0,2022,1,2681.11,2545.6
6264,2022,1,2023,2,999.3,3494.39
6264,2022,2,2024,3,421.45,3894.55
6265,2022,0,2022,1,79649.58,76136.81
6265,2022,1,2023,2,33121.73,107797.77
6265,2022,2,2024,3,12015.95,119283.78
6266,2022,0,2022,1,4231.24,4005.7
6266,2022,1,2023,2,1641.42,5559.62
6266,2022,2,2024,3,655.72,6180.39
6267,2022,0,2022,1,25462.77,25278.76
6267,2022,1,2023,2,11021.67,36220.78
6267,2022,2,2024,3,6525.77,42699.39
6268,2022,0,2022,1,13766.15,13211.98
6268,2022,1,2023,2,5431.3,18424.63
6268,2022,2,2024,3,2870.81,21179.87
6269,2022,0,2022,1,20515.66,19037.15
6269,2022,1,2023,2,7002.63,25535.12
6269,2022,2,2024,3,3463.11,28748.66
6270,2022,0,2022,1,7148.84,6704.33
6270,2022,1,2023,2,2624.04,9165.2
6270,2022,2,2024,3,1422.84,10499.57
6271,2022,0,2022,1,5419.48,5060.99
6271,2022,1,2023,2,2117.31,7038.24
6271,2022,2,2024,3,941.72,7917.66
6272,2022,0,2022,1,3499.9,3347.69
6272,2022,1,2023,2,1462.11,4746.21
6272,2022,2,2024,3,522.58,5246.06
6273,2022,0,2022,1,10905.63,9899.86
6273,2022,1,2023,2,5579.78,14965.05
6273,2022,2,2024,3,787.97,15680.35
6274,2023,0,2023,1,21782.1,19222.67
6274,2023,1,2024,2,10310.69,28321.83
6275,2023,0,2023,1,73167.8,65738.95
6275,2023,1,2024,2,39734.66,101439.29
6276,2023,0,2023,1,75056.38,65578.93
6276,2023,1,2024,2,34659.97,95862.35
6277,2023,0,2023,1,2034.11,1799.48
6277,2023,1,2024,2,1020.49,2702.25
6278,2023,0,2023,1,13930.41,12459.04
6278,2023,1,2024,2,6749.08,18495.27
6279,2023,0,2023,1,12925.91,11035.44
6279,2023,1,2024,2,4946.36,15258.37
6280,2023,0,2023,1,2093.63,1807.14
6280,2023,1,2024,2,965.59,2640.61
6281,2023,0,2023,1,10632,8770.51
6281,2023,1,2024,2,3941.06,12021.54
6282,2023,0,2023,1,10116.09,8789.57
6282,2023,1,2024,2,4966.06,13104.43
6283,2023,0,2023,1,16998.22,14455.43
6283,2023,1,2024,2,7419.39,20764.94
6284,2023,0,2023,1,6201.51,5199.91
6284,2023,1,2024,2,2415.32,7225.15
6285,2023,0,2023,1,1885.37,1556.2
6285,2023,1,2024,2,738.56,2165.81
6286,2023,0,2023,1,5617.52,4870.28
6286,2023,1,2024,2,2429.04,6976.21
6287,2023,0,2023,1,213.35,181.83
6287,2023,1,2024,2,75.27,245.98
6288,2023,0,2023,1,59620.28,50550.23
6288,2023,1,2024,2,23056.17,70098.87
6289,2023,0,2023,1,2319.49,1935.05
6289,2023,1,2024,2,709.98,2527.35
6290,2023,0,2023,1,5145.62,4080.67
6290,2023,1,2024,2,1653.77,5392.18
6292,2023,0,2023,1,13190.79,11284.09
6292,2023,1,2024,2,5138.51,15679.83
6293,2023,0,2023,1,5232.55,4446.53
6293,2023,1,2024,2,1750.1,5933.73
6294,2023,0,2023,1,5748.77,4812.51
6294,2023,1,2024,2,2049.73,6528.42
6295,2023,0,2023,1,543.31,477.08
6295,2023,1,2024,2,239.09,687.03
6297,2023,0,2023,1,34446.59,29324.58
6297,2023,1,2024,2,15060.18,42145.4
6298,2023,0,2023,1,40483.24,34029.8
6298,2023,1,2024,2,18092.08,49237.81
6299,2023,0,2023,1,7527.67,6199.94
6299,2023,1,2024,2,2647.06,8380.11
6300,2023,0,2023,1,9965.67,8403.92
6300,2023,1,2024,2,4622.04,12301.62
6301,2023,0,2023,1,5709.34,5049.68
6301,2023,1,2024,2,2542.42,7298.35
6302,2023,0,2023,1,5787.14,4858.43
6302,2023,1,2024,2,2519.69,6973.76
6304,2023,0,2023,1,1935.55,1602.06
6304,2023,1,2024,2,712.12,2191.48
6305,2023,0,2023,1,2332.26,2018.18
6305,2023,1,2024,2,1032.72,2911.82
6306,2023,0,2023,1,9053.28,7784.3
6306,2023,1,2024,2,3341.1,10657.09
6307,2023,0,2023,1,182826.19,157445.85
6307,2023,1,2024,2,61123.9,210084.4
6308,2023,0,2023,1,69359.6,58034.31
6308,2023,1,2024,2,29775.22,82947.72
6309,2023,0,2023,1,12455.23,10388.04
6309,2023,1,2024,2,4593.09,14218.82
6310,2023,0,2023,1,33873.77,29684.58
6310,2023,1,2024,2,14167.92,42100.34
6311,2023,0,2023,1,19587.16,16867.1
6311,2023,1,2024,2,8771.69,24420.67
6312,2023,0,2023,1,94804.4,81887.08
6312,2023,1,2024,2,34852.85,111991.14
6313,2023,0,2023,1,9071.65,7999.44
6313,2023,1,2024,2,3958.9,11490.42
6314,2023,0,2023,1,48204.52,39473.35
6314,2023,1,2024,2,17091.34,53468.98
6316,2023,0,2023,1,23316.05,20219.8
6316,2023,1,2024,2,8951.78,27982.84
6318,2023,0,2023,1,14182.57,12505.03
6318,2023,1,2024,2,7452.96,19076.45
6319,2023,0,2023,1,12969.49,10938.88
6319,2023,1,2024,2,5336.17,15439.57
6320,2023,0,2023,1,13791.45,12016.93
6320,2023,1,2024,2,5867.92,17129.83
6322,2023,0,2023,1,25832.74,22155.85
6322,2023,1,2024,2,11541.09,32054.24
6323,2023,0,2023,1,2756.79,2294.18
6323,2023,1,2024,2,950.98,3085.58
6325,2023,0,2023,1,4208.81,3778.22
6325,2023,1,2024,2,1894.12,5478.56
6326,2023,0,2023,1,15461.3,13309.98
6326,2023,1,2024,2,6157.77,18610.95
6329,2023,0,2023,1,17493.06,14793.21
6329,2023,1,2024,2,6816.24,20557.45
6330,2023,0,2023,1,5828.1,4796.79
6330,2023,1,2024,2,2132.91,6552.27
6331,2023,0,2023,1,8278.71,7126.76
6331,2023,1,2024,2,3864.7,10453.71
6333,2023,0,2023,1,2431.69,2044.44
6333,2023,1,2024,2,1022.39,2904.01
6335,2023,0,2023,1,34437.73,30678.14
6335,2023,1,2024,2,15780.51,44735.89
6336,2023,0,2023,1,32871.82,26651.82
6336,2023,1,2024,2,12790.03,37021.73
6338,2023,0,2023,1,6060.13,5236.07
6338,2023,1,2024,2,2827.1,7678.74
6339,2023,0,2023,1,9367.6,8086.86
6339,2023,1,2024,2,4449.24,11927.8
6341,2023,0,2023,1,8446,7359.83
6341,2023,1,2024,2,4468.47,11253.64
6342,2023,0,2023,1,20492.56,18400.17
6342,2023,1,2024,2,11299.27,28545.74
6343,2023,0,2023,1,4243.79,3691.27
6343,2023,1,2024,2,1622.17,5102.25
6345,2023,0,2023,1,25739.65,20923.2
6345,2023,1,2024,2,11979.92,30661.42
6346,2023,0,2023,1,39264.26,33069.94
6346,2023,1,2024,2,15328.27,45980.02
6347,2023,0,2023,1,9088.44,7838.96
6347,2023,1,2024,2,4270.95,11522.73
6349,2023,0,2023,1,12099.45,10336.95
6349,2023,1,2024,2,4499.18,14180.74
6350,2023,0,2023,1,99578.89,84249.35
6350,2023,1,2024,2,38466.37,116794.07
6351,2023,0,2023,1,12343.57,10023.28
6351,2023,1,2024,2,4036.92,13301.36
6352,2023,0,2023,1,9120.88,7826.42
6352,2023,1,2024,2,3569.51,10889.33
6353,2023,0,2023,1,10427.46,9021.51
6353,2023,1,2024,2,4100.19,12568.87
6354,2023,0,2023,1,2527.97,2193.67
6354,2023,1,2024,2,1092.98,3142.11
6355,2023,0,2023,1,4343.59,3672.16
6355,2023,1,2024,2,1563.08,4993.62
6356,2023,0,2023,1,16213.87,14179.6
6356,2023,1,2024,2,7936.87,21120.67
6357,2023,0,2023,1,5175.79,4443.03
6357,2023,1,2024,2,2450.7,6546.77
6358,2023,0,2023,1,25891.41,21791.82
6358,2023,1,2024,2,9684.04,29942.51
6359,2023,0,2023,1,36306.15,30238.93
6359,2023,1,2024,2,13587.34,41555.66
6360,2023,0,2023,1,156763.49,126936.05
6360,2023,1,2024,2,45595.55,163856.12
6361,2023,0,2023,1,2407.26,2027.42
6361,2023,1,2024,2,1084.7,2940.97
6362,2023,0,2023,1,5553.94,4642.17
6362,2023,1,2024,2,2046.1,6352.36
6363,2023,0,2023,1,9273.4,7947.01
6363,2023,1,2024,2,4008.45,11382.12
6364,2023,0,2023,1,12349.11,10221.65
6364,2023,1,2024,2,5259.07,14574.71
6365,2023,0,2023,1,9387.55,8235.71
6365,2023,1,2024,2,4097.28,11830.26
6366,2023,0,2023,1,7426.87,6455.68
6366,2023,1,2024,2,3075.62,9129.11
6367,2023,0,2023,1,4679.8,3992.43
6367,2023,1,2024,2,1953.67,5659.14
6369,2023,0,2023,1,19245.18,15633.08
6369,2023,1,2024,2,4630.98,19394.88
6370,2023,0,2023,1,11698.72,9565.58
6370,2023,1,2024,2,4210.32,13008.19
6371,2023,0,2023,1,10694.32,9083.86
6371,2023,1,2024,2,4651.51,13034.89
6372,2023,0,2023,1,12263.06,10498.42
6372,2023,1,2024,2,5116.73,14878.86
6373,2023,0,2023,1,14498.09,12471.16
6373,2023,1,2024,2,6285.22,17877.67
6375,2023,0,2023,1,15911.88,13415.41
6375,2023,1,2024,2,5636.45,18167.54
6376,2023,0,2023,1,157.92,138.67
6376,2023,1,2024,2,70.28,200.39
6377,2023,0,2023,1,13442.28,12142.05
6377,2023,1,2024,2,6207.05,17748.72
6378,2023,0,2023,1,9994.49,8399.1
6378,2023,1,2024,2,3938.29,11708.73
6380,2023,0,2023,1,20422.02,17121.15
6380,2023,1,2024,2,8540.39,24281.13
6382,2023,0,2023,1,6653.36,5559.22
6382,2023,1,2024,2,3265.19,8287.46
6384,2023,0,2023,1,11981.41,9882.29
6384,2023,1,2024,2,4371.29,13487.73
6385,2023,0,2023,1,12136.76,10283.85
6385,2023,1,2024,2,4799.54,14350.65
6387,2023,0,2023,1,15448.79,13045.66
6387,2023,1,2024,2,7085.73,19029.18
6388,2023,0,2023,1,5263.56,4557.63
6388,2023,1,2024,2,2783.96,6968.23
6390,2023,0,2023,1,7558.65,6214.04
6390,2023,1,2024,2,2800.56,8516.42
6391,2023,0,2023,1,10600.01,8865.81
6391,2023,1,2024,2,4652.54,12757.18
6392,2023,0,2023,1,61470.16,51451.48
6392,2023,1,2024,2,30178.26,76711.15
6393,2023,0,2023,1,8658.17,7437.44
6393,2023,1,2024,2,3607.68,10536.46
6394,2023,0,2023,1,5435.38,4844.33
6394,2023,1,2024,2,2773.67,7316.38
6395,2023,0,2023,1,171119.83,143624.92
6395,2023,1,2024,2,63997.5,197339.54
6396,2023,0,2023,1,9161.92,7742.49
6396,2023,1,2024,2,4463.48,11514.46
6398,2023,0,2023,1,27528.15,24693.14
6398,2023,1,2024,2,12452.26,35863
6399,2023,0,2023,1,7268.96,6443.54
6399,2023,1,2024,2,3714.25,9736.02
6400,2023,0,2023,1,22504.71,19355.76
6400,2023,1,2024,2,11406.83,29166.51
6402,2023,0,2023,1,58881.88,49604.89
6402,2023,1,2024,2,22205.95,68312.23
6403,2023,0,2023,1,6748.73,5739.55
6403,2023,1,2024,2,2479.09,7847.93
6404,2023,0,2023,1,2975.71,2519.38
6404,2023,1,2024,2,1167.92,3508.19
6405,2023,0,2023,1,3326.6,2889.04
6405,2023,1,2024,2,1305.68,4022.98
6407,2023,0,2023,1,2499.6,2029.49
6407,2023,1,2024,2,1079.9,2906.29
6409,2023,0,2023,1,7993.94,6790.14
6409,2023,1,2024,2,3498.07,9761.44
6410,2023,0,2023,1,17877.48,15529.51
6410,2023,1,2024,2,6632.62,21291.02
6411,2023,0,2023,1,6168.03,5234.39
6411,2023,1,2024,2,2970.33,7755.1
6413,2023,0,2023,1,1928.23,1608.79
6413,2023,1,2024,2,702.28,2194.73
6415,2023,0,2023,1,10587.38,8894.05
6415,2023,1,2024,2,4049.1,12295.54
6416,2023,0,2023,1,9327.37,7788.51
6416,2023,1,2024,2,3833.62,10989.65
6420,2023,0,2023,1,2364.2,1897.51
6420,2023,1,2024,2,764.64,2511.22
6421,2023,0,2023,1,3008.04,2592.63
6421,2023,1,2024,2,1465.74,3855.96
6422,2023,0,2023,1,4135.56,3632.58
6422,2023,1,2024,2,1728.16,5150.56
6423,2023,0,2023,1,3949.33,3366.6
6423,2023,1,2024,2,1526.39,4667.77
6424,2023,0,2023,1,8399.25,6863.38
6424,2023,1,2024,2,3161.89,9447.1
6425,2023,0,2023,1,26611.38,24169.26
6425,2023,1,2024,2,10824.46,34000.35
6426,2023,0,2023,1,14321.87,12466.59
6426,2023,1,2024,2,7435.49,18938.87
6427,2023,0,2023,1,14318.59,12888.85
6427,2023,1,2024,2,7693.63,19814.26
6428,2023,0,2023,1,19851.34,17209.75
6428,2023,1,2024,2,9371.03,25333.79
6429,2023,0,2023,1,3119.27,2751.03
6429,2023,1,2024,2,1275.33,3875.8
6430,2023,0,2023,1,12474.52,10064.96
6430,2023,1,2024,2,5662.29,14633.54
6431,2023,0,2023,1,607.84,509.61
6431,2023,1,2024,2,262.88,730
6432,2023,0,2023,1,16483.09,13994.4
6432,2023,1,2024,2,5634.05,18777.81
6433,2023,0,2023,1,452.97,395.62
6433,2023,1,2024,2,220.69,588.37
6434,2023,0,2023,1,7771.02,6259.29
6434,2023,1,2024,2,3051.71,8717.34
6435,2023,0,2023,1,19356.75,15185.49
6435,2023,1,2024,2,5950.97,19854.06
6436,2023,0,2023,1,4996.64,4351.98
6436,2023,1,2024,2,2359.61,6407.16
6437,2023,0,2023,1,16456.41,14270.03
6437,2023,1,2024,2,7053.43,20386.36
6438,2023,0,2023,1,6575.94,5522.59
6438,2023,1,2024,2,2935.26,7987.67
6439,2023,0,2023,1,6274.26,5224.83
6439,2023,1,2024,2,2127.68,6996.64
6440,2023,0,2023,1,8694.93,7207.89
6440,2023,1,2024,2,2912.99,9622.68
6441,2023,0,2023,1,46150.09,39266.92
6441,2023,1,2024,2,22703.44,58584.2
6442,2023,0,2023,1,3899.91,3261.1
6442,2023,1,2024,2,1435,4461.05
6443,2023,0,2023,1,26240.46,22609.32
6443,2023,1,2024,2,11250.3,32302.8
6444,2023,0,2023,1,39637.55,33733.99
6444,2023,1,2024,2,14141.4,45769.19
6447,2023,0,2023,1,751.21,611.29
6447,2023,1,2024,2,290.34,847.56
6449,2023,0,2023,1,6434.16,5528.17
6449,2023,1,2024,2,2999.82,8105.59
6450,2023,0,2023,1,6831.94,5896.76
6450,2023,1,2024,2,2794.36,8308.63
6451,2023,0,2023,1,6313.19,5607.03
6451,2023,1,2024,2,3138.11,8394.13
6452,2023,0,2023,1,63501.6,56400.62
6452,2023,1,2024,2,32666.23,85413.99
6453,2023,0,2023,1,3057.87,2486.7
6453,2023,1,2024,2,933.75,3246.04
6454,2023,0,2023,1,6885.59,5801.28
6454,2023,1,2024,2,2899.9,8244.51
6455,2023,0,2023,1,12196.84,10460.54
6455,2023,1,2024,2,5190.91,14912.5
6457,2023,0,2023,1,27071.72,21709.23
6457,2023,1,2024,2,9365.54,29219.6
6458,2023,0,2023,1,5879.68,4960.86
6458,2023,1,2024,2,2857.29,7371.64
6459,2023,0,2023,1,8202.4,6810.09
6459,2023,1,2024,2,3182.57,9452.44
6460,2023,0,2023,1,2205.8,1841.99
6460,2023,1,2024,2,909.94,2601.86
6461,2023,0,2023,1,1202,1051.3
6461,2023,1,2024,2,542.59,1525.86
6462,2023,0,2023,1,3465.33,2938.7
6462,2023,1,2024,2,1263.46,4010.15
6463,2023,0,2023,1,290.31,250.39
6463,2023,1,2024,2,142.04,372.9
6466,2023,0,2023,1,22264.91,17350.68
6466,2023,1,2024,2,6272.75,22238.93
6467,2023,0,2023,1,8268.61,7093.1
6467,2023,1,2024,2,2973.24,9643.65
6469,2023,0,2023,1,7547.84,6804.99
6469,2023,1,2024,2,3969.95,10384.22
6470,2023,0,2023,1,72951.22,62829.94
6470,2023,1,2024,2,35942.82,93786.04
6471,2023,0,2023,1,5825.79,4926.14
6471,2023,1,2024,2,2601.27,7125.71
6472,2023,0,2023,1,233513.03,200101.72
6472,2023,1,2024,2,100586.05,286295.8
6473,2023,0,2023,1,14349.44,12735.38
6473,2023,1,2024,2,7449.24,19346.71
6474,2023,0,2023,1,26915.54,22220.88
6474,2023,1,2024,2,10167.22,30614.72
6475,2023,0,2023,1,7667.91,6712.2
6475,2023,1,2024,2,3157.33,9476.01
6478,2023,0,2023,1,8671.58,7404.14
6478,2023,1,2024,2,3884.22,10720.64
6479,2023,0,2023,1,8193.89,7067.55
6479,2023,1,2024,2,3735.06,10289.18
6481,2023,0,2023,1,4334.36,3982.78
6481,2023,1,2024,2,1946.59,5771.46
6483,2023,0,2023,1,12084.87,10134.82
6483,2023,1,2024,2,4736.23,14106.8
6484,2023,0,2023,1,3793.29,3267.11
6484,2023,1,2024,2,1893.72,4898.15
6485,2023,0,2023,1,485.72,402.4
6485,2023,1,2024,2,172.4,545.24
6486,2023,0,2023,1,51925.96,45460.08
6486,2023,1,2024,2,22218.39,64911.81
6487,2023,0,2023,1,6838.39,5656.83
6487,2023,1,2024,2,2620.12,7824.23
6488,2023,0,2023,1,6290.58,5458.7
6488,2023,1,2024,2,3519.22,8512.54
6489,2023,0,2023,1,1958.07,1713.78
6489,2023,1,2024,2,908.26,2508.72
6490,2023,0,2023,1,16000.88,14020.76
6490,2023,1,2024,2,7319.52,20434.48
6491,2023,0,2023,1,5370.12,4776.19
6491,2023,1,2024,2,2497.15,6997.16
6493,2023,0,2023,1,8906.32,7293.69
6493,2023,1,2024,2,3624.07,10261.57
6494,2023,0,2023,1,6545.32,5352.22
6494,2023,1,2024,2,2441.33,7348.54
6495,2023,0,2023,1,16282.73,13901.52
6495,2023,1,2024,2,7957.61,20695.4
6496,2023,0,2023,1,17653.87,15790.94
6496,2023,1,2024,2,8134.49,23067.03
6497,2023,0,2023,1,26663.1,23219.41
6497,2023,1,2024,2,10799.62,32624.19
6498,2023,0,2023,1,16318.04,13935.72
6498,2023,1,2024,2,6699.72,19657.33
6499,2023,0,2023,1,16837.64,14052.64
6499,2023,1,2024,2,6091.32,19136.44
6500,2023,0,2023,1,2133.9,1839.55
6500,2023,1,2024,2,1021.11,2719.81
6501,2023,0,2023,1,5054.94,4253.61
6501,2023,1,2024,2,1876.79,5832.88
6502,2023,0,2023,1,9577.92,7891.81
6502,2023,1,2024,2,2725.91,10137.85
6505,2023,0,2023,1,1461.85,1277.26
6505,2023,1,2024,2,644.29,1840.2
6506,2023,0,2023,1,5635.84,4871.68
6506,2023,1,2024,2,2127.72,6710.91
6507,2023,0,2023,1,85119.02,74798.36
6507,2023,1,2024,2,38902.42,108983.87
6508,2023,0,2023,1,5595.44,4846.93
6508,2023,1,2024,2,2381.58,6909.92
6511,2023,0,2023,1,14028.14,12419.27
6511,2023,1,2024,2,6737.83,18384.35
6512,2023,0,2023,1,18324.85,15576.35
6512,2023,1,2024,2,7664.89,22091.61
6513,2023,0,2023,1,114132.84,94740.59
6513,2023,1,2024,2,42852.74,130312.24
6514,2023,0,2023,1,6819.42,5824.48
6514,2023,1,2024,2,3260.07,8608.91
6515,2023,0,2023,1,2851.17,2433.55
6515,2023,1,2024,2,1142.06,3408.34
6516,2023,0,2023,1,1282.66,1048.41
6516,2023,1,2024,2,443.58,1410.98
6517,2023,0,2023,1,19734.34,16736.06
6517,2023,1,2024,2,8683.7,24100.43
6518,2023,0,2023,1,7193.37,6287.28
6518,2023,1,2024,2,3204.96,9088.55
6519,2023,0,2023,1,5241.61,4369.28
6519,2023,1,2024,2,1778.23,5851.56
6520,2023,0,2023,1,9561.62,8157.63
6520,2023,1,2024,2,4681.89,12152.05
6521,2023,0,2023,1,4215.87,3460.62
6521,2023,1,2024,2,1296.53,4524.88
6523,2023,0,2023,1,5254.84,4590.18
6523,2023,1,2024,2,2074.19,6402.02
6525,2023,0,2023,1,12644.94,10532.06
6525,2023,1,2024,2,4239.89,14063.5
6526,2023,0,2023,1,17904.47,14643.73
6526,2023,1,2024,2,7491.39,20770.79
6529,2023,0,2023,1,13264.65,10976.12
6529,2023,1,2024,2,4049.15,14326.68
6530,2023,0,2023,1,32226.53,27341.73
6530,2023,1,2024,2,14469.67,39618.13
6531,2023,0,2023,1,60771.5,53441.99
6531,2023,1,2024,2,28642.84,78630.28
6532,2023,0,2023,1,3660.35,3022.09
6532,2023,1,2024,2,1443.24,4213.67
6533,2023,0,2023,1,5048.2,4334.22
6533,2023,1,2024,2,2007.23,6057.56
6535,2023,0,2023,1,6916.97,6009.42
6535,2023,1,2024,2,3220.44,8807.31
6536,2023,0,2023,1,2268.2,1938.67
6536,2023,1,2024,2,950.12,2750.75
6537,2023,0,2023,1,143632.91,114364.24
6537,2023,1,2024,2,34901.8,142153.96
6541,2023,0,2023,1,2948.54,2712.99
6541,2023,1,2024,2,1570.53,4158.06
6542,2023,0,2023,1,18448.15,16307.11
6542,2023,1,2024,2,7513.43,22948.56
6544,2023,0,2023,1,33266.66,28048.56
6544,2023,1,2024,2,14554.87,40320.41
6545,2023,0,2023,1,10222.02,8389.17
6545,2023,1,2024,2,3791.19,11500.59
6546,2023,0,2023,1,6212.25,5276.58
6546,2023,1,2024,2,2869.86,7714.19
6548,2023,0,2023,1,64306.77,55026.59
6548,2023,1,2024,2,27188.62,78291.59
6550,2023,0,2023,1,1000.1,829.51
6550,2023,1,2024,2,464.15,1214.48
6551,2023,0,2023,1,7324.36,6175.93
6551,2023,1,2024,2,2994.76,8701.13
6552,2023,0,2023,1,116486.76,99649.84
6552,2023,1,2024,2,50745.09,143060.26
6553,2023,0,2023,1,17104.18,14607.21
6553,2023,1,2024,2,6804.63,20418.46
6554,2023,0,2023,1,49281.02,40912.18
6554,2023,1,2024,2,20984.17,58332.84
6555,2023,0,2023,1,16425.9,13921.49
6555,2023,1,2024,2,6764.13,19654.31
6556,2023,0,2023,1,72009.05,60168.33
6556,2023,1,2024,2,28132.8,83675.14
6558,2023,0,2023,1,5239.54,4680.91
6558,2023,1,2024,2,2752.52,7139.96
6560,2023,0,2023,1,4445.03,3537.08
6560,2023,1,2024,2,1409.62,4658.77
6561,2023,0,2023,1,5840.59,5134.93
6561,2023,1,2024,2,2801.34,7597.81
6562,2023,0,2023,1,12694.22,10681.06
6562,2023,1,2024,2,3980.54,14030.33
6563,2023,0,2023,1,10568.9,8939
6563,2023,1,2024,2,4652.5,12874.01
6564,2023,0,2023,1,8535.03,7496.59
6564,2023,1,2024,2,3806.6,10840.04
6565,2023,0,2023,1,20008.65,16671.36
6565,2023,1,2024,2,7585.11,22991.34
6566,2023,0,2023,1,26788.94,23196.3
6566,2023,1,2024,2,9450.3,31379.24
6567,2023,0,2023,1,16712.23,14241.62
6567,2023,1,2024,2,7756.86,20851.77
6568,2023,0,2023,1,9094.46,8049.55
6568,2023,1,2024,2,3961.5,11555.89
6569,2023,0,2023,1,8099.62,7029.71
6569,2023,1,2024,2,3430.78,10007.31
6570,2023,0,2023,1,28991.6,22068.71
6570,2023,1,2024,2,8385.5,28451.84
6572,2023,0,2023,1,3756.23,3120.56
6572,2023,1,2024,2,1232.57,4144.53
6573,2023,0,2023,1,26104.89,23287.95
6573,2023,1,2024,2,13793.3,35592.84
6574,2023,0,2023,1,68203.54,57780.3
6574,2023,1,2024,2,27083.36,80724.64
6577,2023,0,2023,1,14255.01,11363.47
6577,2023,1,2024,2,4362.19,14840.82
6578,2023,0,2023,1,2734.95,2210.62
6578,2023,1,2024,2,840.14,2889.7
6580,2023,0,2023,1,6335.99,5618.54
6580,2023,1,2024,2,3403.45,8636.6
6583,2023,0,2023,1,6540.94,5432.46
6583,2023,1,2024,2,2541.04,7542.86
6584,2023,0,2023,1,15941.56,13848.41
6584,2023,1,2024,2,6795.45,19751.61
6586,2023,0,2023,1,10668.58,9168.72
6586,2023,1,2024,2,4997.7,13463.81
6588,2023,0,2023,1,9459.11,8521.74
6588,2023,1,2024,2,4708.47,12763.62
6589,2023,0,2023,1,5972.28,5305.51
6589,2023,1,2024,2,3045.44,8010.94
6590,2023,0,2023,1,243.16,209.26
6590,2023,1,2024,2,109.69,303.66
6592,2023,0,2023,1,5006.08,4363.43
6592,2023,1,2024,2,2430.46,6481.89
6594,2023,0,2023,1,67200.8,58032.58
6594,2023,1,2024,2,28889.93,82981.04
6597,2023,0,2023,1,272.97,236.07
6597,2023,1,2024,2,114.01,334.67
6598,2023,0,2023,1,7592.17,6666.17
6598,2023,1,2024,2,3614.66,9839.95
6599,2023,0,2023,1,18198.06,15621.35
6599,2023,1,2024,2,7822.4,22336.15
6600,2023,0,2023,1,33384.5,27130.44
6600,2023,1,2024,2,10751.2,35867.58
6601,2023,0,2023,1,13815.03,11901.11
6601,2023,1,2024,2,6513.26,17512.04
6602,2023,0,2023,1,13493.59,12190.46
6602,2023,1,2024,2,6845.4,18374.77
6603,2023,0,2023,1,12347.64,10655.65
6603,2023,1,2024,2,4847.73,14839.1
6604,2023,0,2023,1,64653.89,55737
6604,2023,1,2024,2,28528.8,80331.19
6606,2023,0,2023,1,13520.62,11168.68
6606,2023,1,2024,2,4448.32,14843.2
6607,2023,0,2023,1,7934.41,6876.06
6607,2023,1,2024,2,3711.67,10092.64
6608,2023,0,2023,1,18800.16,16375.81
6608,2023,1,2024,2,9126.67,24325.55
6609,2023,0,2023,1,32506.62,27514.79
6609,2023,1,2024,2,13353.17,38817.4
6610,2023,0,2023,1,6001.07,5537.9
6610,2023,1,2024,2,3304.47,8587.32
6611,2023,0,2023,1,6354.66,5512.69
6611,2023,1,2024,2,2688.59,7845.05
6612,2023,0,2023,1,7184.11,6211.37
6612,2023,1,2024,2,3177.66,8958.77
6613,2023,0,2023,1,6255.34,5196.58
6613,2023,1,2024,2,2595.75,7352.98
6614,2023,0,2023,1,13065.31,10907.69
6614,2023,1,2024,2,5887.9,15823.26
6615,2023,0,2023,1,17618.2,15110.38
6615,2023,1,2024,2,6648.5,20812.52
6617,2023,0,2023,1,18249.61,15359.9
6617,2023,1,2024,2,7996.13,22089.9
6618,2023,0,2023,1,6299.85,5201.43
6618,2023,1,2024,2,2119.17,6951.11
6619,2023,0,2023,1,6967.53,5811.23
6619,2023,1,2024,2,2825.65,8167.95
6620,2023,0,2023,1,9514.28,8341.29
6620,2023,1,2024,2,4392.95,12192.64
6621,2023,0,2023,1,11334.21,9254.48
6621,2023,1,2024,2,3610.68,12202.62
6622,2023,0,2023,1,10502.12,9518.58
6622,2023,1,2024,2,5186.12,14219.01
6623,2023,0,2023,1,4727.57,4283.03
6623,2023,1,2024,2,2328.35,6392.45
6624,2023,0,2023,1,23132.52,20179.74
6624,2023,1,2024,2,10670.26,29487.98
6625,2023,0,2023,1,15671.79,13719.7
6625,2023,1,2024,2,6656.63,19547.17
6626,2023,0,2023,1,10721.67,8900.75
6626,2023,1,2024,2,3892.94,12132.53
6627,2023,0,2023,1,5296.97,4516.43
6627,2023,1,2024,2,1783.47,6037.1
6628,2023,0,2023,1,9803.43,8558.01
6628,2023,1,2024,2,4332.03,12339.7
6629,2023,0,2023,1,7830.48,6286.02
6629,2023,1,2024,2,3240.93,8887.71
6630,2023,0,2023,1,13430.36,11361.05
6630,2023,1,2024,2,5978.6,16418.48
6631,2023,0,2023,1,2740.41,2265.15
6631,2023,1,2024,2,918.37,3024.26
6632,2023,0,2023,1,1422.83,1225.85
6632,2023,1,2024,2,606.93,1748.74
6633,2023,0,2023,1,4665.06,3859.53
6633,2023,1,2024,2,1767.38,5321.73
6635,2023,0,2023,1,102964.19,88626.79
6635,2023,1,2024,2,44370.19,126818.59
6637,2023,0,2023,1,25062.9,20601.04
6637,2023,1,2024,2,9297.93,28243.69
6639,2023,0,2023,1,7863.48,6967.37
6639,2023,1,2024,2,4435,10896.97
6640,2023,0,2023,1,118023.51,103783.58
6640,2023,1,2024,2,56662.04,153609.16
6642,2023,0,2023,1,10334.85,8734.35
6642,2023,1,2024,2,3473.65,11670.05
6644,2023,0,2023,1,28588.14,24206.07
6644,2023,1,2024,2,16111.48,37847.95
6645,2023,0,2023,1,21863.57,18797.88
6645,2023,1,2024,2,8953.24,26495.71
6646,2023,0,2023,1,4538.03,3837.86
6646,2023,1,2024,2,1719.69,5292.22
6647,2023,0,2023,1,12300.23,10113.56
6647,2023,1,2024,2,4736.56,14008.08
6649,2023,0,2023,1,23541.92,20151.41
6649,2023,1,2024,2,9331.06,28138.61
6650,2023,0,2023,1,23122.96,18618.66
6650,2023,1,2024,2,8290.44,25294.14
6652,2023,0,2023,1,9811,8159.62
6652,2023,1,2024,2,3667.24,11209.6
6653,2023,0,2023,1,9152.5,7466.68
6653,2023,1,2024,2,2673.05,9647.37
6655,2023,0,2023,1,24896.59,21637.17
6655,2023,1,2024,2,10381.81,30659.81
6656,2023,0,2023,1,7831,6682.09
6656,2023,1,2024,2,3368.27,9556.19
6657,2023,0,2023,1,9283.22,7674.48
6657,2023,1,2024,2,3408.57,10492.36
6658,2023,0,2023,1,4997.2,4308.75
6658,2023,1,2024,2,2287.33,6280.96
6659,2023,0,2023,1,1400.24,1194.46
6659,2023,1,2024,2,571.25,1681.76
6660,2023,0,2023,1,15598.07,13253.15
6660,2023,1,2024,2,6446.74,18730.73
6661,2023,0,2023,1,20808.87,16774.01
6661,2023,1,2024,2,6508.32,22020.35
6662,2023,0,2023,1,7111.32,5859.13
6662,2023,1,2024,2,2558.75,7967.32
6663,2023,0,2023,1,2672.36,2229.66
6663,2023,1,2024,2,924.04,3000.62
6664,2023,0,2023,1,14162.95,11287.04
6664,2023,1,2024,2,4508.87,14880.35
6665,2023,0,2023,1,22167.55,19661.19
6665,2023,1,2024,2,10727.98,29176.21
6666,2023,0,2023,1,24372.79,20487.28
6666,2023,1,2024,2,10533.58,29341.59
6668,2023,0,2023,1,8023.02,6636.02
6668,2023,1,2024,2,3582.38,9599.08
6669,2023,0,2023,1,23824.95,20448.26
6669,2023,1,2024,2,9841.2,28894.67
6671,2023,0,2023,1,8447.44,7304.67
6671,2023,1,2024,2,3794.54,10585.88
6672,2023,0,2023,1,56951.57,50283.27
6672,2023,1,2024,2,22875.22,70480.1
6673,2023,0,2023,1,7806.43,6510.65
6673,2023,1,2024,2,2722.44,8781.2
6674,2023,0,2023,1,24233.81,19740.97
6674,2023,1,2024,2,8422.27,26601.79
6675,2023,0,2023,1,11270.56,9597.22
6675,2023,1,2024,2,4958.54,13819.56
6677,2023,0,2023,1,19990.9,18130.72
6677,2023,1,2024,2,10374.26,27539.64
6678,2023,0,2023,1,6775.96,5521.15
6678,2023,1,2024,2,1989.46,7142.18
6679,2023,0,2023,1,3177.69,2721.8
6679,2023,1,2024,2,1129,3688.83
6681,2023,0,2023,1,51258.32,44249.84
6681,2023,1,2024,2,23229.16,64302.91
6685,2023,0,2023,1,22008.41,19223.94
6685,2023,1,2024,2,9654.34,27656.83
6686,2023,0,2023,1,8917.93,7615.96
6686,2023,1,2024,2,3850.01,10903.9
6687,2023,0,2023,1,21483.95,17397.71
6687,2023,1,2024,2,7148.23,23186.35
6688,2023,0,2023,1,10304.41,8521.19
6688,2023,1,2024,2,3104.45,11088.4
6689,2023,0,2023,1,17763.56,15312.84
6689,2023,1,2024,2,6829.74,21200.33
6690,2023,0,2023,1,3256.03,2756.69
6690,2023,1,2024,2,1389.92,3933.45
6692,2023,0,2023,1,32272.59,26467.52
6692,2023,1,2024,2,11719.58,36079.03
6693,2023,0,2023,1,138279.63,124150
6693,2023,1,2024,2,65984.79,183392.37
6694,2023,0,2023,1,9673.09,8542.08
6694,2023,1,2024,2,4525.22,12538.19
6698,2023,0,2023,1,13176.07,11091.62
6698,2023,1,2024,2,5904.95,16062.4
6699,2023,0,2023,1,31905.92,26117.62
6699,2023,1,2024,2,11231.03,35311.15
6700,2023,0,2023,1,1508.12,1268.91
6700,2023,1,2024,2,643.35,1810.21
6701,2023,0,2023,1,3397.45,3075.01
6701,2023,1,2024,2,2006.49,4891.06
6702,2023,0,2023,1,6333.94,5584.31
6702,2023,1,2024,2,2574.5,7854.11
6703,2023,0,2023,1,1855.81,1567.2
6703,2023,1,2024,2,709.71,2166.54
6704,2023,0,2023,1,5370.15,4790.18
6704,2023,1,2024,2,2821.53,7306.99
6705,2023,0,2023,1,5107.85,4408.14
6705,2023,1,2024,2,2414.26,6491.67
6706,2023,0,2023,1,14813.72,13076.06
6706,2023,1,2024,2,6783.39,19063.75
6707,2023,0,2023,1,13602.84,11694.14
6707,2023,1,2024,2,5962.47,16819.99
6708,2023,0,2023,1,89088.73,77948.11
6708,2023,1,2024,2,42145.9,114823.63
6709,2023,0,2023,1,25540.98,22794.6
6709,2023,1,2024,2,11184.27,32776.25
6710,2023,0,2023,1,8539.73,7105.53
6710,2023,1,2024,2,3745.03,10221.61
6711,2023,0,2023,1,13411.71,11505.18
6711,2023,1,2024,2,5841.63,16516.41
6713,2023,0,2023,1,8405.76,7024.04
6713,2023,1,2024,2,3551.9,9992.09
6714,2023,0,2023,1,10164.92,8752.41
6714,2023,1,2024,2,3915.84,12124.12
6715,2023,0,2023,1,6112.21,5351.61
6715,2023,1,2024,2,2938.61,7924.54
6716,2023,0,2023,1,119267.76,105702.99
6716,2023,1,2024,2,63302.57,161805.92
6717,2023,0,2023,1,8964.4,7632.66
6717,2023,1,2024,2,4129.36,11148.57
6718,2023,0,2023,1,9586.97,8894.94
6718,2023,1,2024,2,5496.55,13994.73
6719,2023,0,2023,1,3689.03,3169.86
6719,2023,1,2024,2,1560.28,4510.55
6720,2023,0,2023,1,21793.77,19070.85
6720,2023,1,2024,2,10279.71,28066.21
6721,2023,0,2023,1,7232.25,6146.23
6721,2023,1,2024,2,2138.02,7963.19
6722,2023,0,2023,1,8373.08,6944.84
6722,2023,1,2024,2,3139.81,9549.07
6723,2023,0,2023,1,19159.32,15914.68
6723,2023,1,2024,2,8526.06,22996.85
6724,2023,0,2023,1,48309.33,41161.05
6724,2023,1,2024,2,23073.05,60820
6725,2023,0,2023,1,8814.46,7335.29
6725,2023,1,2024,2,4041.87,10698.89
6726,2023,0,2023,1,12128.23,10188.99
6726,2023,1,2024,2,4943.35,14341.93
6727,2023,0,2023,1,18258.64,16247.1
6727,2023,1,2024,2,9321.54,24541.69
6728,2023,0,2023,1,9951.67,8991.26
6728,2023,1,2024,2,4556.72,13108.23
6730,2023,0,2023,1,7354.05,6076.51
6730,2023,1,2024,2,2521.2,8159.73
6731,2023,0,2023,1,14320.45,12558.23
6731,2023,1,2024,2,5850.29,17688.6
6732,2023,0,2023,1,8467.26,7174.78
6732,2023,1,2024,2,3354.15,10016.93
6733,2023,0,2023,1,22189.3,17675.31
6733,2023,1,2024,2,7133.04,23357.27
6736,2023,0,2023,1,872.58,759.72
6736,2023,1,2024,2,381.31,1091.71
6738,2023,0,2023,1,131383.43,113758.59
6738,2023,1,2024,2,58598.49,164496.21
6740,2023,0,2023,1,4204.27,3451.93
6740,2023,1,2024,2,1475.51,4663.4
6741,2023,0,2023,1,5371.42,4490.54
6741,2023,1,2024,2,1717.39,5926.29
6742,2023,0,2023,1,26922.8,22473.88
6742,2023,1,2024,2,10219.38,31004.53
6743,2023,0,2023,1,10047.2,8740.57
6743,2023,1,2024,2,4541.73,12691.66
6744,2023,0,2023,1,648.38,537.25
6744,2023,1,2024,2,285.98,774.21
6745,2023,0,2023,1,3426.22,2762.91
6745,2023,1,2024,2,928.57,3511.71
6746,2023,0,2023,1,51549.06,42598.14
6746,2023,1,2024,2,17552.91,57103.18
6747,2023,0,2023,1,14043.31,11840.51
6747,2023,1,2024,2,6066.53,16955.46
6748,2023,0,2023,1,44981.89,36768.91
6748,2023,1,2024,2,16198.3,50009.65
6749,2023,0,2023,1,901.52,754.4
6749,2023,1,2024,2,361.08,1056.56
6752,2023,0,2023,1,155.62,129.14
6752,2023,1,2024,2,79.9,195.44
6753,2023,0,2023,1,13764.89,11594.82
6753,2023,1,2024,2,5293.69,16053.95
6754,2023,0,2023,1,6792.89,5434.88
6754,2023,1,2024,2,1937.52,6985.06
6756,2023,0,2023,1,8077.12,7025.39
6756,2023,1,2024,2,3275.14,9874.07
6757,2023,0,2023,1,1981.08,1701.05
6757,2023,1,2024,2,810.21,2396.73
6758,2023,0,2023,1,2521.21,2200.59
6758,2023,1,2024,2,1226.86,3271.42
6759,2023,0,2023,1,1939.2,1569.48
6759,2023,1,2024,2,645.92,2092.24
6760,2023,0,2023,1,26905.47,23223.86
6760,2023,1,2024,2,10514.53,32299.64
6761,2023,0,2023,1,33983.46,29462.27
6761,2023,1,2024,2,13331.76,41020.36
6762,2023,0,2023,1,34920.72,29738.28
6762,2023,1,2024,2,16388.98,43695.04
6765,2023,0,2023,1,92203.31,75920.46
6765,2023,1,2024,2,33340.67,103373.25
6766,2023,0,2023,1,22688.76,18618.22
6766,2023,1,2024,2,8124.76,25285.34
6769,2023,0,2023,1,26886.66,23079.57
6769,2023,1,2024,2,12961.88,34206.08
6771,2023,0,2023,1,10602.31,9405.77
6771,2023,1,2024,2,5898.03,14638.16
6772,2023,0,2023,1,84595.85,71329.49
6772,2023,1,2024,2,32892.25,99063.57
6775,2023,0,2023,1,8658.27,7328.41
6775,2023,1,2024,2,3344.12,10158.89
6776,2023,0,2023,1,10300.8,8600.14
6776,2023,1,2024,2,4324.72,12210.84
6777,2023,0,2023,1,134835.19,122030.62
6777,2023,1,2024,2,76502.72,191268.29
6778,2023,0,2023,1,1497.12,1319.33
6778,2023,1,2024,2,718.01,1952.08
6779,2023,0,2023,1,26862.77,22968.45
6779,2023,1,2024,2,12337.5,33517.37
6780,2023,0,2023,1,12901.35,11173.5
6780,2023,1,2024,2,6166.09,16513.78
6782,2023,0,2023,1,8992.94,7345.05
6782,2023,1,2024,2,3767.13,10421.88
6783,2023,0,2023,1,9785.22,8236.31
6783,2023,1,2024,2,3224.69,10950.56
6784,2023,0,2023,1,4230.08,3717.8
6784,2023,1,2024,2,1623.52,5144.71
6785,2023,0,2023,1,15364.51,13248.65
6785,2023,1,2024,2,6389.25,18758.03
6786,2023,0,2023,1,2382.19,1989.48
6786,2023,1,2024,2,906.34,2746.41
6787,2023,0,2023,1,10546.93,9097.04
6787,2023,1,2024,2,4699.77,13150.72
6789,2023,0,2023,1,30161.33,26162.15
6789,2023,1,2024,2,12805.03,37269.32
6790,2023,0,2023,1,13388.11,10874.11
6790,2023,1,2024,2,4287.63,14356.61
6791,2023,0,2023,1,8875.39,7487.38
6791,2023,1,2024,2,3341.26,10306.11
6792,2023,0,2023,1,19735.51,17219.76
6792,2023,1,2024,2,7768.72,23998.18
6794,2023,0,2023,1,7890.1,6714.76
6794,2023,1,2024,2,3528.79,9717.88
6797,2023,0,2023,1,12316,10139.81
6797,2023,1,2024,2,5033.24,14283.69
6798,2023,0,2023,1,20773.09,17694.93
6798,2023,1,2024,2,8924.81,25297.26
6799,2023,0,2023,1,3236.77,2735.96
6799,2023,1,2024,2,1158.09,3714.87
6800,2023,0,2023,1,107.73,89.05
6800,2023,1,2024,2,52.02,132.05
6802,2023,0,2023,1,5913.08,5086.27
6802,2023,1,2024,2,2411.89,7160.91
6804,2023,0,2023,1,34872.73,29959.2
6804,2023,1,2024,2,14495.82,42412.57
6805,2023,0,2023,1,13140.58,11280.73
6805,2023,1,2024,2,6168.37,16576.06
6806,2023,0,2023,1,9705.23,8496.53
6806,2023,1,2024,2,4907.96,12793.24
6807,2023,0,2023,1,7175.72,6369.89
6807,2023,1,2024,2,3548.23,9519.66
6808,2023,0,2023,1,16927.7,13108.07
6808,2023,1,2024,2,5498.54,17365.89
6809,2023,0,2023,1,90271.12,78319.48
6809,2023,1,2024,2,40603.98,113547.61
6811,2023,0,2023,1,18862.57,15545.96
6811,2023,1,2024,2,7886.77,22046
6814,2023,0,2023,1,31596.33,25944.55
6814,2023,1,2024,2,11025.82,34998.13
6815,2023,0,2023,1,16386.67,13983.89
6815,2023,1,2024,2,7214.64,20140.64
6816,2023,0,2023,1,400.51,325.34
6816,2023,1,2024,2,139.57,438.72
6817,2023,0,2023,1,141158.79,120034.7
6817,2023,1,2024,2,62468.34,173154.8
6819,2023,0,2023,1,11121.8,8944.87
6819,2023,1,2024,2,4097.25,12240.14
6821,2023,0,2023,1,30344.76,25487.98
6821,2023,1,2024,2,12642.71,36107.19
6823,2023,0,2023,1,17500.13,14951.7
6823,2023,1,2024,2,8874.52,22533.89
6824,2023,0,2023,1,18144.89,15722.28
6824,2023,1,2024,2,8642.19,23210.61
6825,2023,0,2023,1,9848.24,8123.24
6825,2023,1,2024,2,3781.49,11242.37
6826,2023,0,2023,1,23046.78,20322.21
6826,2023,1,2024,2,10449.7,29536.56
6827,2023,0,2023,1,17300.35,14926.47
6827,2023,1,2024,2,7820.03,21673.48
6829,2023,0,2023,1,15163.41,12825.86
6829,2023,1,2024,2,5333.93,17337.52
6831,2023,0,2023,1,25120.22,20647.81
6831,2023,1,2024,2,9171.63,28186.52
6833,2023,0,2023,1,32748.59,28780.1
6833,2023,1,2024,2,16049.44,42884.66
6837,2023,0,2023,1,13355.18,11755.03
6837,2023,1,2024,2,5862.74,16915.33
6839,2023,0,2023,1,6116.79,5070.12
6839,2023,1,2024,2,2343.51,7012.61
6840,2023,0,2023,1,4773.22,4055.54
6840,2023,1,2024,2,1818.15,5600.33
6841,2023,0,2023,1,11884.9,9866.45
6841,2023,1,2024,2,5099.97,14100.28
6842,2023,0,2023,1,176.35,142.15
6842,2023,1,2024,2,65.6,195.02
6843,2023,0,2023,1,52505.85,44278.06
6843,2023,1,2024,2,21775.61,62641.38
6844,2023,0,2023,1,12209.41,10379.79
6844,2023,1,2024,2,4572.98,14267.49
6845,2023,0,2023,1,5796.51,5044.19
6845,2023,1,2024,2,2830.88,7507.66
6846,2023,0,2023,1,2200.75,1733.17
6846,2023,1,2024,2,700.89,2285.14
6847,2023,0,2023,1,3818,3115.39
6847,2023,1,2024,2,1201.82,4096.04
6848,2023,0,2023,1,2732.88,2430.48
6848,2023,1,2024,2,1194.37,3492.69
6849,2023,0,2023,1,9964.27,8607.11
6849,2023,1,2024,2,3218.37,11387.12
6850,2023,0,2023,1,10583.92,8776.27
6850,2023,1,2024,2,3542.92,11714.08
6851,2023,0,2023,1,87225.79,78557.99
6851,2023,1,2024,2,42223.9,116586.01
6853,2023,0,2023,1,7049.5,6002.87
6853,2023,1,2024,2,3264.16,8782.41
6854,2023,0,2023,1,3422.73,2835.67
6854,2023,1,2024,2,1385.85,3983.82
6855,2023,0,2023,1,161339.15,141130.66
6855,2023,1,2024,2,85518.04,215937.15
6856,2023,0,2023,1,9466.91,8066.46
6856,2023,1,2024,2,3979.77,11457.5
6857,2023,0,2023,1,23960.39,19572.39
6857,2023,1,2024,2,10423.77,28087.19
6859,2023,0,2023,1,56167.38,48247.02
6859,2023,1,2024,2,22369.28,67461.92
6860,2023,0,2023,1,18401.69,15920.51
6860,2023,1,2024,2,8868.26,23593.02
6862,2023,0,2023,1,5774.52,4945.17
6862,2023,1,2024,2,2738.08,7290.01
6863,2023,0,2023,1,37663.67,30022.13
6863,2023,1,2024,2,12120.37,39683.42
6864,2023,0,2023,1,4736.4,4061.88
6864,2023,1,2024,2,1909.8,5699.71
6865,2023,0,2023,1,4636.96,4150.78
6865,2023,1,2024,2,2149.94,6075.3
6866,2023,0,2023,1,3632.7,3187.79
6866,2023,1,2024,2,2027.82,4967.26
6867,2023,0,2023,1,27251.57,23306.62
6867,2023,1,2024,2,12444.24,33949.43
6868,2023,0,2023,1,23962.58,21501.75
6868,2023,1,2024,2,11849.68,32134.53
6871,2023,0,2023,1,119950.68,104464.14
6871,2023,1,2024,2,50263.72,148238.43
6872,2023,0,2023,1,12607.67,10931.23
6872,2023,1,2024,2,5914.88,16059.61
6873,2023,0,2023,1,4648.2,3981.73
6873,2023,1,2024,2,1880.03,5592.18
6874,2023,0,2023,1,22517.15,18747.46
6874,2023,1,2024,2,7109.32,24666.58
6875,2023,0,2023,1,4631.59,4103.58
6875,2023,1,2024,2,1754.61,5658.15
6876,2023,0,2023,1,2008.15,1768.9
6876,2023,1,2024,2,907.39,2568.19
6877,2023,0,2023,1,9500.74,8529.95
6877,2023,1,2024,2,5106.81,13114.95
6878,2023,0,2023,1,19476.88,16832.27
6878,2023,1,2024,2,7443.39,23264.98
6879,2023,0,2023,1,7205.54,6013.79
6879,2023,1,2024,2,2745.88,8305.53
6880,2023,0,2023,1,21900.47,18817.01
6880,2023,1,2024,2,9721.93,27170.15
6881,2023,0,2023,1,11209.83,9804.77
6881,2023,1,2024,2,4817.42,14018.37
6882,2023,0,2023,1,14236.46,12262.58
6882,2023,1,2024,2,6358.57,17739.53
6883,2023,0,2023,1,11416.07,10123.62
6883,2023,1,2024,2,5027.35,14581.81
6884,2023,0,2023,1,22785.48,19215.54
6884,2023,1,2024,2,9756.58,27443.5
6887,2023,0,2023,1,100043.49,87399.55
6887,2023,1,2024,2,42006.09,124096.72
6888,2023,0,2023,1,1089.97,938.29
6888,2023,1,2024,2,428.69,1307.32
6889,2023,0,2023,1,1650.45,1386.51
6889,2023,1,2024,2,543.05,1842.72
6890,2023,0,2023,1,6449.16,5216.55
6890,2023,1,2024,2,2843.97,7516.95
6891,2023,0,2023,1,3619.81,3104.29
6891,2023,1,2024,2,1474.73,4368.99
6893,2023,0,2023,1,10645.03,9638.52
6893,2023,1,2024,2,5211.26,14357.05
6894,2023,0,2023,1,2047.01,1770.01
6894,2023,1,2024,2,902.49,2550.37
6895,2023,0,2023,1,101928.03,89584.68
6895,2023,1,2024,2,48264.51,132004.42
6896,2023,0,2023,1,9972.55,8316.96
6896,2023,1,2024,2,4301.58,11904.42
6898,2023,0,2023,1,1698.02,1431.35
6898,2023,1,2024,2,668.57,1994.92
6900,2023,0,2023,1,12815.97,10519.6
6900,2023,1,2024,2,5388.49,14942.57
6901,2023,0,2023,1,14493.15,12157.6
6901,2023,1,2024,2,5812.02,17033.02
6902,2023,0,2023,1,1558.19,1262.78
6902,2023,1,2024,2,527.63,1690.38
6904,2023,0,2023,1,31490.2,27471.13
6904,2023,1,2024,2,12632.35,38491.23
6905,2023,0,2023,1,14129.47,12004.75
6905,2023,1,2024,2,5014.64,16265.32
6907,2023,0,2023,1,1361.01,1188.17
6907,2023,1,2024,2,699.16,1798.54
6908,2023,0,2023,1,816.05,704.42
6908,2023,1,2024,2,357.58,1013.08
6909,2023,0,2023,1,613.36,531.31
6909,2023,1,2024,2,265.68,761.44
6910,2023,0,2023,1,16683.67,13773.94
6910,2023,1,2024,2,6275.61,18955.04
6912,2023,0,2023,1,12626.92,10364.87
6912,2023,1,2024,2,4760.56,14272.6
6915,2023,0,2023,1,109979.68,92626.8
6915,2023,1,2024,2,45241.94,130730.34
6917,2023,0,2023,1,1897.1,1538.22
6917,2023,1,2024,2,755.22,2150.57
6918,2023,0,2023,1,3446.35,2898.21
6918,2023,1,2024,2,1262.15,3959.62
6919,2023,0,2023,1,7632.73,6393.3
6919,2023,1,2024,2,3229.98,9098.78
6920,2023,0,2023,1,16015.25,12986.16
6920,2023,1,2024,2,4982.55,17026.33
6923,2023,0,2023,1,5095.54,4569.21
6923,2023,1,2024,2,2449.64,6765.82
6925,2023,0,2023,1,14499.51,12577.17
6925,2023,1,2024,2,7007.04,18655.22
6926,2023,0,2023,1,9618.06,8255.91
6926,2023,1,2024,2,4142.87,11812.05
6927,2023,0,2023,1,5372.15,4431.04
6927,2023,1,2024,2,2152.16,6206.17
6928,2023,0,2023,1,2563.14,2151.17
6928,2023,1,2024,2,1038.59,3022.83
6929,2023,0,2023,1,9046.17,7193.23
6929,2023,1,2024,2,2601.3,9261.7
6931,2023,0,2023,1,18480.67,14998.68
6931,2023,1,2024,2,7312.54,20933.44
6932,2023,0,2023,1,8463.2,7205.93
6932,2023,1,2024,2,3273.81,9993.39
6933,2023,0,2023,1,13457.12,11677.03
6933,2023,1,2024,2,6676.56,17470.43
6934,2023,0,2023,1,8585.84,7122.14
6934,2023,1,2024,2,3266.53,9831.8
6935,2023,0,2023,1,13509.74,11482.54
6935,2023,1,2024,2,5253.2,15947.48
6936,2023,0,2023,1,23577.45,19877.32
6936,2023,1,2024,2,8664.36,27181.94
6937,2023,0,2023,1,15896.91,13516.96
6937,2023,1,2024,2,5662.56,18331.77
6939,2023,0,2023,1,9376.16,7948.48
6939,2023,1,2024,2,4484.15,11749.84
6943,2023,0,2023,1,28300.76,24477.48
6943,2023,1,2024,2,14184.44,36745.67
6944,2023,0,2023,1,23153.06,20365.81
6944,2023,1,2024,2,12168.26,31069.21
6945,2023,0,2023,1,17998.16,15536.75
6945,2023,1,2024,2,7798.59,22268.82
6946,2023,0,2023,1,24357.48,20716.91
6946,2023,1,2024,2,11482.09,30482.85
6947,2023,0,2023,1,12970.36,11612.89
6947,2023,1,2024,2,6288.9,17243.59
6948,2023,0,2023,1,13822.94,11666.02
6948,2023,1,2024,2,6673.98,17298.59
6949,2023,0,2023,1,2861.73,2434.35
6949,2023,1,2024,2,1244.78,3493.22
6950,2023,0,2023,1,14304.09,12318.07
6950,2023,1,2024,2,5624.47,17161.62
6951,2023,0,2023,1,9674.1,8055.5
6951,2023,1,2024,2,3109.47,10644.7
6952,2023,0,2023,1,5824.13,4677.76
6952,2023,1,2024,2,1597.6,5960.9
6954,2023,0,2023,1,30696.16,26706.13
6954,2023,1,2024,2,14162.09,39027.37
6956,2023,0,2023,1,3477.79,2979.52
6956,2023,1,2024,2,1466.54,4235.95
6957,2023,0,2023,1,133939.82,115937.74
6957,2023,1,2024,2,62038.99,169638.43
6958,2023,0,2023,1,1561.95,1379.6
6958,2023,1,2024,2,709.64,2006.39
6959,2023,0,2023,1,10469.33,8465.01
6959,2023,1,2024,2,3199.55,11052.01
6961,2023,0,2023,1,13357.7,11355.94
6961,2023,1,2024,2,4866.41,15493.08
6962,2023,0,2023,1,24161.84,20599.48
6962,2023,1,2024,2,9629.86,28809.53
6963,2023,0,2023,1,1798.52,1554.78
6963,2023,1,2024,2,794.33,2241.47
6964,2023,0,2023,1,6822.97,5662.92
6964,2023,1,2024,2,2887.4,8059.4
6965,2023,0,2023,1,9294.74,8114.79
6965,2023,1,2024,2,3839.51,11466.88
6966,2023,0,2023,1,4416.34,3882.31
6966,2023,1,2024,2,2458.47,6043.51
6967,2023,0,2023,1,6860.54,5841.55
6967,2023,1,2024,2,3141.39,8516.36
6971,2023,0,2023,1,16190.17,14413.69
6971,2023,1,2024,2,7208.1,20830.87
6972,2023,0,2023,1,10521.88,8753.08
6972,2023,1,2024,2,4311.12,12339.47
6975,2023,0,2023,1,47077.28,39309.03
6975,2023,1,2024,2,19112.96,55268.15
6976,2023,0,2023,1,2473.9,2157.96
6976,2023,1,2024,2,1103.36,3120.41
6977,2023,0,2023,1,5388.4,4325.07
6977,2023,1,2024,2,1777.09,5751.47
6978,2023,0,2023,1,21147.19,17910.04
6978,2023,1,2024,2,7402.62,24179.49
6979,2023,0,2023,1,9337.18,7868.71
6979,2023,1,2024,2,3834.29,11099.97
6980,2023,0,2023,1,24321.95,20149.51
6980,2023,1,2024,2,9741.39,28219.76
6981,2023,0,2023,1,2889.69,2534.93
6981,2023,1,2024,2,1479.86,3833.12
6983,2023,0,2023,1,15133.68,13565.71
6983,2023,1,2024,2,6968.58,19812.29
6986,2023,0,2023,1,18131.53,14863.42
6986,2023,1,2024,2,6845.21,20474.82
6987,2023,0,2023,1,10658.33,8685.78
6987,2023,1,2024,2,3368.3,11430.71
6988,2023,0,2023,1,5148.51,4428.17
6988,2023,1,2024,2,2272.75,6382.93
6990,2023,0,2023,1,161040.29,141590.62
6990,2023,1,2024,2,76694.11,209021.98
6991,2023,0,2023,1,11636.19,9752.49
6991,2023,1,2024,2,4181.87,13257.38
6992,2023,0,2023,1,39486.06,33036.8
6992,2023,1,2024,2,13082.22,43982.3
6996,2023,0,2023,1,20350.81,16925.3
6996,2023,1,2024,2,8455.61,23957.63
6997,2023,0,2023,1,122687.41,110313.03
6997,2023,1,2024,2,59567.51,163872.49
6998,2023,0,2023,1,4761.18,4112.03
6998,2023,1,2024,2,1948.57,5794.93
6999,2023,0,2023,1,15983.84,13689.4
6999,2023,1,2024,2,6236.71,19030.85
7000,2023,0,2023,1,10292.07,8911.25
7000,2023,1,2024,2,4664.57,12950
7001,2023,0,2023,1,24667.77,20477.22
7001,2023,1,2024,2,8299.99,27367.21
7002,2023,0,2023,1,25879.56,21416.57
7002,2023,1,2024,2,11081.03,30586.65
7003,2023,0,2023,1,17020.63,13715
7003,2023,1,2024,2,6391.78,18865.42
7004,2023,0,2023,1,586.27,493.92
7004,2023,1,2024,2,220.72,679.88
7005,2023,0,2023,1,39466.61,33970.17
7005,2023,1,2024,2,15795.88,47566.18
7006,2023,0,2023,1,181553.76,159188.9
7006,2023,1,2024,2,84787.64,233531.9
7007,2023,0,2023,1,14146.77,11768.87
7007,2023,1,2024,2,6601.92,17261.1
7008,2023,0,2023,1,15034.76,13194.13
7008,2023,1,2024,2,7734.9,19982.08
7009,2023,0,2023,1,9430.21,8139.16
7009,2023,1,2024,2,3902.43,11507.32
7010,2023,0,2023,1,43826.69,35439.98
7010,2023,1,2024,2,15203.85,47734.41
7011,2023,0,2023,1,4656.58,3850.38
7011,2023,1,2024,2,2055.6,5550.09
7012,2023,0,2023,1,8408.9,6767.08
7012,2023,1,2024,2,3235.2,9370.61
7013,2023,0,2023,1,10565.19,8800.12
7013,2023,1,2024,2,4083.28,12201.22
7014,2023,0,2023,1,5998.24,5165.2
7014,2023,1,2024,2,2507.84,7324.75
7015,2023,0,2023,1,12295,10453.13
7015,2023,1,2024,2,4462.67,14247.27
7017,2023,0,2023,1,15759.77,13387.3
7017,2023,1,2024,2,6763.62,19132.72
7018,2023,0,2023,1,11112.55,9500.68
7018,2023,1,2024,2,4305.32,13181.52
7020,2023,0,2023,1,9896.19,8364.96
7020,2023,1,2024,2,3837.23,11608.47
7023,2023,0,2023,1,18302.44,14652.04
7023,2023,1,2024,2,6104.12,19538.7
7025,2023,0,2023,1,5537.93,4704.34
7025,2023,1,2024,2,2042.03,6438.99
7026,2023,0,2023,1,19128.44,16363.41
7026,2023,1,2024,2,8802.24,23893.29
7027,2023,0,2023,1,55967.31,47039.73
7027,2023,1,2024,2,23446.48,66746.16
7028,2023,0,2023,1,11997.01,10150.38
7028,2023,1,2024,2,4732.4,14154.36
7029,2023,0,2023,1,3951.13,3353.7
7029,2023,1,2024,2,1811.47,4891.27
7030,2023,0,2023,1,5585.59,4699.46
7030,2023,1,2024,2,2219.36,6566.73
7031,2023,0,2023,1,15357.07,12717.76
7031,2023,1,2024,2,5781.07,17505.27
7032,2023,0,2023,1,1369.08,1168.09
7032,2023,1,2024,2,539.92,1628.75
7033,2023,0,2023,1,6129.82,5396.89
7033,2023,1,2024,2,3200.91,8215.07
7034,2023,0,2023,1,3335.28,2841.76
7034,2023,1,2024,2,1464.53,4089.59
7035,2023,0,2023,1,24007.33,19770.62
7035,2023,1,2024,2,11199.24,28993.47
7036,2023,0,2023,1,51231.56,43759.41
7036,2023,1,2024,2,24500.02,64686.1
7037,2023,0,2023,1,111647.74,92138.53
7037,2023,1,2024,2,48416.65,132094.9
7038,2023,0,2023,1,13496.42,12186.75
7038,2023,1,2024,2,7070.96,18571.56
7039,2023,0,2023,1,4879.46,4194.93
7039,2023,1,2024,2,2278.81,6154.05
7040,2023,0,2023,1,26957.68,22672.86
7040,2023,1,2024,2,9570.06,30721.79
7042,2023,0,2023,1,8383.5,6976.21
7042,2023,1,2024,2,2773.89,9284.46
7043,2023,0,2023,1,5100,4205.89
7043,2023,1,2024,2,1640.55,5558.82
7044,2023,0,2023,1,10415.63,8729.92
7044,2023,1,2024,2,4380.97,12401.85
7045,2023,0,2023,1,10861.71,9592.07
7045,2023,1,2024,2,5045.58,14047.86
7046,2023,0,2023,1,17732.85,14914.77
7046,2023,1,2024,2,7124.6,20907.14
7048,2023,0,2023,1,557.09,446.86
7048,2023,1,2024,2,136.39,556.27
7049,2023,0,2023,1,72312.89,59929.51
7049,2023,1,2024,2,27869.36,83026.32
7050,2023,0,2023,1,12794.95,10737.53
7050,2023,1,2024,2,4657.24,14645.89
7051,2023,0,2023,1,18998.93,16379.46
7051,2023,1,2024,2,7514.2,22857.63
7052,2023,0,2023,1,18660.64,16774.86
7052,2023,1,2024,2,8966.26,24835.03
7053,2023,0,2023,1,9968.82,8490
7053,2023,1,2024,2,4839,12611.15
7055,2023,0,2023,1,4865.35,4089.49
7055,2023,1,2024,2,1784.65,5589.55
7056,2023,0,2023,1,1107.57,919.47
7056,2023,1,2024,2,448.34,1291.67
7058,2023,0,2023,1,12648.9,10074.61
7058,2023,1,2024,2,4366.66,13552.57
7059,2023,0,2023,1,15896.19,13750.37
7059,2023,1,2024,2,7016.5,19819.7
7060,2023,0,2023,1,8762.99,7540.25
7060,2023,1,2024,2,3755.22,10771.49
7061,2023,0,2023,1,10480.59,8300.15
7061,2023,1,2024,2,3147.94,10793.18
7062,2023,0,2023,1,16923.16,14054.96
7062,2023,1,2024,2,6830.1,19727.47
7063,2023,0,2023,1,12840.16,10594.69
7063,2023,1,2024,2,4415.37,14237.91
7064,2023,0,2023,1,9495.13,7747.62
7064,2023,1,2024,2,3464.76,10574.72
7065,2023,0,2023,1,31457.8,26361.57
7065,2023,1,2024,2,11941.46,36368.49
7066,2023,0,2023,1,5171.7,4672.94
7066,2023,1,2024,2,2468.25,6903.16
7067,2023,0,2023,1,7759.04,6823.42
7067,2023,1,2024,2,3950.43,10297.49
7068,2023,0,2023,1,9991.31,9170.67
7068,2023,1,2024,2,5701.05,14403.47
7069,2023,0,2023,1,39513.06,32920.95
7069,2023,1,2024,2,14265.9,44806.81
7072,2023,0,2023,1,4063.38,3437.7
7072,2023,1,2024,2,1561.91,4759.11
7073,2023,0,2023,1,7996.66,7056.54
7073,2023,1,2024,2,3675.46,10299.9
7075,2023,0,2023,1,18407.24,15423.59
7075,2023,1,2024,2,6879.54,21188.01
7076,2023,0,2023,1,36090.79,31375.64
7076,2023,1,2024,2,15325.76,44699.13
7077,2023,0,2023,1,8892.56,7551.56
7077,2023,1,2024,2,3720.54,10711.04
7078,2023,0,2023,1,6774.53,5924.51
7078,2023,1,2024,2,3512.13,8995.96
7079,2023,0,2023,1,20390.9,17741.07
7079,2023,1,2024,2,9794.92,26263.13
7080,2023,0,2023,1,1795.43,1578
7080,2023,1,2024,2,725.8,2215.91
7083,2023,0,2023,1,21965.08,19371.68
7083,2023,1,2024,2,9487.04,27738.6
7085,2023,0,2023,1,4273.32,3670
7085,2023,1,2024,2,1668.94,5103.31
7086,2023,0,2023,1,5644.68,4722.42
7086,2023,1,2024,2,2029.72,6420.52
7087,2023,0,2023,1,16917.3,14296.91
7087,2023,1,2024,2,7422.14,20569.4
7088,2023,0,2023,1,3924.98,3293.59
7088,2023,1,2024,2,1700.84,4720.82
7089,2023,0,2023,1,2283.81,1981.27
7089,2023,1,2024,2,973.47,2825.79
7090,2023,0,2023,1,39125.6,33528.17
7090,2023,1,2024,2,18661.38,49519.79
7092,2023,0,2023,1,13499.19,11476.65
7092,2023,1,2024,2,5894.76,16488.22
7093,2023,0,2023,1,15976.2,13631.94
7093,2023,1,2024,2,6701.53,19350.12
7094,2023,0,2023,1,23879.61,20031.23
7094,2023,1,2024,2,9240.79,27782.81
7095,2023,0,2023,1,1360.53,1147.27
7095,2023,1,2024,2,529.3,1593.6
7097,2023,0,2023,1,133.73,108.31
7097,2023,1,2024,2,47,146.37
7098,2023,0,2023,1,14569.19,12728.84
7098,2023,1,2024,2,7553.27,19328
7099,2023,0,2023,1,984.7,869.68
7099,2023,1,2024,2,429.24,1248.78
7100,2023,0,2023,1,14787.13,12707.49
7100,2023,1,2024,2,6009.14,17871.51
7101,2023,0,2023,1,45994.68,38560.32
7101,2023,1,2024,2,18949.37,54446.81
7103,2023,0,2023,1,23806.99,20915
7103,2023,1,2024,2,10212.97,29887.33
7104,2023,0,2023,1,10984.37,9518.25
7104,2023,1,2024,2,4563.86,13472.95
7106,2023,0,2023,1,13274.78,11781.81
7106,2023,1,2024,2,5584.55,16738.28
7108,2023,0,2023,1,3106.13,2711.58
7108,2023,1,2024,2,1527.67,4045.19
7109,2023,0,2023,1,23373.28,18998.89
7109,2023,1,2024,2,7920.24,25436.83
7110,2023,0,2023,1,8336.18,6902.47
7110,2023,1,2024,2,3188.88,9542.91
7111,2023,0,2023,1,2416.26,2135.78
7111,2023,1,2024,2,1189.98,3187.62
7112,2023,0,2023,1,18622.16,15278.97
7112,2023,1,2024,2,5566.17,19845.86
7113,2023,0,2023,1,9088.51,7719.04
7113,2023,1,2024,2,3566.1,10747.79
7114,2023,0,2023,1,7303.52,5999.99
7114,2023,1,2024,2,2120.96,7742.4
7116,2023,0,2023,1,14618.14,13001.08
7116,2023,1,2024,2,7174.28,19381.74
7117,2023,0,2023,1,25273.02,21890.27
7117,2023,1,2024,2,11856.11,32159.47
7118,2023,0,2023,1,4446.11,3719.91
7118,2023,1,2024,2,1688.22,5132.38
7119,2023,0,2023,1,6783.4,5730.94
7119,2023,1,2024,2,2455.93,7805.82
7120,2023,0,2023,1,9123.91,7869.07
7120,2023,1,2024,2,4746.95,11963.15
7122,2023,0,2023,1,23858.05,20772.96
7122,2023,1,2024,2,10555.3,29963.35
7124,2023,0,2023,1,13334.6,10942.25
7124,2023,1,2024,2,5054.61,15090.01
7125,2023,0,2023,1,9320.7,8088.36
7125,2023,1,2024,2,4397.51,11904.46
7126,2023,0,2023,1,40294.72,32693.88
7126,2023,1,2024,2,14884.95,44771.06
7127,2023,0,2023,1,38607.79,31438.3
7127,2023,1,2024,2,14267.38,43056.22
7129,2023,0,2023,1,20841.22,17628.7
7129,2023,1,2024,2,7271.92,23779.71
7130,2023,0,2023,1,1901.21,1556.98
7130,2023,1,2024,2,777.82,2193.97
7132,2023,0,2023,1,111078.85,97047.44
7132,2023,1,2024,2,46492.67,137667.19
7134,2023,0,2023,1,31840.01,27784.33
7134,2023,1,2024,2,13765.77,39796.66
7135,2023,0,2023,1,9503.13,8275.86
7135,2023,1,2024,2,3792.2,11578.32
7136,2023,0,2023,1,14587.95,12027.81
7136,2023,1,2024,2,6326.62,17244.12
7138,2023,0,2023,1,26491.55,21506.56
7138,2023,1,2024,2,10157.38,29752.59
7139,2023,0,2023,1,8708.19,7276.19
7139,2023,1,2024,2,3298.05,10031.9
7140,2023,0,2023,1,9053.26,7187.9
7140,2023,1,2024,2,2871.02,9467.37
7141,2023,0,2023,1,16410.56,13023.97
7141,2023,1,2024,2,5028.55,17014.79
7143,2023,0,2023,1,3682.95,3204.2
7143,2023,1,2024,2,1816.34,4784.44
7145,2023,0,2023,1,2831.81,2428.34
7145,2023,1,2024,2,1339.16,3576.7
7146,2023,0,2023,1,7002.23,5787.01
7146,2023,1,2024,2,2707.36,8024.51
7147,2023,0,2023,1,16457.22,13732.36
7147,2023,1,2024,2,7000.57,19573.83
7148,2023,0,2023,1,23432.63,18990.05
7148,2023,1,2024,2,8363.88,25768.23
7149,2023,0,2023,1,7680.62,6305.58
7149,2023,1,2024,2,2932.08,8712.74
7150,2023,0,2023,1,8673.61,7589.48
7150,2023,1,2024,2,4298.34,11350.57
7151,2023,0,2023,1,110753.18,96676.76
7151,2023,1,2024,2,53594.92,143459.92
7152,2023,0,2023,1,739.42,659.14
7152,2023,1,2024,2,297.52,924.36
7154,2023,0,2023,1,8978.24,7745.62
7154,2023,1,2024,2,4593.57,11708.54
7156,2023,0,2023,1,29790.47,24881.79
7156,2023,1,2024,2,13378.9,36056.2
7157,2023,0,2023,1,11693.13,9472.92
7157,2023,1,2024,2,4309.09,12963.84
7158,2023,0,2023,1,42541.74,37551.81
7158,2023,1,2024,2,20404.52,55562.98
7159,2023,0,2023,1,23831.21,20128.71
7159,2023,1,2024,2,9633.57,28265.58
7160,2023,0,2023,1,57618.7,51221.65
7160,2023,1,2024,2,29825.4,77735.72
7163,2023,0,2023,1,11829.9,9833.82
7163,2023,1,2024,2,4644.32,13694.5
7164,2023,0,2023,1,8492.93,7323.33
7164,2023,1,2024,2,3980.97,10756.07
7166,2023,0,2023,1,3166.91,2733.34
7166,2023,1,2024,2,1450.8,3985.51
7167,2023,0,2023,1,10062.91,8808.4
7167,2023,1,2024,2,4135.6,12428.42
7168,2023,0,2023,1,7679.61,6738.77
7168,2023,1,2024,2,3565.97,9867.87
7169,2023,0,2023,1,12072.43,10255.56
7169,2023,1,2024,2,5972.31,15329.06
7171,2023,0,2023,1,18694.86,15583.16
7171,2023,1,2024,2,7567.73,21891.26
7172,2023,0,2023,1,15118.51,12799.49
7172,2023,1,2024,2,8144.87,19695.01
7173,2023,0,2023,1,14874.41,12289.37
7173,2023,1,2024,2,6057.87,17294.44
7174,2023,0,2023,1,9038.4,7281.11
7174,2023,1,2024,2,2950.72,9658.13
7175,2023,0,2023,1,49661.47,42593.99
7175,2023,1,2024,2,19688.39,59480.46
7176,2023,0,2023,1,6334.27,5452.96
7176,2023,1,2024,2,2632.09,7718.85
7177,2023,0,2023,1,6751.8,5308.33
7177,2023,1,2024,2,1948.55,6840.29
7178,2023,0,2023,1,7375.04,6240.82
7178,2023,1,2024,2,3505.88,9207.51
7179,2023,0,2023,1,11096.17,9334.92
7179,2023,1,2024,2,4954.31,13502.85
7180,2023,0,2023,1,3467.96,2872.86
7180,2023,1,2024,2,1359.7,3999.24
7181,2023,0,2023,1,143740.1,113644.86
7181,2023,1,2024,2,38555.28,144127.72
7182,2023,0,2023,1,1551.75,1316.03
7182,2023,1,2024,2,704.15,1913.22
7183,2023,0,2023,1,13524.07,11041.39
7183,2023,1,2024,2,4794.03,14955.36
7184,2023,0,2023,1,26172.45,22203.67
7184,2023,1,2024,2,12609.1,32900.73
7185,2023,0,2023,1,19731.17,16165.78
7185,2023,1,2024,2,7782.38,22541.91
7186,2023,0,2023,1,11789.87,9968.56
7186,2023,1,2024,2,4488.18,13763.39
7187,2023,0,2023,1,17640.39,15046.35
7187,2023,1,2024,2,7849.64,21741.69
7188,2023,0,2023,1,77084.37,59523.66
7188,2023,1,2024,2,28230.26,81322.73
7189,2023,0,2023,1,4642.01,3949.16
7189,2023,1,2024,2,2113.44,5747.16
7190,2023,0,2023,1,20177.75,16868.93
7190,2023,1,2024,2,8781.61,24210.5
7191,2023,0,2023,1,6172.58,5120.96
7191,2023,1,2024,2,2498.29,7193.61
7192,2023,0,2023,1,8794.54,7656.37
7192,2023,1,2024,2,4740.41,11783.29
7193,2023,0,2023,1,15443.24,12977.48
7193,2023,1,2024,2,5377.09,17496.03
7195,2023,0,2023,1,27722.05,22937.54
7195,2023,1,2024,2,9191.68,30542.84
7196,2023,0,2023,1,13357.88,11433.79
7196,2023,1,2024,2,6718.11,17184.21
7197,2023,0,2023,1,46257.92,41718.65
7197,2023,1,2024,2,22896.87,62368.66
7198,2023,0,2023,1,11047.58,9437.69
7198,2023,1,2024,2,3761.68,12651.2
7199,2023,0,2023,1,7577.29,6442.96
7199,2023,1,2024,2,4071.12,9904.64
7200,2023,0,2023,1,16838.08,14636.12
7200,2023,1,2024,2,7846.82,21456.8
7203,2023,0,2023,1,23699.4,20217.64
7203,2023,1,2024,2,9827.01,28600.93
7204,2023,0,2023,1,18236.19,15842.73
7204,2023,1,2024,2,9289.62,23913.11
7206,2023,0,2023,1,40489.52,34024.98
7206,2023,1,2024,2,16817.66,48157.54
7208,2023,0,2023,1,11955.28,9580.46
7208,2023,1,2024,2,3333.67,12251.92
7209,2023,0,2023,1,3864.38,3331.87
7209,2023,1,2024,2,1873.52,4947.23
7210,2023,0,2023,1,11582.54,9947.41
7210,2023,1,2024,2,4603.33,13900.88
7211,2023,0,2023,1,13980.96,12063.5
7211,2023,1,2024,2,5959.83,17205.96
7213,2023,0,2023,1,11612.26,9925.2
7213,2023,1,2024,2,5684.96,14784.25
7214,2023,0,2023,1,11426.21,9493.36
7214,2023,1,2024,2,3841.09,12684.69
7216,2023,0,2023,1,39529.32,32859.75
7216,2023,1,2024,2,14788.16,45152.77
7217,2023,0,2023,1,124954.82,100943.65
7217,2023,1,2024,2,50725.98,141922.19
7218,2023,0,2023,1,1425.91,1217.29
7218,2023,1,2024,2,607.7,1736.09
7219,2023,0,2023,1,436.6,358.97
7219,2023,1,2024,2,190.12,515.29
7220,2023,0,2023,1,85589.85,72071.24
7220,2023,1,2024,2,37469.08,103622.21
7221,2023,0,2023,1,933.71,787.76
7221,2023,1,2024,2,344.38,1078.3
7226,2023,0,2023,1,27777.58,22901.78
7226,2023,1,2024,2,11218.6,32151.18
7227,2023,0,2023,1,19268.96,17172.98
7227,2023,1,2024,2,8867.37,25075.8
7229,2023,0,2023,1,15268.17,13255.39
7229,2023,1,2024,2,6658.8,19036.37
7230,2023,0,2023,1,21518.71,17817.51
7230,2023,1,2024,2,8820.33,25120.76
7232,2023,0,2023,1,3887.09,3206.63
7232,2023,1,2024,2,1626.32,4548.26
7233,2023,0,2023,1,3167.18,2649.57
7233,2023,1,2024,2,1345.65,3775.31
7235,2023,0,2023,1,5465.44,4649.04
7235,2023,1,2024,2,1880.58,6248.7
7236,2023,0,2023,1,23461.63,20012.88
7236,2023,1,2024,2,10490.8,28961.58
7238,2023,0,2023,1,16249.63,13170.82
7238,2023,1,2024,2,5406.44,17552.91
7240,2023,0,2023,1,85999.19,72443.9
7240,2023,1,2024,2,29297.58,97123.56
7241,2023,0,2023,1,20780.08,16710.78
7241,2023,1,2024,2,7592.72,22816.64
7242,2023,0,2023,1,2102.19,1740.79
7242,2023,1,2024,2,748.48,2360.59
7243,2023,0,2023,1,18542.18,15370.39
7243,2023,1,2024,2,6932.73,21117.23
7244,2023,0,2023,1,12317.53,10419.36
7244,2023,1,2024,2,4728.78,14419.43
7245,2023,0,2023,1,4276.62,3764.19
7245,2023,1,2024,2,2163.96,5668.86
7246,2023,0,2023,1,7690.12,6152.42
7246,2023,1,2024,2,2639.99,8264.52
7247,2023,0,2023,1,22434.03,18142.81
7247,2023,1,2024,2,7671.42,24346.84
7248,2023,0,2023,1,11254.08,9271.6
7248,2023,1,2024,2,3774.75,12381.4
7250,2023,0,2023,1,1707.46,1435.7
7250,2023,1,2024,2,724.35,2044.76
7251,2023,0,2023,1,5778.51,5007.31
7251,2023,1,2024,2,2370.81,7061.72
7252,2023,0,2023,1,7114.5,6514.83
7252,2023,1,2024,2,3792.61,9987.76
7253,2023,0,2023,1,8543.48,7126.96
7253,2023,1,2024,2,3669.1,10187.71
7254,2023,0,2023,1,5006.05,4320.25
7254,2023,1,2024,2,2490.29,6469.37
7256,2023,0,2023,1,24996.55,21581.23
7256,2023,1,2024,2,9723.31,29976.02
7257,2023,0,2023,1,36076.77,29907.3
7257,2023,1,2024,2,15354.92,42636.39
7259,2023,0,2023,1,21356.33,17666.45
7259,2023,1,2024,2,7050.82,23499.05
7260,2023,0,2023,1,17204.49,15642.54
7260,2023,1,2024,2,8423.08,23300.91
7261,2023,0,2023,1,4591.22,3814.96
7261,2023,1,2024,2,1886.72,5382.67
7262,2023,0,2023,1,17358.27,14866.73
7262,2023,1,2024,2,6988.92,20852.48
7264,2023,0,2023,1,4254.79,3471.04
7264,2023,1,2024,2,1654.61,4820.86
7265,2023,0,2023,1,15068.03,13092.2
7265,2023,1,2024,2,6574.7,18804.78
7267,2023,0,2023,1,2170.05,1941.27
7267,2023,1,2024,2,1059.01,2888.63
7268,2023,0,2023,1,9516.59,7810.7
7268,2023,1,2024,2,4466.1,11476.23
7270,2023,0,2023,1,14600.29,12470.13
7270,2023,1,2024,2,5434.92,17112.1
7271,2023,0,2023,1,8411.16,7345.04
7271,2023,1,2024,2,3752.25,10621.68
7272,2023,0,2023,1,18010.44,14776.23
7272,2023,1,2024,2,6721.05,20290.35
7273,2023,0,2023,1,10330.81,8773.42
7273,2023,1,2024,2,3413.6,11672.41
7275,2023,0,2023,1,13206.22,11312.74
7275,2023,1,2024,2,6038.42,16485.38
7276,2023,0,2023,1,4386.54,3954.71
7276,2023,1,2024,2,2425.93,6141.83
7278,2023,0,2023,1,16238.92,14294.54
7278,2023,1,2024,2,6865.77,20338.23
7279,2023,0,2023,1,23291.42,20320.41
7279,2023,1,2024,2,10346.85,29347.42
7280,2023,0,2023,1,6641.73,5252.43
7280,2023,1,2024,2,1698.01,6595.26
7281,2023,0,2023,1,8008.16,6623.52
7281,2023,1,2024,2,2856.48,8986.12
7283,2023,0,2023,1,22526.69,18928.79
7283,2023,1,2024,2,9852.55,27207.72
7286,2023,0,2023,1,37936.07,31260.15
7286,2023,1,2024,2,14785.41,43443.65
7289,2023,0,2023,1,614.7,513.86
7289,2023,1,2024,2,210.26,689.63
7290,2023,0,2023,1,35202.58,30432.34
7290,2023,1,2024,2,14652.31,43099.15
7291,2023,0,2023,1,23888.71,19679.02
7291,2023,1,2024,2,7951.41,26229.23
7293,2023,0,2023,1,31408.41,27747.64
7293,2023,1,2024,2,14582.34,40630.35
7294,2023,0,2023,1,4571.57,3921.05
7294,2023,1,2024,2,1986.08,5624.52
7295,2023,0,2023,1,10923.31,9542.46
7295,2023,1,2024,2,5440.69,14295.38
7296,2023,0,2023,1,3000.59,2561.99
7296,2023,1,2024,2,1002.07,3417.59
7297,2023,0,2023,1,1392.82,1151.16
7297,2023,1,2024,2,515.08,1576.86
7298,2023,0,2023,1,16254.85,13841.31
7298,2023,1,2024,2,7265.7,20028.19
7299,2023,0,2023,1,9641.11,8147.99
7299,2023,1,2024,2,3459.26,11071.51
7300,2023,0,2023,1,13423.06,11382.33
7300,2023,1,2024,2,5421.56,15979.63
7301,2023,0,2023,1,12899.85,11228.03
7301,2023,1,2024,2,6214.32,16636.98
7302,2023,0,2023,1,715.43,590.96
7302,2023,1,2024,2,263.66,808.76
7303,2023,0,2023,1,20837.63,17948.04
7303,2023,1,2024,2,9300.9,25959.17
7304,2023,0,2023,1,5179.18,4503.64
7304,2023,1,2024,2,2439.55,6624.99
7306,2023,0,2023,1,16968.46,13931.5
7306,2023,1,2024,2,6234.89,19050.49
7307,2023,0,2023,1,7328.47,6181.3
7307,2023,1,2024,2,2669.6,8433.01
7311,2023,0,2023,1,7556.56,6494.35
7311,2023,1,2024,2,3567.61,9560.46
7312,2023,0,2023,1,21505.96,18813.95
7312,2023,1,2024,2,9832.81,27415.94
7313,2023,0,2023,1,7987.87,6931.71
7313,2023,1,2024,2,4262.71,10630.8
7314,2023,0,2023,1,13613.41,11283.81
7314,2023,1,2024,2,5431.95,15786.21
7315,2023,0,2023,1,27950.33,23807.45
7315,2023,1,2024,2,12246.35,34238.61
7316,2023,0,2023,1,7754.06,6841.81
7316,2023,1,2024,2,3741.54,10143.16
7317,2023,0,2023,1,5563.73,4895.18
7317,2023,1,2024,2,2493.93,7089.44
7318,2023,0,2023,1,16501,14647.35
7318,2023,1,2024,2,8734.88,22400.98
7319,2023,0,2023,1,832.28,698.11
7319,2023,1,2024,2,324.62,970.4
7320,2023,0,2023,1,3433.02,2869.79
7320,2023,1,2024,2,1535.39,4153.28
7321,2023,0,2023,1,4344.75,3675
7321,2023,1,2024,2,1806.39,5202.94
7322,2023,0,2023,1,17993.48,14874.3
7322,2023,1,2024,2,6965.72,20632.51
7323,2023,0,2023,1,12797.32,10896.12
7323,2023,1,2024,2,5273.26,15385.98
7324,2023,0,2023,1,9393.49,8109.11
7324,2023,1,2024,2,4646.41,12120.21
7326,2023,0,2023,1,20568.87,17584.91
7326,2023,1,2024,2,7893.36,24333.16
7327,2023,0,2023,1,8704.06,7563.22
7327,2023,1,2024,2,4151.58,11170.66
7328,2023,0,2023,1,15961.64,13934.09
7328,2023,1,2024,2,7236.28,20251.17
7329,2023,0,2023,1,30275.3,24376.45
7329,2023,1,2024,2,10241.03,32622.11
7331,2023,0,2023,1,20436.23,17979.67
7331,2023,1,2024,2,8732.15,25662.16
7332,2023,0,2023,1,3977.49,3361.06
7332,2023,1,2024,2,1844.51,4919.7
7333,2023,0,2023,1,12714.03,10932.72
7333,2023,1,2024,2,5108.65,15325.61
7334,2023,0,2023,1,142249.59,120485.4
7334,2023,1,2024,2,57959.43,169577.04
7336,2023,0,2023,1,714.15,602.9
7336,2023,1,2024,2,220.76,789.28
7337,2023,0,2023,1,24339.05,19691.26
7337,2023,1,2024,2,9248.82,27173.93
7338,2023,0,2023,1,51.03,43.94
7338,2023,1,2024,2,21.31,62.28
7340,2023,0,2023,1,11603.45,9792.94
7340,2023,1,2024,2,5004.92,14016.92
7341,2023,0,2023,1,21386.8,18803.12
7341,2023,1,2024,2,10132.05,27711.15
7343,2023,0,2023,1,6008.97,5214.6
7343,2023,1,2024,2,2620.38,7488.57
7344,2023,0,2023,1,8018.89,7072.27
7344,2023,1,2024,2,4056.61,10650.01
7345,2023,0,2023,1,19942.67,18006.91
7345,2023,1,2024,2,10518.12,27504.08
7346,2023,0,2023,1,35113.05,29321.51
7346,2023,1,2024,2,12234.74,39538.26
7348,2023,0,2023,1,5072.68,4052.94
7348,2023,1,2024,2,1916.28,5584
7349,2023,0,2023,1,5100.32,4313.14
7349,2023,1,2024,2,2203.74,6176.75
7350,2023,0,2023,1,5018.13,4172.86
7350,2023,1,2024,2,2279.11,6068.06
7352,2023,0,2023,1,5099.85,4604.1
7352,2023,1,2024,2,2544.23,6901
7353,2023,0,2023,1,28714.27,25007.93
7353,2023,1,2024,2,14435.12,37579.81
7354,2023,0,2023,1,6485.88,5735.44
7354,2023,1,2024,2,2743.96,8161.91
7355,2023,0,2023,1,26638.11,21408.1
7355,2023,1,2024,2,9392.05,28956.15
7356,2023,0,2023,1,6081.63,5212.47
7356,2023,1,2024,2,3071.6,7845.09
7357,2023,0,2023,1,5689.92,5064.62
7357,2023,1,2024,2,2561.24,7344.39
7358,2023,0,2023,1,53120.01,44302.86
7358,2023,1,2024,2,21664.22,62371.14
7360,2023,0,2023,1,1620.3,1441.71
7360,2023,1,2024,2,791.2,2145.7
7361,2023,0,2023,1,10966.09,9419.6
7361,2023,1,2024,2,4981.21,13698.35
7362,2023,0,2023,1,24762.7,21316.73
7362,2023,1,2024,2,11063.16,30840.34
7364,2023,0,2023,1,2381.73,1961.41
7364,2023,1,2024,2,917.41,2716.91
7366,2023,0,2023,1,10611.97,9213.29
7366,2023,1,2024,2,4543.63,13158.07
7368,2023,0,2023,1,9447.85,7905.29
7368,2023,1,2024,2,3291.46,10659.34
7369,2023,0,2023,1,7861.27,6516.23
7369,2023,1,2024,2,3086.41,9074.57
7370,2023,0,2023,1,18405.87,15623.7
7370,2023,1,2024,2,6274.73,20949.96
7371,2023,0,2023,1,7198.85,6096.76
7371,2023,1,2024,2,2329.59,8069.7
7372,2023,0,2023,1,83739.67,74913.68
7372,2023,1,2024,2,36730.51,107772.87
7373,2023,0,2023,1,26733.81,23558.52
7373,2023,1,2024,2,13157.6,35153.33
7374,2023,0,2023,1,8199.4,7014.62
7374,2023,1,2024,2,3763.05,10233.93
7375,2023,0,2023,1,14345.97,12286.53
7375,2023,1,2024,2,5122.81,16673.94
7376,2023,0,2023,1,7880.41,6691.92
7376,2023,1,2024,2,3803.27,9921.6
7377,2023,0,2023,1,2934.57,2485.2
7377,2023,1,2024,2,1177.59,3482.47
7378,2023,0,2023,1,6427.78,5282.76
7378,2023,1,2024,2,2628.34,7442.9
7379,2023,0,2023,1,25838.93,21450.99
7379,2023,1,2024,2,9932.32,29696.62
7381,2023,0,2023,1,11539.13,10023.1
7381,2023,1,2024,2,5317.49,14641.96
7382,2023,0,2023,1,4880.27,4211.98
7382,2023,1,2024,2,2339.15,6230.82
7384,2023,0,2023,1,18887.51,15914.43
7384,2023,1,2024,2,7718.58,22418.04
7385,2023,0,2023,1,62506.78,52343.51
7385,2023,1,2024,2,28653.25,76337.89
7387,2023,0,2023,1,4655.14,3992.58
7387,2023,1,2024,2,2140.28,5828.23
7388,2023,0,2023,1,5396.55,4500.76
7388,2023,1,2024,2,2260.79,6386.27
7390,2023,0,2023,1,1027.54,855.42
7390,2023,1,2024,2,335.86,1135.02
7391,2023,0,2023,1,8868.64,7569.6
7391,2023,1,2024,2,3668.56,10700.8
7393,2023,0,2023,1,22825.74,19857.55
7393,2023,1,2024,2,10877.49,29320.57
7395,2023,0,2023,1,8170.75,7191.92
7395,2023,1,2024,2,3714.9,10461.79
7397,2023,0,2023,1,22686.22,19424.67
7397,2023,1,2024,2,9818.19,27831.32
7398,2023,0,2023,1,4767.89,3998.13
7398,2023,1,2024,2,2254.26,5888.45
7399,2023,0,2023,1,5163.77,4300.27
7399,2023,1,2024,2,2338.35,6247.59
7400,2023,0,2023,1,15516.14,12941.78
7400,2023,1,2024,2,5863.14,17832.13
7401,2023,0,2023,1,3732.73,3346.5
7401,2023,1,2024,2,2178.19,5299.31
7402,2023,0,2023,1,33094.79,27694.87
7402,2023,1,2024,2,14147.4,39533.91
7404,2023,0,2023,1,10780.1,9166.31
7404,2023,1,2024,2,4774.26,13225.86
7405,2023,0,2023,1,8367.32,7041.05
7405,2023,1,2024,2,3526.68,10008.73
7406,2023,0,2023,1,1690.83,1415.3
7406,2023,1,2024,2,691.38,1994.02
7407,2023,0,2023,1,14146.5,12129.03
7407,2023,1,2024,2,5115.15,16514.69
7408,2023,0,2023,1,5374.16,4361.26
7408,2023,1,2024,2,1976.78,5965.46
7409,2023,0,2023,1,11967.17,9987.25
7409,2023,1,2024,2,4292.35,13569.45
7410,2023,0,2023,1,8603.67,7012.95
7410,2023,1,2024,2,3617.89,9961.94
7411,2023,0,2023,1,97980.48,79723.62
7411,2023,1,2024,2,34463.36,107765.37
7412,2023,0,2023,1,6810.36,5895.99
7412,2023,1,2024,2,3099.36,8579.23
7413,2023,0,2023,1,11391.41,9942.63
7413,2023,1,2024,2,6236.09,15385.6
7414,2023,0,2023,1,5947.84,5141.56
7414,2023,1,2024,2,2608.36,7396.35
7415,2023,0,2023,1,32309.12,28060.84
7415,2023,1,2024,2,16886.43,42726.9
7416,2023,0,2023,1,3472.1,2801.43
7416,2023,1,2024,2,1262.14,3819.78
7417,2023,0,2023,1,10983.17,9872.09
7417,2023,1,2024,2,5618.39,14922.11
7418,2023,0,2023,1,20059.87,17069.55
7418,2023,1,2024,2,8244.42,24084.98
7419,2023,0,2023,1,7263.6,6144.74
7419,2023,1,2024,2,2772.01,8489.76
7421,2023,0,2023,1,41476.47,35287.34
7421,2023,1,2024,2,21070.5,53213.7
7422,2023,0,2023,1,5866.78,5337.44
7422,2023,1,2024,2,2928.29,8001.52
7423,2023,0,2023,1,18085.16,14201.92
7423,2023,1,2024,2,4509.64,17743.24
7424,2023,0,2023,1,11878.68,10214.4
7424,2023,1,2024,2,5754.1,15162.32
7425,2023,0,2023,1,6065.07,4966.86
7425,2023,1,2024,2,2828.14,7282.91
7426,2023,0,2023,1,8792.57,7562.87
7426,2023,1,2024,2,4441.85,11383.49
7427,2023,0,2023,1,17307.9,14021.95
7427,2023,1,2024,2,5421.14,18413.88
7429,2023,0,2023,1,11318.87,9474.77
7429,2023,1,2024,2,4710.82,13418.09
7431,2023,0,2023,1,3035.31,2642.47
7431,2023,1,2024,2,1357.17,3823.99
7432,2023,0,2023,1,19900.87,16518.51
7432,2023,1,2024,2,7527.35,22766.5
7433,2023,0,2023,1,60503.83,51299.14
7433,2023,1,2024,2,24516.99,72086.27
7436,2023,0,2023,1,21833.41,17781.51
7436,2023,1,2024,2,8535.94,24733.33
7439,2023,0,2023,1,6222.58,5358.59
7439,2023,1,2024,2,2732.98,7712.1
7440,2023,0,2023,1,1537.29,1372.84
7440,2023,1,2024,2,715.91,2012.16
7441,2023,0,2023,1,7946.41,6772.84
7441,2023,1,2024,2,3731.62,9953.36
7442,2023,0,2023,1,8864.12,7573.33
7442,2023,1,2024,2,3957.6,10954.63
7443,2023,0,2023,1,13876.9,11229.6
7443,2023,1,2024,2,4318.22,14724.03
7444,2023,0,2023,1,18222.07,15896.29
7444,2023,1,2024,2,9829.86,24471.51
7445,2023,0,2023,1,8948.85,7663.83
7445,2023,1,2024,2,4544.12,11555.43
7447,2023,0,2023,1,7311.54,6302.94
7447,2023,1,2024,2,3980.99,9734.76
7450,2023,0,2023,1,28793.59,24382.05
7450,2023,1,2024,2,11988.78,34534
7452,2023,0,2023,1,13498.98,11592.84
7452,2023,1,2024,2,5268.42,16117.33
7453,2023,0,2023,1,2587.83,2197.37
7453,2023,1,2024,2,955.71,3008.87
7456,2023,0,2023,1,10112.03,8381.34
7456,2023,1,2024,2,3721.42,11465.83
7457,2023,0,2023,1,13791.52,11300.23
7457,2023,1,2024,2,4815.41,15245.78
7458,2023,0,2023,1,10320.7,8772.75
7458,2023,1,2024,2,4236.25,12373.63
7460,2023,0,2023,1,22120.08,19318.86
7460,2023,1,2024,2,9894.85,27960.66
7462,2023,0,2023,1,36400.52,30959.57
7462,2023,1,2024,2,15331.65,43999.54
7463,2023,0,2023,1,7640.22,6266.22
7463,2023,1,2024,2,2742.85,8515.79
7464,2023,0,2023,1,163343.43,135498.31
7464,2023,1,2024,2,61109.87,186190.79
7465,2023,0,2023,1,10424.47,8670.69
7465,2023,1,2024,2,4032.36,12024.66
7467,2023,0,2023,1,13687.29,11993.69
7467,2023,1,2024,2,6838.91,17986.39
7468,2023,0,2023,1,7220.62,6200.1
7468,2023,1,2024,2,3011.75,8786.18
7469,2023,0,2023,1,11658.25,10279.76
7469,2023,1,2024,2,6045.42,15610.37
7470,2023,0,2023,1,8613.16,7403.78
7470,2023,1,2024,2,4684.62,11430.63
7471,2023,0,2023,1,9264.59,8184.64
7471,2023,1,2024,2,4978.68,12582.96
7472,2023,0,2023,1,10621.97,8605.9
7472,2023,1,2024,2,3451.3,11402.13
7473,2023,0,2023,1,5648.52,4812.62
7473,2023,1,2024,2,2519.4,6959.18
7474,2023,0,2023,1,30647.62,26086
7474,2023,1,2024,2,14028.32,38026.33
7476,2023,0,2023,1,5137.71,4259.31
7476,2023,1,2024,2,1499.61,5502.53
7477,2023,0,2023,1,10341.29,8955.74
7477,2023,1,2024,2,4184.26,12579.38
7478,2023,0,2023,1,23737.44,21051.42
7478,2023,1,2024,2,10248.99,30140.69
7479,2023,0,2023,1,46702.65,38268.12
7479,2023,1,2024,2,17950.49,52976.74
7480,2023,0,2023,1,10658.54,9109.62
7480,2023,1,2024,2,4542.91,12992.35
7481,2023,0,2023,1,5517.58,4518.36
7481,2023,1,2024,2,1919.52,6090.26
7483,2023,0,2023,1,15146.48,13506.48
7483,2023,1,2024,2,7626.34,20307.06
7484,2023,0,2023,1,30863.34,26018.23
7484,2023,1,2024,2,12418.7,36487.37
7485,2023,0,2023,1,18814.09,15791.2
7485,2023,1,2024,2,6142.87,20947.09
7487,2023,0,2023,1,5428.24,4815.23
7487,2023,1,2024,2,2247.7,6809.1
7488,2023,0,2023,1,32404.71,28273.26
7488,2023,1,2024,2,15403.96,41713.29
7489,2023,0,2023,1,10277.99,8831.71
7489,2023,1,2024,2,3582.33,11909.94
7490,2023,0,2023,1,9634.44,8355.7
7490,2023,1,2024,2,4303.75,12088.23
7491,2023,0,2023,1,14950.19,12615.17
7491,2023,1,2024,2,3921.31,15924.02
7492,2023,0,2023,1,13961.54,11845.03
7492,2023,1,2024,2,5221.35,16274.84
7493,2023,0,2023,1,13784.2,11772.06
7493,2023,1,2024,2,5794.82,16720.99
7494,2023,0,2023,1,9063.29,8155.42
7494,2023,1,2024,2,4679.37,12366.05
7495,2023,0,2023,1,59480.44,52781.37
7495,2023,1,2024,2,29264.84,78750.22
7496,2023,0,2023,1,18386.65,15437.69
7496,2023,1,2024,2,7995.72,22151
7497,2023,0,2023,1,12364.33,10465.1
7497,2023,1,2024,2,4826.45,14550.17
7498,2023,0,2023,1,10208.84,8419.18
7498,2023,1,2024,2,4831.64,12403.82
7499,2023,0,2023,1,3949.41,3368.45
7499,2023,1,2024,2,1554.04,4693.88
7500,2023,0,2023,1,7113.97,6252.62
7500,2023,1,2024,2,3753.21,9551.4
7501,2023,0,2023,1,22408.37,19155.22
7501,2023,1,2024,2,10162.55,27842.42
7502,2023,0,2023,1,10729.16,9098.04
7502,2023,1,2024,2,4064.78,12544.87
7503,2023,0,2023,1,8236.6,7026.94
7503,2023,1,2024,2,3846.68,10308.68
7504,2023,0,2023,1,5423.19,4753.88
7504,2023,1,2024,2,2469.24,6918.37
7505,2023,0,2023,1,16025.84,12648.54
7505,2023,1,2024,2,5778.08,17208.94
7506,2023,0,2023,1,2466.59,2048.94
7506,2023,1,2024,2,883.05,2782.47
7508,2023,0,2023,1,49287.28,42808.08
7508,2023,1,2024,2,21428.26,61419.43
7509,2023,0,2023,1,17910.89,14904.64
7509,2023,1,2024,2,8011.23,21571.23
7510,2023,0,2023,1,1198.1,936.16
7510,2023,1,2024,2,291.32,1163.79
7511,2023,0,2023,1,91166.05,79151.23
7511,2023,1,2024,2,43056.98,116533.71
7512,2023,0,2023,1,5115.15,4444.2
7512,2023,1,2024,2,2697.28,6787.68
7514,2023,0,2023,1,11062.75,8980.52
7514,2023,1,2024,2,4098.74,12307.79
7515,2023,0,2023,1,14356.15,12605.55
7515,2023,1,2024,2,6906.39,18669.78
7516,2023,0,2023,1,85799.71,73855.02
7516,2023,1,2024,2,37114.09,105802.24
7517,2023,0,2023,1,4883,4236.5
7517,2023,1,2024,2,2377.89,6299.56
7521,2023,0,2023,1,9036.48,7569.8
7521,2023,1,2024,2,3638.9,10618.08
7523,2023,0,2023,1,19489.31,16464.13
7523,2023,1,2024,2,8045.52,23260.81
7525,2023,0,2023,1,4126.92,3393.27
7525,2023,1,2024,2,1227.29,4402.39
7526,2023,0,2023,1,18771.28,16406.13
7526,2023,1,2024,2,8436.49,23779.64
7529,2023,0,2023,1,9109.52,7653.66
7529,2023,1,2024,2,3825.84,10868.07
7530,2023,0,2023,1,7576.41,6600.63
7530,2023,1,2024,2,3109.37,9309.54
7531,2023,0,2023,1,13067.18,11192.03
7531,2023,1,2024,2,6276.06,16567.48
7532,2023,0,2023,1,2347.55,2005.4
7532,2023,1,2024,2,1010.72,2868.81
7533,2023,0,2023,1,8131.61,7006.77
7533,2023,1,2024,2,3199.17,9763.4
7534,2023,0,2023,1,50681.87,43441.12
7534,2023,1,2024,2,25740.75,65504.37
7535,2023,0,2023,1,15750.4,13933.45
7535,2023,1,2024,2,8118.07,21115.03
7536,2023,0,2023,1,4617.21,4058.32
7536,2023,1,2024,2,1749.65,5596.18
7539,2023,0,2023,1,4956.86,4071.86
7539,2023,1,2024,2,1968.73,5689.09
7540,2023,0,2023,1,5767.94,5017.91
7540,2023,1,2024,2,2697.54,7364.67
7541,2023,0,2023,1,1565.62,1402.22
7541,2023,1,2024,2,768.72,2090.71
7542,2023,0,2023,1,49759.81,40379.84
7542,2023,1,2024,2,14069.04,51796.8
7543,2023,0,2023,1,2926.22,2350.65
7543,2023,1,2024,2,981.21,3138.86
7544,2023,0,2023,1,9081.11,7421.3
7544,2023,1,2024,2,3668.23,10419.07
7545,2023,0,2023,1,52865.11,44391.35
7545,2023,1,2024,2,18994.2,60340.97
7546,2023,0,2023,1,13120.5,11199.77
7546,2023,1,2024,2,5361.69,15776.55
7547,2023,0,2023,1,28327.35,25251.04
7547,2023,1,2024,2,14642.04,38302.97
7549,2023,0,2023,1,170325.72,147906.25
7549,2023,1,2024,2,67103.49,206177.11
7550,2023,0,2023,1,1472.5,1245.5
7550,2023,1,2024,2,586.58,1741.66
7551,2023,0,2023,1,21524.46,18779.26
7551,2023,1,2024,2,10265.65,27735.64
7552,2023,0,2023,1,19076.68,16550.53
7552,2023,1,2024,2,7616.08,23158.08
7553,2023,0,2023,1,7134.92,6174.34
7553,2023,1,2024,2,3504.95,9207.41
7554,2023,0,2023,1,32032.22,27412.11
7554,2023,1,2024,2,15272.87,40482.12
7556,2023,0,2023,1,12503.13,10962.54
7556,2023,1,2024,2,5281.18,15593
7557,2023,0,2023,1,14883.35,12473.6
7557,2023,1,2024,2,5682.36,17235.94
7558,2023,0,2023,1,33883.02,27806.9
7558,2023,1,2024,2,12540.02,38098.16
7561,2023,0,2023,1,16847.81,14300.69
7561,2023,1,2024,2,8075.83,21155.58
7562,2023,0,2023,1,12523.68,10598.15
7562,2023,1,2024,2,4221.58,14170.66
7564,2023,0,2023,1,7411.59,6199.78
7564,2023,1,2024,2,2503.88,8294.27
7566,2023,0,2023,1,841.69,728.39
7566,2023,1,2024,2,352.94,1033.83
7569,2023,0,2023,1,7317,6396.8
7569,2023,1,2024,2,3181.14,9177.88
7570,2023,0,2023,1,100203.25,87991.23
7570,2023,1,2024,2,43967.15,126599.99
7571,2023,0,2023,1,9251.68,7588.56
7571,2023,1,2024,2,3572.03,10518.46
7572,2023,0,2023,1,6282.52,5395.38
7572,2023,1,2024,2,2503.38,7545.26
7573,2023,0,2023,1,16736.37,13715.44
7573,2023,1,2024,2,6928.98,19393.73
7574,2023,0,2023,1,21697.29,20075.32
7574,2023,1,2024,2,11547.35,30759.46
7575,2023,0,2023,1,12221,9997.11
7575,2023,1,2024,2,3669.75,12999.07
7576,2023,0,2023,1,11117.44,9747.77
7576,2023,1,2024,2,4869.35,14017.21
7577,2023,0,2023,1,9764.13,8136.14
7577,2023,1,2024,2,4532.26,11912.73
7578,2023,0,2023,1,131167.96,116559.93
7578,2023,1,2024,2,55474.38,165856.19
7580,2023,0,2023,1,1502.32,1263.4
7580,2023,1,2024,2,596.42,1764.98
7581,2023,0,2023,1,7748.78,6814.88
7581,2023,1,2024,2,3369.36,9778.16
7583,2023,0,2023,1,7431.06,6526.57
7583,2023,1,2024,2,3087.06,9237.88
7584,2023,0,2023,1,9983.92,8827.57
7584,2023,1,2024,2,6060.62,14186.24
7585,2023,0,2023,1,3328.96,2823.53
7585,2023,1,2024,2,1274.21,3904.28
7586,2023,0,2023,1,2387.01,2027.25
7586,2023,1,2024,2,1091.05,2953.87
7587,2023,0,2023,1,15460.66,13720.41
7587,2023,1,2024,2,7216.76,20124.86
7588,2023,0,2023,1,7064.91,5955.79
7588,2023,1,2024,2,2627.31,8170.63
7589,2023,0,2023,1,11812.75,10695.68
7589,2023,1,2024,2,5520.71,15694.32
7590,2023,0,2023,1,12740.24,11069.41
7590,2023,1,2024,2,5458.16,15811.75
7591,2023,0,2023,1,34678.49,30658.8
7591,2023,1,2024,2,18556.1,47064
7592,2023,0,2023,1,3472.35,2899.02
7592,2023,1,2024,2,1085.86,3805.58
7593,2023,0,2023,1,16084.62,13159.45
7593,2023,1,2024,2,6057.1,18114.99
7594,2023,0,2023,1,61.27,50.83
7594,2023,1,2024,2,28.66,74.61
7596,2023,0,2023,1,42550.89,34710.23
7596,2023,1,2024,2,10810.1,43528.4
7597,2023,0,2023,1,2988.08,2505.84
7597,2023,1,2024,2,1140.66,3462.41
7598,2023,0,2023,1,129698.93,111355
7598,2023,1,2024,2,48736.79,153198.72
7600,2023,0,2023,1,13724.07,11887.81
7600,2023,1,2024,2,6204.44,17262.1
7601,2023,0,2023,1,4341.73,3675.46
7601,2023,1,2024,2,2084.99,5440.49
7602,2023,0,2023,1,22371.19,18754.09
7602,2023,1,2024,2,9034.8,26328.09
7603,2023,0,2023,1,140962.88,119541.1
7603,2023,1,2024,2,60644.8,170969.85
7605,2023,0,2023,1,15916.9,13822.5
7605,2023,1,2024,2,7696.23,20506.03
7606,2023,0,2023,1,3797.58,3165.26
7606,2023,1,2024,2,1244.3,4202.37
7607,2023,0,2023,1,12452.92,10411.69
7607,2023,1,2024,2,4331.58,14033.25
7608,2023,0,2023,1,19648.68,17174.21
7608,2023,1,2024,2,9997.49,25912.66
7610,2023,0,2023,1,12133.09,10396.92
7610,2023,1,2024,2,5048.19,14722.75
7611,2023,0,2023,1,6251.26,5235.12
7611,2023,1,2024,2,2342.65,7196.97
7612,2023,0,2023,1,22909.84,18992.47
7612,2023,1,2024,2,8906.44,26375.98
7615,2023,0,2023,1,7796.26,6705.82
7615,2023,1,2024,2,3750.97,9932.16
7617,2023,0,2023,1,2989.02,2754.9
7617,2023,1,2024,2,1660.22,4285.08
7618,2023,0,2023,1,12587.74,10090.43
7618,2023,1,2024,2,4095.3,13373.25
7619,2023,0,2023,1,2136.01,1807.14
7619,2023,1,2024,2,808.47,2491.13
7620,2023,0,2023,1,17865.31,15599.27
7620,2023,1,2024,2,7638.62,22269
7622,2023,0,2023,1,5753.58,4797.26
7622,2023,1,2024,2,2080.41,6531.88
7623,2023,0,2023,1,2943.61,2389.42
7623,2023,1,2024,2,1182.35,3349.17
7625,2023,0,2023,1,1439.5,1278.23
7625,2023,1,2024,2,633.3,1840.57
7626,2023,0,2023,1,99964.83,85640.2
7626,2023,1,2024,2,45649.4,124748.18
7628,2023,0,2023,1,22811.45,20002.02
7628,2023,1,2024,2,9997.53,28768.26
7629,2023,0,2023,1,1289.53,1102.32
7629,2023,1,2024,2,593.49,1609.66
7630,2023,0,2023,1,3995.99,3329.57
7630,2023,1,2024,2,1681.74,4730.84
7631,2023,0,2023,1,8129.8,6777.81
7631,2023,1,2024,2,2747.57,9068.45
7632,2023,0,2023,1,6854.58,6000.29
7632,2023,1,2024,2,3217.6,8816.88
7634,2023,0,2023,1,8224.39,6579.66
7634,2023,1,2024,2,2595.92,8656.44
7635,2023,0,2023,1,2020.33,1742.58
7635,2023,1,2024,2,773.21,2409.48
7636,2023,0,2023,1,5588.14,4607.28
7636,2023,1,2024,2,2316.9,6517.5
7638,2023,0,2023,1,4032.84,3557.35
7638,2023,1,2024,2,1848.6,5188
7639,2023,0,2023,1,781.23,651.66
7639,2023,1,2024,2,286.5,890.64
7640,2023,0,2023,1,26757.98,22458.63
7640,2023,1,2024,2,10648.25,31395.98
7641,2023,0,2023,1,18396.63,16678.87
7641,2023,1,2024,2,10490.91,26190.21
7642,2023,0,2023,1,8440.02,7387.85
7642,2023,1,2024,2,3670.24,10600.54
7643,2023,0,2023,1,12442.78,10628.37
7643,2023,1,2024,2,4425.65,14408.67
7644,2023,0,2023,1,5560.05,4664.02
7644,2023,1,2024,2,1794.83,6169.6
7645,2023,0,2023,1,19743.53,15590.49
7645,2023,1,2024,2,6686.74,20870.68
7646,2023,0,2023,1,13753.57,11541.34
7646,2023,1,2024,2,5586.22,16229.02
7647,2023,0,2023,1,10644.88,9397.48
7647,2023,1,2024,2,4095.05,13012.65
7650,2023,0,2023,1,19290.48,16571.99
7650,2023,1,2024,2,9001.35,24304.84
7651,2023,0,2023,1,14727.23,12737.58
7651,2023,1,2024,2,5696.63,17664.59
7652,2023,0,2023,1,110.12,94.47
7652,2023,1,2024,2,48.57,136.14
7653,2023,0,2023,1,6382.61,5358.21
7653,2023,1,2024,2,2753.81,7670.04
7654,2023,0,2023,1,34669.29,27606.21
7654,2023,1,2024,2,10921.53,36302.73
7655,2023,0,2023,1,13201.96,11629.12
7655,2023,1,2024,2,6261.12,17144.31
7656,2023,0,2023,1,73901.4,64336.58
7656,2023,1,2024,2,33630.06,93614.01
7657,2023,0,2023,1,4615.75,4140.92
7657,2023,1,2024,2,2032.57,5964.4
7658,2023,0,2023,1,119180.7,97511.97
7658,2023,1,2024,2,44340.41,133790.68
7659,2023,0,2023,1,8818.07,7738.35
7659,2023,1,2024,2,3891.99,11153.79
7660,2023,0,2023,1,13077.38,11208.48
7660,2023,1,2024,2,4565.93,15121.89
7661,2023,0,2023,1,2645.62,2249.73
7661,2023,1,2024,2,991.62,3092.96
7662,2023,0,2023,1,14916.32,13013.86
7662,2023,1,2024,2,8603.66,20520.19
7663,2023,0,2023,1,33552.48,27655.48
7663,2023,1,2024,2,11770.33,37357.13
7664,2023,0,2023,1,2095.47,1782.45
7664,2023,1,2024,2,835.34,2493
7665,2023,0,2023,1,124907.65,112326.86
7665,2023,1,2024,2,58622.17,165044.56
7666,2023,0,2023,1,3545.66,3008.1
7666,2023,1,2024,2,1465.66,4251.55
7667,2023,0,2023,1,8252.85,6885.45
7667,2023,1,2024,2,2612.47,9065.07
7668,2023,0,2023,1,5704.45,4851.32
7668,2023,1,2024,2,2513.37,6988.8
7669,2023,0,2023,1,9009.61,7775.06
7669,2023,1,2024,2,3739.52,11002.18
7670,2023,0,2023,1,4809.76,4192.06
7670,2023,1,2024,2,1991.97,5928.21
7671,2023,0,2023,1,21464.18,17768.92
7671,2023,1,2024,2,7230.5,23754.61
7672,2023,0,2023,1,24084.41,19945.8
7672,2023,1,2024,2,8397.88,26900.61
7675,2023,0,2023,1,1606.64,1363
7675,2023,1,2024,2,654.89,1918.57
7676,2023,0,2023,1,8745.07,7574.94
7676,2023,1,2024,2,4368.13,11358.6
7677,2023,0,2023,1,19373.7,16657.5
7677,2023,1,2024,2,8880.59,24293.04
7678,2023,0,2023,1,11042.22,9234.59
7678,2023,1,2024,2,4052.15,12623.39
7680,2023,0,2023,1,2916.52,2460.51
7680,2023,1,2024,2,968.56,3277.63
7682,2023,0,2023,1,8311.99,6931.7
7682,2023,1,2024,2,3369.66,9741.79
7685,2023,0,2023,1,10076.16,8209.61
7685,2023,1,2024,2,3013.16,10664.6
7689,2023,0,2023,1,10060.03,8569.29
7689,2023,1,2024,2,5632.4,13367.06
7690,2023,0,2023,1,6596.4,5769.44
7690,2023,1,2024,2,3303.78,8659.04
7691,2023,0,2023,1,10294.97,8842.45
7691,2023,1,2024,2,4365.5,12592.02
7693,2023,0,2023,1,8960.27,7455.43
7693,2023,1,2024,2,3075.08,10014.05
7694,2023,0,2023,1,7106.06,6046.74
7694,2023,1,2024,2,3426.56,8962.49
7695,2023,0,2023,1,15486.49,13296.86
7695,2023,1,2024,2,7665.86,19878.84
7696,2023,0,2023,1,7769.29,6643.85
7696,2023,1,2024,2,3371.98,9527.37
7697,2023,0,2023,1,11776.99,9900.9
7697,2023,1,2024,2,5858.39,14826.05
7698,2023,0,2023,1,9627.15,8354.99
7698,2023,1,2024,2,4994.31,12689.34
7699,2023,0,2023,1,8158.81,7168.7
7699,2023,1,2024,2,3760.64,10472.97
7700,2023,0,2023,1,12116.66,9893.57
7700,2023,1,2024,2,4289.76,13396.26
7701,2023,0,2023,1,26627.74,23372.5
7701,2023,1,2024,2,11889.11,33808.17
7704,2023,0,2023,1,9572.45,7837.96
7704,2023,1,2024,2,3062.13,10345.24
7705,2023,0,2023,1,16333.6,13797.34
7705,2023,1,2024,2,6820.46,19558.74
7706,2023,0,2023,1,212188.21,186207.59
7706,2023,1,2024,2,97093.74,271413.05
7707,2023,0,2023,1,9315.72,7653.38
7707,2023,1,2024,2,4320.41,11202.84
7708,2023,0,2023,1,28356.16,22815.47
7708,2023,1,2024,2,10274.06,31082.01
7710,2023,0,2023,1,9623.29,7866.94
7710,2023,1,2024,2,3344.38,10600.94
7712,2023,0,2023,1,110662.01,89659.53
7712,2023,1,2024,2,41202.02,123041.84
7713,2023,0,2023,1,2003.72,1610.01
7713,2023,1,2024,2,747.98,2211.02
7715,2023,0,2023,1,6407.41,5568.37
7715,2023,1,2024,2,2417.85,7669.6
7716,2023,0,2023,1,6815.83,6140.38
7716,2023,1,2024,2,3595.26,9379.34
7717,2023,0,2023,1,16096.22,13495.11
7717,2023,1,2024,2,6590.16,19020.31
7718,2023,0,2023,1,2289.93,2013.76
7718,2023,1,2024,2,1146.28,3021.8
7719,2023,0,2023,1,8203.22,7315.8
7719,2023,1,2024,2,3655.42,10575.78
7720,2023,0,2023,1,57348.57,46971.23
7720,2023,1,2024,2,20376.24,63660.34
7721,2023,0,2023,1,1546.14,1341.13
7721,2023,1,2024,2,647.28,1902.59
7722,2023,0,2023,1,24249.11,21087.82
7722,2023,1,2024,2,12111.91,31620.74
7725,2023,0,2023,1,29805.58,25041.95
7725,2023,1,2024,2,11395.7,34616.35
7726,2023,0,2023,1,8015.7,6808.96
7726,2023,1,2024,2,3236.67,9558.36
7727,2023,0,2023,1,15025.95,13355.84
7727,2023,1,2024,2,7465.59,19991.65
7728,2023,0,2023,1,4472.38,3932.55
7728,2023,1,2024,2,2049.4,5734.58
7730,2023,0,2023,1,335.82,281.92
7730,2023,1,2024,2,135.5,395.68
7731,2023,0,2023,1,9184.61,7724.72
7731,2023,1,2024,2,3669.63,10811.06
7733,2023,0,2023,1,21045.79,18750.21
7733,2023,1,2024,2,10905.43,28466.12
7734,2023,0,2023,1,5137.33,4389.93
7734,2023,1,2024,2,2051.47,6142.94
7738,2023,0,2023,1,12002.78,9973.2
7738,2023,1,2024,2,4448.31,13669.32
7739,2023,0,2023,1,6787.24,5690.81
7739,2023,1,2024,2,2749.51,7996.16
7740,2023,0,2023,1,2010.92,1733.79
7740,2023,1,2024,2,843.93,2461.4
7741,2023,0,2023,1,2653.96,2276
7741,2023,1,2024,2,1181.49,3289.23
7742,2023,0,2023,1,4352.55,3803.47
7742,2023,1,2024,2,1765.51,5346.25
7743,2023,0,2023,1,15485.81,13365.6
7743,2023,1,2024,2,6408.69,18896.86
7744,2023,0,2023,1,267568.73,240467.99
7744,2023,1,2024,2,152756.71,377752.71
7745,2023,0,2023,1,10217.75,8971.32
7745,2023,1,2024,2,4750.51,13142.33
7746,2023,0,2023,1,10549.37,8923.4
7746,2023,1,2024,2,4236.56,12506.98
7747,2023,0,2023,1,14304.01,11919.92
7747,2023,1,2024,2,6032.87,16947.27
7748,2023,0,2023,1,95683.28,80463.46
7748,2023,1,2024,2,44395.37,117797.09
7749,2023,0,2023,1,14573.29,12385.94
7749,2023,1,2024,2,4968.03,16608.3
7751,2023,0,2023,1,10933.67,9214.13
7751,2023,1,2024,2,4216.57,12767.56
7753,2023,0,2023,1,19591.94,17023.46
7753,2023,1,2024,2,8655.74,24544.44
7754,2023,0,2023,1,33792.54,29151.95
7754,2023,1,2024,2,12766.84,40165.57
7755,2023,0,2023,1,16250.71,13531.35
7755,2023,1,2024,2,5988.99,18518.15
7756,2023,0,2023,1,11934.79,10586.11
7756,2023,1,2024,2,5907.39,15825.94
7758,2023,0,2023,1,8698.58,7415.96
7758,2023,1,2024,2,3676.95,10550.74
7759,2023,0,2023,1,14515.73,12908.85
7759,2023,1,2024,2,6932.87,19074.26
7760,2023,0,2023,1,27325.74,23245.11
7760,2023,1,2024,2,12933.32,34247.06
7762,2023,0,2023,1,153165.77,131167.33
7762,2023,1,2024,2,64312.68,186243.09
7764,2023,0,2023,1,13998.49,11969.53
7764,2023,1,2024,2,7762.57,18606.98
7765,2023,0,2023,1,118938.99,91913.81
7765,2023,1,2024,2,36403.51,120045.76
7766,2023,0,2023,1,4148.72,3808.7
7766,2023,1,2024,2,2401.67,6013.53
7767,2023,0,2023,1,25003.11,20904.64
7767,2023,1,2024,2,8802.41,28264.17
7768,2023,0,2023,1,8240,7153.27
7768,2023,1,2024,2,3809.73,10460.56
7769,2023,0,2023,1,9362.85,7959.51
7769,2023,1,2024,2,3257.54,10728.8
7770,2023,0,2023,1,1147.56,956.44
7770,2023,1,2024,2,437.53,1321.1
7771,2023,0,2023,1,15410.37,12968.35
7771,2023,1,2024,2,6157.33,18149.95
7772,2023,0,2023,1,180.71,153.04
7772,2023,1,2024,2,72.69,214.6
7773,2023,0,2023,1,8233.78,6896.03
7773,2023,1,2024,2,3730.89,10020.75
7774,2023,0,2023,1,11024.07,9326.9
7774,2023,1,2024,2,4171.25,12855.98
7775,2023,0,2023,1,61489.76,51651.12
7775,2023,1,2024,2,20948.87,69248.07
7776,2023,0,2023,1,22782.53,18943.59
7776,2023,1,2024,2,8811.39,26270.22
7777,2023,0,2023,1,6734.98,5941.46
7777,2023,1,2024,2,3229.05,8790.05
7778,2023,0,2023,1,2885.21,2442.53
7778,2023,1,2024,2,1262.86,3511.63
7779,2023,0,2023,1,6388.6,5393.21
7779,2023,1,2024,2,2670.34,7647.49
7780,2023,0,2023,1,54507.82,47277.76
7780,2023,1,2024,2,24426.08,68463.89
7781,2023,0,2023,1,20227.4,16854.73
7781,2023,1,2024,2,8726.22,24125.96
7782,2023,0,2023,1,2241.11,1930.32
7782,2023,1,2024,2,1027.9,2815.68
7783,2023,0,2023,1,9995.01,8566.46
7783,2023,1,2024,2,4054.35,12041.34
7785,2023,0,2023,1,4272.04,3733.51
7785,2023,1,2024,2,2016.56,5495.86
7786,2023,0,2023,1,18757.48,16256.84
7786,2023,1,2024,2,8021.96,23209.36
7787,2023,0,2023,1,11900.37,9945
7787,2023,1,2024,2,4589.25,13780.18
7788,2023,0,2023,1,98633.61,84971.75
7788,2023,1,2024,2,42103.96,121243.83
7789,2023,0,2023,1,17844.49,15692.97
7789,2023,1,2024,2,8995.97,23604.3
7791,2023,0,2023,1,31561.92,27988.4
7791,2023,1,2024,2,13479.38,39941.61
7792,2023,0,2023,1,26053.39,23089.47
7792,2023,1,2024,2,14957.01,36344.92
7795,2023,0,2023,1,7857.02,6874.74
7795,2023,1,2024,2,3410.64,9858.98
7797,2023,0,2023,1,15834.5,13995.5
7797,2023,1,2024,2,7252.55,20405.75
7798,2023,0,2023,1,2954.15,2484.12
7798,2023,1,2024,2,1382.68,3646.8
7799,2023,0,2023,1,1832.32,1589.29
7799,2023,1,2024,2,751.31,2240.95
7800,2023,0,2023,1,20456.73,16754.35
7800,2023,1,2024,2,6529.18,22101.84
7801,2023,0,2023,1,4545.78,3895.15
7801,2023,1,2024,2,2249.14,5822.37
7802,2023,0,2023,1,9014.64,7516.31
7802,2023,1,2024,2,3091.57,10094.03
7804,2023,0,2023,1,17404.41,15060.58
7804,2023,1,2024,2,7359.52,21429.01
7808,2023,0,2023,1,16341.27,13443.13
7808,2023,1,2024,2,6691.87,18948.19
7809,2023,0,2023,1,3772.49,3213.33
7809,2023,1,2024,2,1643.84,4613.52
7811,2023,0,2023,1,27952.3,24084.89
7811,2023,1,2024,2,14168.1,36292.73
7813,2023,0,2023,1,12759.47,11033.44
7813,2023,1,2024,2,5087.28,15432.54
7814,2023,0,2023,1,139144.87,119494.72
7814,2023,1,2024,2,53519.38,165456.05
7815,2023,0,2023,1,7239.78,5927.8
7815,2023,1,2024,2,2791.42,8213.37
7816,2023,0,2023,1,46350.74,39816.04
7816,2023,1,2024,2,19359.88,56446.48
7817,2023,0,2023,1,25964.15,21542.16
7817,2023,1,2024,2,9048.45,29049.55
7819,2023,0,2023,1,30412.23,25498.75
7819,2023,1,2024,2,12297.13,35809.12
7820,2023,0,2023,1,9043.73,7530.49
7820,2023,1,2024,2,3983.05,10847.08
7821,2023,0,2023,1,9654.41,8860.95
7821,2023,1,2024,2,4641.6,13121.07
7822,2023,0,2023,1,13659,11165.35
7822,2023,1,2024,2,5578.71,15725.59
7824,2023,0,2023,1,1504.62,1316.95
7824,2023,1,2024,2,658.54,1893.34
7825,2023,0,2023,1,37724.51,31842.43
7825,2023,1,2024,2,14156.61,43791.71
7826,2023,0,2023,1,6301.05,5389.71
7826,2023,1,2024,2,2556.1,7576.11
7827,2023,0,2023,1,10961.68,8656.8
7827,2023,1,2024,2,3269.45,11238.79
7828,2023,0,2023,1,3962.31,3187.89
7828,2023,1,2024,2,1510.3,4403.01
7829,2023,0,2023,1,22501.35,19130.13
7829,2023,1,2024,2,9458.56,27171.57
7831,2023,0,2023,1,7274.28,6045.09
7831,2023,1,2024,2,2909.27,8462.76
7832,2023,0,2023,1,22370.3,19241.59
7832,2023,1,2024,2,8711.06,26734.33
7833,2023,0,2023,1,7799.5,6579.13
7833,2023,1,2024,2,2937.11,9056.68
7834,2023,0,2023,1,15102.92,13354.63
7834,2023,1,2024,2,6938.25,19489.71
7835,2023,0,2023,1,971.7,818.83
7835,2023,1,2024,2,449.82,1197.89
7836,2023,0,2023,1,15986.48,13781.52
7836,2023,1,2024,2,6024.55,18975.14
7837,2023,0,2023,1,7147.56,6109.3
7837,2023,1,2024,2,3150.74,8802.37
7839,2023,0,2023,1,22495.25,19409.5
7839,2023,1,2024,2,11008.01,28907.51
7840,2023,0,2023,1,28448.23,25604.44
7840,2023,1,2024,2,14444.4,38604.92
7841,2023,0,2023,1,16123.77,13864.87
7841,2023,1,2024,2,7570.95,20375.15
7842,2023,0,2023,1,1670.32,1411.8
7842,2023,1,2024,2,684.4,1990.28
7843,2023,0,2023,1,15214.53,12505.57
7843,2023,1,2024,2,6052.57,17480.48
7844,2023,0,2023,1,1536.78,1278.3
7844,2023,1,2024,2,552.11,1737.55
7845,2023,0,2023,1,24957.93,22084.01
7845,2023,1,2024,2,12646.26,33274.04
7846,2023,0,2023,1,9919.75,8586.87
7846,2023,1,2024,2,4575.77,12547.81
7849,2023,0,2023,1,7276.2,6064.1
7849,2023,1,2024,2,3215.07,8743.58
7850,2023,0,2023,1,21086.24,17586.33
7850,2023,1,2024,2,7676.78,23988.92
7851,2023,0,2023,1,6551.92,5458.18
7851,2023,1,2024,2,2382.54,7443
7852,2023,0,2023,1,26848.99,23536.15
7852,2023,1,2024,2,11991.26,34047.84
7853,2023,0,2023,1,5746.17,5034.53
7853,2023,1,2024,2,2791.05,7479.93
7854,2023,0,2023,1,13752.66,11691.66
7854,2023,1,2024,2,5900.08,16707.54
7855,2023,0,2023,1,40617.75,33771.37
7855,2023,1,2024,2,15803.51,46911.09
7856,2023,0,2023,1,13855.09,12203.08
7856,2023,1,2024,2,6380.1,17822.45
7858,2023,0,2023,1,10247.6,8952.95
7858,2023,1,2024,2,4309.93,12718.38
7859,2023,0,2023,1,17002.39,13949.65
7859,2023,1,2024,2,7087.32,19764.47
7860,2023,0,2023,1,5078.77,4405.75
7860,2023,1,2024,2,2031.35,6167.91
7861,2023,0,2023,1,37127.15,32895.6
7861,2023,1,2024,2,19346.47,50037.07
7862,2023,0,2023,1,13876.09,12820.98
7862,2023,1,2024,2,6940.46,19233.71
7863,2023,0,2023,1,6201.7,5391.87
7863,2023,1,2024,2,2460.89,7531.4
7864,2023,0,2023,1,5128.92,4183.98
7864,2023,1,2024,2,1859.07,5700.55
7865,2023,0,2023,1,18466.68,15276.44
7865,2023,1,2024,2,8329.14,22166.66
7866,2023,0,2023,1,101984.49,83521.94
7866,2023,1,2024,2,41243.01,117298.61
7867,2023,0,2023,1,6432.74,5690.11
7867,2023,1,2024,2,3593.59,8868.83
7870,2023,0,2023,1,20014.32,17625.27
7870,2023,1,2024,2,8727.18,25310.71
7872,2023,0,2023,1,121216.6,97851.74
7872,2023,1,2024,2,41577.9,131415.38
7874,2023,0,2023,1,6096.39,5241.82
7874,2023,1,2024,2,2436.63,7336.88
7875,2023,0,2023,1,21048.4,17645.33
7875,2023,1,2024,2,7745.8,24138.81
7876,2023,0,2023,1,28179.68,23408.93
7876,2023,1,2024,2,10993.64,32541.38
7877,2023,0,2023,1,7428.87,6307.3
7877,2023,1,2024,2,2854.45,8730.8
7878,2023,0,2023,1,4862.84,4145.29
7878,2023,1,2024,2,2364.92,6161.25
7879,2023,0,2023,1,18747.32,16002.89
7879,2023,1,2024,2,7257.75,22198.17
7880,2023,0,2023,1,5995.62,5212.4
7880,2023,1,2024,2,2927.35,7757.34
7881,2023,0,2023,1,1965.27,1663.04
7881,2023,1,2024,2,735.09,2285.08
7882,2023,0,2023,1,10108.69,8128.14
7882,2023,1,2024,2,2867.85,10434.11
7883,2023,0,2023,1,24637.16,20258.88
7883,2023,1,2024,2,8932.63,27604.08
7884,2023,0,2023,1,8796.73,7658.13
7884,2023,1,2024,2,4116.89,11242.15
7885,2023,0,2023,1,9015.22,7585.63
7885,2023,1,2024,2,3134.74,10223.28
7886,2023,0,2023,1,12646.32,11562.36
7886,2023,1,2024,2,7248.08,18189.19
7887,2023,0,2023,1,35305.67,30440.49
7887,2023,1,2024,2,15094.22,43454.71
7889,2023,0,2023,1,3985.83,3427.84
7889,2023,1,2024,2,1694.68,4885.27
7890,2023,0,2023,1,11681.06,10322.68
7890,2023,1,2024,2,5672.51,15335.54
7891,2023,0,2023,1,16763.56,13987.84
7891,2023,1,2024,2,5758.66,18792.98
7893,2023,0,2023,1,16460.93,14604.72
7893,2023,1,2024,2,6987.28,20804.08
7894,2023,0,2023,1,9873.44,7803.57
7894,2023,1,2024,2,3338.94,10442.53
7895,2023,0,2023,1,26128.95,21491.1
7895,2023,1,2024,2,12334.44,31636.19
7897,2023,0,2023,1,7971.27,6816.6
7897,2023,1,2024,2,3128.66,9492.06
7898,2023,0,2023,1,26231.53,21335.11
7898,2023,1,2024,2,9552.63,29104.63
7900,2023,0,2023,1,21343.21,18584.91
7900,2023,1,2024,2,8953.68,26381.45
7901,2023,0,2023,1,141992.28,117140.96
7901,2023,1,2024,2,48828.57,157423.61
7903,2023,0,2023,1,12447.01,10544.9
7903,2023,1,2024,2,5100.19,14865.69
7904,2023,0,2023,1,9414.3,8015.54
7904,2023,1,2024,2,3787.25,11240.09
7905,2023,0,2023,1,17740.73,16026.8
7905,2023,1,2024,2,9504.37,24612.95
7906,2023,0,2023,1,12468.39,10125.17
7906,2023,1,2024,2,4587.82,13850.79
7907,2023,0,2023,1,15286.22,12896.31
7907,2023,1,2024,2,6441.79,18330.96
7908,2023,0,2023,1,22041.52,18549.1
7908,2023,1,2024,2,9301.12,26376.49
7912,2023,0,2023,1,2642.13,2324.19
7912,2023,1,2024,2,1165.91,3349.8
7913,2023,0,2023,1,6300.43,5387.85
7913,2023,1,2024,2,2980.58,7936.7
7914,2023,0,2023,1,4095.85,3468.45
7914,2023,1,2024,2,1871.03,5052.87
7915,2023,0,2023,1,21813.56,18313.4
7915,2023,1,2024,2,7549.52,24651.53
7916,2023,0,2023,1,10658.48,9074.07
7916,2023,1,2024,2,3642.3,12174.94
7919,2023,0,2023,1,15517.14,12693.09
7919,2023,1,2024,2,5998.35,17599.77
7921,2023,0,2023,1,20769.41,17871.06
7921,2023,1,2024,2,9839,26337.02
7923,2023,0,2023,1,5081.32,4367.46
7923,2023,1,2024,2,2419.9,6447.4
7925,2023,0,2023,1,10536,9485.28
7925,2023,1,2024,2,5982.5,14871.17
7926,2023,0,2023,1,11002.2,10096.55
7926,2023,1,2024,2,4913.88,14605.94
7927,2023,0,2023,1,16344.9,13989.1
7927,2023,1,2024,2,6751.83,19767.8
7928,2023,0,2023,1,22419.92,18103.25
7928,2023,1,2024,2,8992.7,25364.51
7929,2023,0,2023,1,2066.12,1786.98
7929,2023,1,2024,2,1027.39,2675.57
7931,2023,0,2023,1,12083.43,10343.8
7931,2023,1,2024,2,5349.82,14923.43
7932,2023,0,2023,1,12932.75,10879.81
7932,2023,1,2024,2,5382.29,15407.72
7933,2023,0,2023,1,2673.69,2254.49
7933,2023,1,2024,2,1046.2,3136.65
7934,2023,0,2023,1,13405.71,11453.13
7934,2023,1,2024,2,6026.95,16602.23
7935,2023,0,2023,1,17161.52,14630.37
7935,2023,1,2024,2,6633.82,20285.78
7936,2023,0,2023,1,7971.65,6657.83
7936,2023,1,2024,2,2738.44,8944.95
7937,2023,0,2023,1,29661.04,25571.89
7937,2023,1,2024,2,13202.48,36954.25
7939,2023,0,2023,1,9021.49,7425.2
7939,2023,1,2024,2,3109.67,9984.64
7940,2023,0,2023,1,146518.44,117264.54
7940,2023,1,2024,2,44963.09,153250.28
7941,2023,0,2023,1,23557.36,20786.86
7941,2023,1,2024,2,13977.23,33120.28
7942,2023,0,2023,1,125992.3,107153.86
7942,2023,1,2024,2,53849.38,152951.65
7943,2023,0,2023,1,7263.37,6054.69
7943,2023,1,2024,2,3010.82,8564.48
7944,2023,0,2023,1,11657.5,9858.53
7944,2023,1,2024,2,5326.92,14363.4
7945,2023,0,2023,1,5007.71,3944.25
7945,2023,1,2024,2,1918.53,5455.36
7946,2023,0,2023,1,13897.91,11420.87
7946,2023,1,2024,2,5479.39,15923.67
7947,2023,0,2023,1,129940.2,111612.24
7947,2023,1,2024,2,53152.76,157267.85
7948,2023,0,2023,1,131295.48,112757.54
7948,2023,1,2024,2,62530.7,166459.38
7949,2023,0,2023,1,10352.9,8675.57
7949,2023,1,2024,2,4587.06,12519.45
7950,2023,0,2023,1,35368.55,30203.03
7950,2023,1,2024,2,13048.85,41346.12
7951,2023,0,2023,1,15092.53,12713.97
7951,2023,1,2024,2,6750.24,18400.39
7953,2023,0,2023,1,1281.8,1161.05
7953,2023,1,2024,2,634.88,1736.13
7954,2023,0,2023,1,74490.12,63314.87
7954,2023,1,2024,2,34242.61,92420.3
7955,2023,0,2023,1,5417.29,4428.03
7955,2023,1,2024,2,1861.36,5949.49
7956,2023,0,2023,1,8526.09,6950.74
7956,2023,1,2024,2,3012.09,9406.29
7957,2023,0,2023,1,1651.73,1404.42
7957,2023,1,2024,2,563.38,1883.45
7958,2023,0,2023,1,29196.52,23938.03
7958,2023,1,2024,2,10032.04,32163.23
7959,2023,0,2023,1,5423.16,4749.94
7959,2023,1,2024,2,2389.24,6842.59
7960,2023,0,2023,1,9330.85,8043.64
7960,2023,1,2024,2,3601.07,11147.94
7961,2023,0,2023,1,12839.6,11218.12
7961,2023,1,2024,2,5491.86,16016.42
7962,2023,0,2023,1,17465.11,14499.29
7962,2023,1,2024,2,6461.55,19863.58
7963,2023,0,2023,1,20311.24,17514.96
7963,2023,1,2024,2,9153.06,25407.92
7965,2023,0,2023,1,28889.07,25784.08
7965,2023,1,2024,2,13020.83,37405.44
7967,2023,0,2023,1,9330.4,7836.52
7967,2023,1,2024,2,4206.53,11369.54
7968,2023,0,2023,1,3638.32,3121.09
7968,2023,1,2024,2,1664.8,4549.21
7969,2023,0,2023,1,1477.69,1245.35
7969,2023,1,2024,2,692.5,1828.97
7971,2023,0,2023,1,14203.9,11683.19
7971,2023,1,2024,2,5823.98,16473.61
7972,2023,0,2023,1,2849.17,2458.15
7972,2023,1,2024,2,1233.18,3522.09
7974,2023,0,2023,1,6002.55,5133.91
7974,2023,1,2024,2,2825.38,7550.43
7975,2023,0,2023,1,13122.64,11114.36
7975,2023,1,2024,2,5668.05,15914.98
7977,2023,0,2023,1,11475.9,9566.7
7977,2023,1,2024,2,4059.88,12951.15
7979,2023,0,2023,1,19373.06,16290.48
7979,2023,1,2024,2,7892.09,22926.8
7980,2023,0,2023,1,7143.46,6168.21
7980,2023,1,2024,2,3271.66,8993.21
7982,2023,0,2023,1,8010.88,6880.94
7982,2023,1,2024,2,2683.95,9186.31
7983,2023,0,2023,1,20826.24,17056.07
7983,2023,1,2024,2,6811.36,22634.36
7984,2023,0,2023,1,3834.03,3240.21
7984,2023,1,2024,2,1502.97,4510.4
7985,2023,0,2023,1,19623.13,16307.52
7985,2023,1,2024,2,8126.36,23060.81
7987,2023,0,2023,1,3080.73,2463.08
7987,2023,1,2024,2,1198.08,3420.95
7989,2023,0,2023,1,4074.12,3471.27
7989,2023,1,2024,2,1490.96,4741.62
7990,2023,0,2023,1,3013.37,2481.81
7990,2023,1,2024,2,1415.26,3647.43
7991,2023,0,2023,1,15036.17,12803.24
7991,2023,1,2024,2,5366.92,17373.15
7992,2023,0,2023,1,11783.19,9809.74
7992,2023,1,2024,2,4793.99,13800.83
7993,2023,0,2023,1,23349.44,19609.03
7993,2023,1,2024,2,9083.83,27237.69
7994,2023,0,2023,1,33845.1,28163.77
7994,2023,1,2024,2,14858.4,40528
7995,2023,0,2023,1,22614.22,18341.07
7995,2023,1,2024,2,8324.94,25092.94
7996,2023,0,2023,1,29017.63,25208.63
7996,2023,1,2024,2,13592.59,37016.99
7997,2023,0,2023,1,10660.41,9266.5
7997,2023,1,2024,2,4272.5,12980.35
7998,2023,0,2023,1,17188.25,13567.18
7998,2023,1,2024,2,5714.09,18077.47
8000,2023,0,2023,1,7482.4,6336.11
8000,2023,1,2024,2,2799.83,8707.01
8001,2023,0,2023,1,111411.79,93130.86
8001,2023,1,2024,2,39929.79,126508.79
8003,2023,0,2023,1,9609.33,7642.21
8003,2023,1,2024,2,3897.42,10741.79
8004,2023,0,2023,1,90935.92,76002.16
8004,2023,1,2024,2,37360.82,107227.48
8005,2023,0,2023,1,14940.25,12968.73
8005,2023,1,2024,2,5710.16,17925.37
8006,2023,0,2023,1,25053.58,20664.52
8006,2023,1,2024,2,7814.37,27109.92
8007,2023,0,2023,1,16079.63,13571.26
8007,2023,1,2024,2,4978.95,17773.51
8008,2023,0,2023,1,9732.87,7845.81
8008,2023,1,2024,2,3618.5,10762.74
8009,2023,0,2023,1,29318.6,24378.69
8009,2023,1,2024,2,12604.64,34859.56
8010,2023,0,2023,1,4561.1,3949.21
8010,2023,1,2024,2,2203.67,5857.25
8011,2023,0,2023,1,12403.09,10543.11
8011,2023,1,2024,2,4934.93,14737.99
8012,2023,0,2023,1,66002.49,61337.17
8012,2023,1,2024,2,36511.22,95267.62
8013,2023,0,2023,1,2724.36,2220.49
8013,2023,1,2024,2,1257.91,3245.74
8014,2023,0,2023,1,22887.33,19297.26
8014,2023,1,2024,2,9108.85,26977.31
8015,2023,0,2023,1,23212.6,19571.51
8015,2023,1,2024,2,8797.03,26988.65
8016,2023,0,2023,1,152216.06,130231.98
8016,2023,1,2024,2,51860.29,174602.25
8017,2023,0,2023,1,6780.82,5542.89
8017,2023,1,2024,2,2384.54,7492.1
8019,2023,0,2023,1,11597.04,9789.96
8019,2023,1,2024,2,4782.46,13827.21
8021,2023,0,2023,1,8642.67,7113.83
8021,2023,1,2024,2,3965.61,10377.94
8022,2023,0,2023,1,7041.1,5895.94
8022,2023,1,2024,2,2942.26,8359.66
8023,2023,0,2023,1,23412.11,18849.47
8023,2023,1,2024,2,7610.43,24976.76
8024,2023,0,2023,1,1736.47,1449.76
8024,2023,1,2024,2,634.66,1979.62
8025,2023,0,2023,1,14207.99,12426.66
8025,2023,1,2024,2,6825.42,18396.34
8026,2023,0,2023,1,20551.45,17537.56
8026,2023,1,2024,2,9205.71,25393.24
8027,2023,0,2023,1,26302.84,21267.56
8027,2023,1,2024,2,9377.35,28849.75
8028,2023,0,2023,1,17240.54,14371.14
8028,2023,1,2024,2,5683.97,19109.1
8029,2023,0,2023,1,1294.92,1139.18
8029,2023,1,2024,2,511.48,1589.14
8030,2023,0,2023,1,9601.38,7936.38
8030,2023,1,2024,2,3785.54,11065.45
8031,2023,0,2023,1,6958.9,5833.45
8031,2023,1,2024,2,3227.74,8539.17
8032,2023,0,2023,1,91.35,80.49
8032,2023,1,2024,2,45.75,120.79
8034,2023,0,2023,1,14569.87,12619.6
8034,2023,1,2024,2,6518.21,18265.31
8035,2023,0,2023,1,27934.91,24462.43
8035,2023,1,2024,2,13190.02,36012.86
8036,2023,0,2023,1,20247.02,17041.53
8036,2023,1,2024,2,7643.84,23475.21
8037,2023,0,2023,1,9740.83,8452.39
8037,2023,1,2024,2,5008.69,12798.57
8038,2023,0,2023,1,7182.93,6262.47
8038,2023,1,2024,2,3181.96,9036.67
8040,2023,0,2023,1,10809.97,9380.29
8040,2023,1,2024,2,5016.65,13733.46
8041,2023,0,2023,1,1373.74,1124.96
8041,2023,1,2024,2,369.05,1427.17
8042,2023,0,2023,1,17921.97,15462.86
8042,2023,1,2024,2,6657.87,21207.2
8043,2023,0,2023,1,10828.32,9187.05
8043,2023,1,2024,2,5526.94,13876.25
8044,2023,0,2023,1,18810.98,16652.88
8044,2023,1,2024,2,7248.64,23069.91
8045,2023,0,2023,1,20912.9,17834.28
8045,2023,1,2024,2,7802.4,24488.07
8046,2023,0,2023,1,5432.74,4672.06
8046,2023,1,2024,2,2534.7,6851.85
8047,2023,0,2023,1,170159.99,152043.04
8047,2023,1,2024,2,74206.16,218348.47
8048,2023,0,2023,1,13534.66,11195.62
8048,2023,1,2024,2,5230.61,15522.29
8049,2023,0,2023,1,15716.57,13202.59
8049,2023,1,2024,2,4734.51,17179.78
8050,2023,0,2023,1,5408.31,4692.64
8050,2023,1,2024,2,2489.58,6852.79
8051,2023,0,2023,1,75941.46,69166.49
8051,2023,1,2024,2,40642.55,106183.2
8053,2023,0,2023,1,3050.6,2687.5
8053,2023,1,2024,2,1228.87,3770.11
8054,2023,0,2023,1,14252.26,11936.86
8054,2023,1,2024,2,6146.37,17084.7
8055,2023,0,2023,1,2113.43,1749.14
8055,2023,1,2024,2,927.54,2516.8
8056,2023,0,2023,1,42571.09,35693.88
8056,2023,1,2024,2,16895.5,49859.97
8057,2023,0,2023,1,13936.52,12213.68
8057,2023,1,2024,2,6447.19,17863.87
8058,2023,0,2023,1,4224.79,3628.29
8058,2023,1,2024,2,1787.87,5163.74
8060,2023,0,2023,1,36776.92,31554
8060,2023,1,2024,2,14803.86,44255.46
8061,2023,0,2023,1,31004.71,26847.43
8061,2023,1,2024,2,14083.36,39042.42
8062,2023,0,2023,1,13075.1,10492.47
8062,2023,1,2024,2,3854.4,13585.55
8063,2023,0,2023,1,756.73,617.37
8063,2023,1,2024,2,260.62,830
8064,2023,0,2023,1,6712.29,5816.5
8064,2023,1,2024,2,2739.47,8190.38
8065,2023,0,2023,1,6508.75,5706.25
8065,2023,1,2024,2,3220.31,8529.5
8066,2023,0,2023,1,11922.71,9797.58
8066,2023,1,2024,2,4428.18,13436.47
8069,2023,0,2023,1,7891.21,6999.64
8069,2023,1,2024,2,3708.37,10289.03
8070,2023,0,2023,1,10017.55,8859.17
8070,2023,1,2024,2,5486.51,13711.25
8071,2023,0,2023,1,43576.34,37168.98
8071,2023,1,2024,2,17607.02,52187.12
8073,2023,0,2023,1,10138.7,8529.28
8073,2023,1,2024,2,3883.42,11796.24
8074,2023,0,2023,1,4822.17,4080.69
8074,2023,1,2024,2,2386.36,6100.11
8075,2023,0,2023,1,10656.39,9046.55
8075,2023,1,2024,2,4611.76,12961.62
8077,2023,0,2023,1,15332.64,13187.72
8077,2023,1,2024,2,6041.68,18384.21
8078,2023,0,2023,1,4990.06,4248.29
8078,2023,1,2024,2,2009.75,5959.29
8079,2023,0,2023,1,33131.66,28923
8079,2023,1,2024,2,15498.84,42453.04
8082,2023,0,2023,1,724.13,617.18
8082,2023,1,2024,2,327.2,896.05
8083,2023,0,2023,1,4359,3619.32
8083,2023,1,2024,2,1629.97,4972.69
8085,2023,0,2023,1,17390.7,14190.51
8085,2023,1,2024,2,5432.95,18623.7
8086,2023,0,2023,1,12432.53,10585.62
8086,2023,1,2024,2,6248.98,15906.29
8088,2023,0,2023,1,6617.55,5664.81
8088,2023,1,2024,2,3375.98,8554.74
8089,2023,0,2023,1,22971.75,19057.78
8089,2023,1,2024,2,8504.4,26113.18
8090,2023,0,2023,1,22431.12,19564.42
8090,2023,1,2024,2,10328.86,28573.26
8091,2023,0,2023,1,13084.38,11030.92
8091,2023,1,2024,2,5728.94,15860.77
8092,2023,0,2023,1,3321.69,2878.32
8092,2023,1,2024,2,1319.87,4022.01
8094,2023,0,2023,1,8212.53,6705.27
8094,2023,1,2024,2,2725.72,8930.73
8095,2023,0,2023,1,3429.85,2773.34
8095,2023,1,2024,2,1194.17,3738.94
8096,2023,0,2023,1,12001.9,10129.73
8096,2023,1,2024,2,4906.45,14270.83
8098,2023,0,2023,1,2732,2230.06
8098,2023,1,2024,2,886.74,2953.88
8099,2023,0,2023,1,12494.16,10593.53
8099,2023,1,2024,2,4532.07,14436.17
8100,2023,0,2023,1,61073.22,54181.73
8100,2023,1,2024,2,25618.32,76909.29
8101,2023,0,2023,1,19677.08,16900.8
8101,2023,1,2024,2,8273.65,24007.1
8102,2023,0,2023,1,169489.58,137395.46
8102,2023,1,2024,2,72378.1,196068.22
8103,2023,0,2023,1,25355.01,20198.59
8103,2023,1,2024,2,7886.88,26481.53
8104,2023,0,2023,1,25454.64,21900.95
8104,2023,1,2024,2,11034.21,31394.69
8105,2023,0,2023,1,12892.16,10559.34
8105,2023,1,2024,2,3952.69,13796.79
8106,2023,0,2023,1,608.83,504.78
8106,2023,1,2024,2,215.91,683.78
8107,2023,0,2023,1,2689.07,2359.65
8107,2023,1,2024,2,1127.16,3348.73
8108,2023,0,2023,1,1483.13,1271.17
8108,2023,1,2024,2,607.03,1791.44
8112,2023,0,2023,1,2897.01,2439.92
8112,2023,1,2024,2,1214.28,3462.61
8115,2023,0,2023,1,3063.56,2639.6
8115,2023,1,2024,2,1227.35,3697.1
8116,2023,0,2023,1,3737.86,3224.63
8116,2023,1,2024,2,1928.64,4888.46
8117,2023,0,2023,1,12255.2,10259.07
8117,2023,1,2024,2,4933.74,14389.2
8118,2023,0,2023,1,11476.61,9642.65
8118,2023,1,2024,2,4410.35,13348.24
8119,2023,0,2023,1,6224.67,5471.92
8119,2023,1,2024,2,3256.28,8334.42
8120,2023,0,2023,1,10401.73,9073.62
8120,2023,1,2024,2,4458.49,12962.85
8122,2023,0,2023,1,12179.81,10571.43
8122,2023,1,2024,2,6262.94,16007.33
8123,2023,0,2023,1,6551.93,5000.76
8123,2023,1,2024,2,1709,6305.16
8126,2023,0,2023,1,6131.09,4973.65
8126,2023,1,2024,2,2264.03,6810.27
8127,2023,0,2023,1,10573.04,8940.82
8127,2023,1,2024,2,4887.97,13074.21
8128,2023,0,2023,1,5948.74,4998.48
8128,2023,1,2024,2,2891.01,7427.69
8129,2023,0,2023,1,13095.83,11335.59
8129,2023,1,2024,2,6352.65,16834.37
8130,2023,0,2023,1,7376.75,6049.57
8130,2023,1,2024,2,2901.17,8428.78
8132,2023,0,2023,1,6840.49,5822.2
8132,2023,1,2024,2,3440.93,8750.9
8133,2023,0,2023,1,20986.36,17936.84
8133,2023,1,2024,2,9169.81,25774.2
8135,2023,0,2023,1,12398.64,10821.29
8135,2023,1,2024,2,6024.7,16079.53
8136,2023,0,2023,1,22746.56,18865.8
8136,2023,1,2024,2,9669.23,26885.38
8137,2023,0,2023,1,7657.95,6697.44
8137,2023,1,2024,2,3083.52,9394.2
8138,2023,0,2023,1,15880.14,12991.07
8138,2023,1,2024,2,5856.59,17782.18
8139,2023,0,2023,1,12592.22,9742.66
8139,2023,1,2024,2,3943.01,12793.38
8141,2023,0,2023,1,10817.3,8915.16
8141,2023,1,2024,2,4242.69,12411.8
8142,2023,0,2023,1,8631.7,7455.94
8142,2023,1,2024,2,3605.72,10570.5
8143,2023,0,2023,1,17156.46,15144.55
8143,2023,1,2024,2,7546.6,21806.17
8145,2023,0,2023,1,15182.43,13769.23
8145,2023,1,2024,2,8831.16,21778.36
8146,2023,0,2023,1,6607.16,5643.53
8146,2023,1,2024,2,2517.07,7793.5
8147,2023,0,2023,1,6987.85,5676.91
8147,2023,1,2024,2,2279.01,7528.36
8151,2023,0,2023,1,14244.22,11521.06
8151,2023,1,2024,2,5134.31,15673.81
8153,2023,0,2023,1,21429.42,17713.47
8153,2023,1,2024,2,9322.43,25419.36
8154,2023,0,2023,1,2143.41,1808.83
8154,2023,1,2024,2,931.37,2594.82
8155,2023,0,2023,1,70447.76,58666.04
8155,2023,1,2024,2,22631.66,77512.77
8156,2023,0,2023,1,8334.02,7008
8156,2023,1,2024,2,3371.96,9843.46
8157,2023,0,2023,1,61602.59,50933.43
8157,2023,1,2024,2,28916.54,74841.82
8159,2023,0,2023,1,1384.53,1173.19
8159,2023,1,2024,2,573.36,1659.03
8161,2023,0,2023,1,3525,3103.5
8161,2023,1,2024,2,1461.92,4390.61
8162,2023,0,2023,1,26875.53,22847.87
8162,2023,1,2024,2,13612.58,34420.42
8163,2023,0,2023,1,14430.39,12693.79
8163,2023,1,2024,2,7798.41,19553.72
8164,2023,0,2023,1,44034.09,37383.31
8164,2023,1,2024,2,15808.06,50803.78
8165,2023,0,2023,1,6875.41,5961.65
8165,2023,1,2024,2,3134.56,8679.63
8166,2023,0,2023,1,39781.44,33294.59
8166,2023,1,2024,2,14827.47,45704.27
8168,2023,0,2023,1,9988.11,8521.55
8168,2023,1,2024,2,3413.06,11433.48
8169,2023,0,2023,1,19205.06,16535.68
8169,2023,1,2024,2,6899.68,22476.35
8170,2023,0,2023,1,22833.58,19566.75
8170,2023,1,2024,2,10758.19,28785.75
8171,2023,0,2023,1,9139.87,8231.23
8171,2023,1,2024,2,5216.75,12929.36
8172,2023,0,2023,1,25514.49,22189.29
8172,2023,1,2024,2,12822.46,33340.65
8173,2023,0,2023,1,1034.82,900.2
8173,2023,1,2024,2,409.44,1256.37
8174,2023,0,2023,1,1987.55,1695.33
8174,2023,1,2024,2,884.76,2450.01
8175,2023,0,2023,1,19033.19,16215.56
8175,2023,1,2024,2,6822.13,22027.76
8178,2023,0,2023,1,3265.09,2745.69
8178,2023,1,2024,2,1143.32,3707.13
8179,2023,0,2023,1,6380.19,5720.33
8179,2023,1,2024,2,3462.36,8824.61
8181,2023,0,2023,1,1070.7,898.28
8181,2023,1,2024,2,424.18,1254.15
8184,2023,0,2023,1,6556.5,5523.6
8184,2023,1,2024,2,2600.04,7714.04
8185,2023,0,2023,1,1359.94,1197.29
8185,2023,1,2024,2,709.87,1822.26
8186,2023,0,2023,1,5899.23,4987.59
8186,2023,1,2024,2,2313.39,6943.48
8187,2023,0,2023,1,10040.81,8698.47
8187,2023,1,2024,2,4147.2,12291.24
8188,2023,0,2023,1,6618.76,5653.01
8188,2023,1,2024,2,3042.68,8251.73
8189,2023,0,2023,1,1387.08,1195.25
8189,2023,1,2024,2,723.33,1818.55
8190,2023,0,2023,1,9980.89,8435.82
8190,2023,1,2024,2,4568.59,12297.18
8191,2023,0,2023,1,111681.01,91839.57
8191,2023,1,2024,2,45829.19,129526.67
8192,2023,0,2023,1,5084.36,4394.13
8192,2023,1,2024,2,2411.33,6478.11
8193,2023,0,2023,1,4399.82,3583.63
8193,2023,1,2024,2,1572.09,4864.09
8194,2023,0,2023,1,8698.43,7390.92
8194,2023,1,2024,2,3398.86,10278.88
8195,2023,0,2023,1,17494.19,15109.13
8195,2023,1,2024,2,9170.81,23029.64
8196,2023,0,2023,1,22995.58,19062.76
8196,2023,1,2024,2,7454.53,25242.38
8199,2023,0,2023,1,12667.24,10654.56
8199,2023,1,2024,2,5201.01,15029.19
8201,2023,0,2023,1,11394.48,9290.19
8201,2023,1,2024,2,4287.78,12786.12
8203,2023,0,2023,1,29954.73,25357.96
8203,2023,1,2024,2,14031.02,37235.81
8204,2023,0,2023,1,10129.22,8338.32
8204,2023,1,2024,2,3678.25,11366.24
8206,2023,0,2023,1,2923.27,2485.08
8206,2023,1,2024,2,1211.15,3514.68
8207,2023,0,2023,1,3956.31,3509.93
8207,2023,1,2024,2,2112.75,5384.31
8208,2023,0,2023,1,19152.9,16885.01
8208,2023,1,2024,2,9902.08,25614.59
8209,2023,0,2023,1,10804.42,9455.18
8209,2023,1,2024,2,4971.25,13805.63
8210,2023,0,2023,1,19380.9,17020.48
8210,2023,1,2024,2,9385.64,25263.03
8211,2023,0,2023,1,9528.7,8129.8
8211,2023,1,2024,2,3605.34,11205.84
8213,2023,0,2023,1,13773.61,11754.12
8213,2023,1,2024,2,5885.84,16776.97
8214,2023,0,2023,1,227535.39,197883.5
8214,2023,1,2024,2,115422.73,298264.6
8216,2023,0,2023,1,12889.21,11075.24
8216,2023,1,2024,2,5946.71,16185.03
8217,2023,0,2023,1,17980.39,15126.77
8217,2023,1,2024,2,6859.06,20897.24
8218,2023,0,2023,1,12584.94,10897.72
8218,2023,1,2024,2,5192.72,15394.27
8219,2023,0,2023,1,15294.85,12719.63
8219,2023,1,2024,2,6325.69,17980.25
8220,2023,0,2023,1,10263.34,8714.76
8220,2023,1,2024,2,4257.08,12329.51
8221,2023,0,2023,1,16736.73,14468.93
8221,2023,1,2024,2,8084.61,21458.09
8224,2023,0,2023,1,15029.39,13083.72
8224,2023,1,2024,2,6899.3,19089.86
8225,2023,0,2023,1,73694.56,62020.93
8225,2023,1,2024,2,29405.65,86768.56
8229,2023,0,2023,1,10878.84,9601.91
8229,2023,1,2024,2,5044.76,14054.54
8232,2023,0,2023,1,23266.29,19918.3
8232,2023,1,2024,2,9249.64,27836.93
8234,2023,0,2023,1,18424.48,15701.19
8234,2023,1,2024,2,8359.17,22824.8
8235,2023,0,2023,1,25897.5,22924.41
8235,2023,1,2024,2,12727.97,34191.18
8236,2023,0,2023,1,14386.48,12119.85
8236,2023,1,2024,2,6369.13,17485.5
8237,2023,0,2023,1,10602.51,8921.25
8237,2023,1,2024,2,3851.92,12162.36
8238,2023,0,2023,1,10712.59,9152.08
8238,2023,1,2024,2,4188.06,12730.06
8239,2023,0,2023,1,68814.68,60197.84
8239,2023,1,2024,2,33017.61,89081.05
8240,2023,0,2023,1,6780.36,5724.42
8240,2023,1,2024,2,2893.13,8166.98
8241,2023,0,2023,1,8964.95,7665.3
8241,2023,1,2024,2,3741.07,10864.04
8242,2023,0,2023,1,8848.79,7608.99
8242,2023,1,2024,2,3482.23,10603.33
8243,2023,0,2023,1,21768.55,18861.77
8243,2023,1,2024,2,9027.57,26683.88
8244,2023,0,2023,1,16982.42,13706.03
8244,2023,1,2024,2,7766.21,19973.92
8245,2023,0,2023,1,9929.18,8715.55
8245,2023,1,2024,2,4062.99,12281.93
8246,2023,0,2023,1,16833.12,14073.56
8246,2023,1,2024,2,6311.86,19350.68
8247,2023,0,2023,1,1408.5,1158.28
8247,2023,1,2024,2,571.3,1628.09
8248,2023,0,2023,1,22710.45,19389.37
8248,2023,1,2024,2,8163.31,26358.92
8249,2023,0,2023,1,20101.5,16469.57
8249,2023,1,2024,2,6928.69,22146.38
8250,2023,0,2023,1,31136.16,25088.68
8250,2023,1,2024,2,12376.85,35061.61
8251,2023,0,2023,1,6800.3,5685.01
8251,2023,1,2024,2,2533.46,7802.96
8253,2023,0,2023,1,5355.75,4544.12
8253,2023,1,2024,2,2582.82,6735.53
8254,2023,0,2023,1,832.29,736.05
8254,2023,1,2024,2,330.52,1028.35
8255,2023,0,2023,1,27965.67,23514.89
8255,2023,1,2024,2,9744.01,31708.14
8256,2023,0,2023,1,4410.83,3616.65
8256,2023,1,2024,2,1592.27,4922.22
8257,2023,0,2023,1,15725.97,13408.93
8257,2023,1,2024,2,8011.1,20239.69
8258,2023,0,2023,1,8356.92,7110.07
8258,2023,1,2024,2,3793.41,10337.51
8259,2023,0,2023,1,7536.63,6490.07
8259,2023,1,2024,2,3647.7,9631.24
8261,2023,0,2023,1,8213.32,6709.84
8261,2023,1,2024,2,3258,9371.46
8262,2023,0,2023,1,9384.44,8403.15
8262,2023,1,2024,2,4032.12,12013.65
8263,2023,0,2023,1,10096.39,8545.81
8263,2023,1,2024,2,3743.42,11714.32
8264,2023,0,2023,1,3676.73,3151.81
8264,2023,1,2024,2,1505.53,4442.4
8265,2023,0,2023,1,2467.98,2052.39
8265,2023,1,2024,2,956.31,2847.67
8266,2023,0,2023,1,92070.42,79501.92
8266,2023,1,2024,2,38167.58,112459.26
8267,2023,0,2023,1,2148.28,1869.23
8267,2023,1,2024,2,878.3,2633.44
8268,2023,0,2023,1,3538.65,3002.15
8268,2023,1,2024,2,1343.99,4142.38
8271,2023,0,2023,1,17298.39,15062.21
8271,2023,1,2024,2,8840.54,22759.91
8272,2023,0,2023,1,7038.99,5713.33
8272,2023,1,2024,2,2017.88,7351.18
8274,2023,0,2023,1,12389.26,10630.23
8274,2023,1,2024,2,5581.19,15418.99
8275,2023,0,2023,1,3760.31,3107.16
8275,2023,1,2024,2,1393.53,4258.63
8276,2023,0,2023,1,1833.32,1574.53
8276,2023,1,2024,2,759.26,2226.61
8277,2023,0,2023,1,4263.53,3824.31
8277,2023,1,2024,2,1976.51,5597.21
8278,2023,0,2023,1,6508.22,5414.12
8278,2023,1,2024,2,2757.52,7708.08
8280,2023,0,2023,1,24928.2,21701.33
8280,2023,1,2024,2,12437.29,32528.66
8282,2023,0,2023,1,21595.12,18976.05
8282,2023,1,2024,2,8483.2,26430.4
8284,2023,0,2023,1,18882.17,16278.4
8284,2023,1,2024,2,9084.08,24109.82
8286,2023,0,2023,1,18203.84,15554.76
8286,2023,1,2024,2,7180.19,21690.07
8288,2023,0,2023,1,19543.32,17939.07
8288,2023,1,2024,2,11769.66,28742.6
8290,2023,0,2023,1,8148.09,7025.9
8290,2023,1,2024,2,3919.59,10405.68
8292,2023,0,2023,1,13991.45,11892.5
8292,2023,1,2024,2,4857.38,16021.19
8293,2023,0,2023,1,3811.17,3222.08
8293,2023,1,2024,2,1629.95,4600.08
8294,2023,0,2023,1,48716.12,40799.01
8294,2023,1,2024,2,22215.46,59404.12
8295,2023,0,2023,1,37.51,31.96
8295,2023,1,2024,2,14.38,44.21
8296,2023,0,2023,1,11926.3,10195.88
8296,2023,1,2024,2,5369.99,14786.72
8297,2023,0,2023,1,14026.75,11872.13
8297,2023,1,2024,2,5169.38,16247.45
8298,2023,0,2023,1,7486.37,6483.33
8298,2023,1,2024,2,3254.72,9301.98
8299,2023,0,2023,1,14057.67,12255.14
8299,2023,1,2024,2,7088.05,18434.33
8300,2023,0,2023,1,4780.42,3993.31
8300,2023,1,2024,2,1847.69,5536.77
8302,2023,0,2023,1,27478.84,22953.16
8302,2023,1,2024,2,9391.86,30798.2
8303,2023,0,2023,1,9697.25,8319.09
8303,2023,1,2024,2,4392.14,12087.02
8305,2023,0,2023,1,19103.1,15608.08
8305,2023,1,2024,2,6502.3,20920.75
8306,2023,0,2023,1,18075.26,15119.51
8306,2023,1,2024,2,8470.25,22204.67
8307,2023,0,2023,1,29786.26,26138.31
8307,2023,1,2024,2,13307.65,37816.16
8308,2023,0,2023,1,23500.02,20503.6
8308,2023,1,2024,2,11238.63,30309.21
8309,2023,0,2023,1,20885.55,18227.42
8309,2023,1,2024,2,8988.27,26071.73
8310,2023,0,2023,1,22459.35,19180.13
8310,2023,1,2024,2,8993.1,26860.18
8311,2023,0,2023,1,125555.25,107662.36
8311,2023,1,2024,2,51223.15,151585.69
8314,2023,0,2023,1,26149.66,21826.15
8314,2023,1,2024,2,10857.31,30888.35
8315,2023,0,2023,1,2913.67,2426.05
8315,2023,1,2024,2,1094.41,3337.3
8316,2023,0,2023,1,9686.34,8871.24
8316,2023,1,2024,2,5755.12,14142.07
8317,2023,0,2023,1,27983.22,23048.32
8317,2023,1,2024,2,8155.89,29765.91
8318,2023,0,2023,1,32032.76,26577.48
8318,2023,1,2024,2,11591.15,36194.62
8319,2023,0,2023,1,2443.13,2061.14
8319,2023,1,2024,2,951.14,2863.57
8320,2023,0,2023,1,6546.3,5652.03
8320,2023,1,2024,2,2330.63,7664.28
8321,2023,0,2023,1,2534.47,2134.55
8321,2023,1,2024,2,1022.88,2996.04
8323,2023,0,2023,1,6386.99,5711.36
8323,2023,1,2024,2,3548.9,8884.84
8324,2023,0,2023,1,9446.53,8024.57
8324,2023,1,2024,2,3847.8,11293.17
8325,2023,0,2023,1,2332.57,1979.6
8325,2023,1,2024,2,949.36,2785.3
8326,2023,0,2023,1,21577.38,18227.44
8326,2023,1,2024,2,9247.32,26039.09
8327,2023,0,2023,1,919.09,749.34
8327,2023,1,2024,2,327.54,1016.38
8328,2023,0,2023,1,10768.09,9360.99
8328,2023,1,2024,2,4810.95,13543.28
8329,2023,0,2023,1,6725.08,5649.21
8329,2023,1,2024,2,3052.13,8213.07
8331,2023,0,2023,1,47655.61,40401.72
8331,2023,1,2024,2,18061.08,55713.63
8332,2023,0,2023,1,4880.74,4110.28
8332,2023,1,2024,2,2150.68,5921.45
8333,2023,0,2023,1,18093.75,15452.13
8333,2023,1,2024,2,8046.33,22323.72
8334,2023,0,2023,1,11918.85,10211.1
8334,2023,1,2024,2,5083.48,14566.21
8335,2023,0,2023,1,98133.5,84342.52
8335,2023,1,2024,2,41027.02,119603.89
8336,2023,0,2023,1,8987.07,7653.91
8336,2023,1,2024,2,3647.49,10760.33
8338,2023,0,2023,1,817.1,666.94
8338,2023,1,2024,2,278.18,894
8339,2023,0,2023,1,7615.79,6710.51
8339,2023,1,2024,2,3605.38,9887.32
8340,2023,0,2023,1,10560.05,8577.87
8340,2023,1,2024,2,4548.29,12272.41
8342,2023,0,2023,1,10625.9,9235
8342,2023,1,2024,2,4360.43,13024.66
8343,2023,0,2023,1,1184.93,1010.23
8343,2023,1,2024,2,533.35,1464.96
8344,2023,0,2023,1,5628.08,4740.09
8344,2023,1,2024,2,1893.09,6334.49
8345,2023,0,2023,1,20757.27,18153.73
8345,2023,1,2024,2,8405.02,25504.53
8346,2023,0,2023,1,23471.37,19477.87
8346,2023,1,2024,2,8401.57,26449.96
8348,2023,0,2023,1,20237.58,17441.28
8348,2023,1,2024,2,9871.71,25948.98
8351,2023,0,2023,1,52551.32,43677.81
8351,2023,1,2024,2,19912.67,60228.14
8352,2023,0,2023,1,5068.09,4145.36
8352,2023,1,2024,2,1679.02,5518.69
8353,2023,0,2023,1,9939.87,8326.51
8353,2023,1,2024,2,3698.22,11424.47
8354,2023,0,2023,1,20418.71,17149.79
8354,2023,1,2024,2,9033.33,24736.94
8355,2023,0,2023,1,17687.81,15396.17
8355,2023,1,2024,2,8438.11,22741.04
8356,2023,0,2023,1,13687.57,10794.48
8356,2023,1,2024,2,4346.51,14222.28
8357,2023,0,2023,1,5824.79,5112.34
8357,2023,1,2024,2,2722.38,7501.73
8358,2023,0,2023,1,14444.93,11675.82
8358,2023,1,2024,2,4927.95,15659.08
8359,2023,0,2023,1,6273.74,5227.7
8359,2023,1,2024,2,2600.95,7394.99
8360,2023,0,2023,1,11514.56,9844.21
8360,2023,1,2024,2,5189.87,14281.22
8361,2023,0,2023,1,44361.39,37935.15
8361,2023,1,2024,2,15788.4,51436.42
8362,2023,0,2023,1,119728.04,101889.47
8362,2023,1,2024,2,46568.54,141519.66
8364,2023,0,2023,1,15120.08,13211.27
8364,2023,1,2024,2,6989.57,19318.46
8365,2023,0,2023,1,8393.66,7188.69
8365,2023,1,2024,2,3530.86,10212.67
8366,2023,0,2023,1,26626.43,23461.04
8366,2023,1,2024,2,12478.11,34455.73
8368,2023,0,2023,1,128618.08,112041.8
8368,2023,1,2024,2,63242.15,167133.31
8371,2023,0,2023,1,10031.54,8506.47
8371,2023,1,2024,2,3863.75,11782.83
8373,2023,0,2023,1,20198.49,16174.63
8373,2023,1,2024,2,7156.78,21905.67
8375,2023,0,2023,1,11742.75,9921.13
8375,2023,1,2024,2,5667.51,14709.45
8376,2023,0,2023,1,10446.69,8725.86
8376,2023,1,2024,2,3476.11,11629.36
8377,2023,0,2023,1,70150.13,59809.75
8377,2023,1,2024,2,33977.36,88778.72
8378,2023,0,2023,1,22689.94,18909.44
8378,2023,1,2024,2,7492.18,25153.3
8379,2023,0,2023,1,92341.5,82339.4
8379,2023,1,2024,2,43544.36,121167.19
8380,2023,0,2023,1,5618.49,5003.36
8380,2023,1,2024,2,3321.28,7961.02
8381,2023,0,2023,1,29134.39,24148.19
8381,2023,1,2024,2,10591.65,32927.13
8382,2023,0,2023,1,18951.41,16982.39
8382,2023,1,2024,2,11830.05,27583.32
8383,2023,0,2023,1,24694.37,21247.27
8383,2023,1,2024,2,10697.79,30451.75
8384,2023,0,2023,1,9187.03,8005.05
8384,2023,1,2024,2,4790.54,12179.25
8385,2023,0,2023,1,9625.89,7860.05
8385,2023,1,2024,2,3359.99,10603.66
8386,2023,0,2023,1,27555.23,23710
8386,2023,1,2024,2,11880.41,33932.54
8387,2023,0,2023,1,3690.18,3115.4
8387,2023,1,2024,2,1678.08,4532.11
8388,2023,0,2023,1,7680.63,6595.09
8388,2023,1,2024,2,3297.85,9426.84
8389,2023,0,2023,1,2012.07,1678.06
8389,2023,1,2024,2,715.65,2274.9
8390,2023,0,2023,1,11100.79,9478.82
8390,2023,1,2024,2,4963.48,13717.07
8391,2023,0,2023,1,113946.5,96193.21
8391,2023,1,2024,2,48520.74,137154.24
8392,2023,0,2023,1,12987.48,11331.1
8392,2023,1,2024,2,6057.03,16615.64
8393,2023,0,2023,1,4380.19,3745.94
8393,2023,1,2024,2,1922.95,5390.45
8394,2023,0,2023,1,20580.93,16312.72
8394,2023,1,2024,2,5350.77,20553.81
8396,2023,0,2023,1,7185.85,6216.24
8396,2023,1,2024,2,3744.93,9455.86
8397,2023,0,2023,1,9524.16,7789.7
8397,2023,1,2024,2,3641.77,10768.26
8398,2023,0,2023,1,8428,7063.42
8398,2023,1,2024,2,3258.53,9794.37
8399,2023,0,2023,1,12441.07,9841.74
8399,2023,1,2024,2,3840.94,12880.19
8400,2023,0,2023,1,23980.89,20355.22
8400,2023,1,2024,2,10861.39,29574.48
8404,2023,0,2023,1,3795.5,3213.97
8404,2023,1,2024,2,1658.31,4618.2
8405,2023,0,2023,1,10871.8,9047.02
8405,2023,1,2024,2,4244.11,12578.77
8406,2023,0,2023,1,11876.41,10096.74
8406,2023,1,2024,2,5177.94,14498.77
8408,2023,0,2023,1,5556.73,4790.69
8408,2023,1,2024,2,2445.04,6898.67
8409,2023,0,2023,1,6839.94,5714.62
8409,2023,1,2024,2,2390.61,7711.93
8410,2023,0,2023,1,713.24,656.26
8410,2023,1,2024,2,311.25,942.65
8412,2023,0,2023,1,15512.51,12435.46
8412,2023,1,2024,2,4375.54,15943.07
8414,2023,0,2023,1,1062.18,941.2
8414,2023,1,2024,2,549.13,1427.79
8415,2023,0,2023,1,6534.39,5552.07
8415,2023,1,2024,2,2775.31,7910.16
8417,2023,0,2023,1,29795.21,25106.36
8417,2023,1,2024,2,12997.25,36058.24
8418,2023,0,2023,1,5354.86,4556.96
8418,2023,1,2024,2,2201.89,6430.76
8419,2023,0,2023,1,1205.63,988.97
8419,2023,1,2024,2,487.52,1388.89
8421,2023,0,2023,1,12493.98,10116.1
8421,2023,1,2024,2,5642.11,14684.4
8422,2023,0,2023,1,5815.93,5272.41
8422,2023,1,2024,2,2658.18,7682.17
8424,2023,0,2023,1,6630.99,5413.51
8424,2023,1,2024,2,2359.12,7339.49
8426,2023,0,2023,1,47109.19,38275.47
8426,2023,1,2024,2,16952.65,52049.23
8427,2023,0,2023,1,12968.8,10319.75
8427,2023,1,2024,2,4879.6,14202.63
8428,2023,0,2023,1,109372.59,94170
8428,2023,1,2024,2,40102.96,128698.73
8429,2023,0,2023,1,29771.94,25640.72
8429,2023,1,2024,2,12960.43,36802.73
8430,2023,0,2023,1,16747.45,15000.33
8430,2023,1,2024,2,8843.43,22921.2
8431,2023,0,2023,1,3784.55,3031.43
8431,2023,1,2024,2,1298.02,4071.14
8432,2023,0,2023,1,6607.14,5374.68
8432,2023,1,2024,2,1998.53,7000.42
8433,2023,0,2023,1,1342.65,1139.25
8433,2023,1,2024,2,519.23,1579.83
8434,2023,0,2023,1,11973.3,10127.02
8434,2023,1,2024,2,4215.01,13692.07
8435,2023,0,2023,1,107059.89,88543.55
8435,2023,1,2024,2,36473.43,118708.79
8436,2023,0,2023,1,6792.81,5640.12
8436,2023,1,2024,2,3145.89,8252.18
8437,2023,0,2023,1,15871.32,13733.92
8437,2023,1,2024,2,6690,19522.97
8438,2023,0,2023,1,3505.13,3096.27
8438,2023,1,2024,2,1765.8,4656.11
8439,2023,0,2023,1,4192.77,3354.04
8439,2023,1,2024,2,1290.49,4386.38
8440,2023,0,2023,1,6690.96,5820.3
8440,2023,1,2024,2,3428.54,8802.71
8441,2023,0,2023,1,28741.62,24786.86
8441,2023,1,2024,2,12290.67,35386.37
8442,2023,0,2023,1,6818.29,5690.31
8442,2023,1,2024,2,2545.27,7814.51
8443,2023,0,2023,1,2191.87,1838.61
8443,2023,1,2024,2,844.98,2547.4
8444,2023,0,2023,1,214813.05,178216.66
8444,2023,1,2024,2,95436.15,257393.94
8445,2023,0,2023,1,14412.44,12311.85
8445,2023,1,2024,2,5984.61,17424.22
8446,2023,0,2023,1,9801.65,8110.3
8446,2023,1,2024,2,3659.08,11137.98
8447,2023,0,2023,1,6699.26,5362.18
8447,2023,1,2024,2,2530.34,7387.51
8449,2023,0,2023,1,14642.5,12158.93
8449,2023,1,2024,2,6174.23,17285.93
8450,2023,0,2023,1,23530.48,19987.78
8450,2023,1,2024,2,9766.85,28284.17
8452,2023,0,2023,1,12796.04,11284.57
8452,2023,1,2024,2,6327.58,16864.74
8453,2023,0,2023,1,28449.3,24253.8
8453,2023,1,2024,2,10326.99,33057.84
8454,2023,0,2023,1,8926.01,7494.39
8454,2023,1,2024,2,3959.17,10818.56
8456,2023,0,2023,1,25337.45,20291.41
8456,2023,1,2024,2,9593.85,27974.6
8458,2023,0,2023,1,7178.75,6210.48
8458,2023,1,2024,2,2632.5,8487.91
8459,2023,0,2023,1,12176.38,10162.13
8459,2023,1,2024,2,5048.99,14375.9
8460,2023,0,2023,1,6757.11,5332.77
8460,2023,1,2024,2,1833.72,6779.96
8461,2023,0,2023,1,17698.99,14334.55
8461,2023,1,2024,2,7713,20581.38
8462,2023,0,2023,1,26045.65,22461.56
8462,2023,1,2024,2,10673.15,31666
8463,2023,0,2023,1,1777.94,1552.95
8463,2023,1,2024,2,844.33,2290.44
8464,2023,0,2023,1,21035.08,18417.74
8464,2023,1,2024,2,8704.93,26039.53
8465,2023,0,2023,1,5848.62,4924.4
8465,2023,1,2024,2,2302.08,6862.7
8467,2023,0,2023,1,85820.86,71144.46
8467,2023,1,2024,2,30473.04,96406.25
8468,2023,0,2023,1,6159.46,5375.66
8468,2023,1,2024,2,3130.73,8108
8469,2023,0,2023,1,49333.95,42170.32
8469,2023,1,2024,2,20569.11,59752.66
8470,2023,0,2023,1,18814.47,15770.25
8470,2023,1,2024,2,7313.33,21900.26
8471,2023,0,2023,1,10409.16,8597.56
8471,2023,1,2024,2,4080.99,11968.3
8472,2023,0,2023,1,9186.6,7922.68
8472,2023,1,2024,2,4265.27,11601.13
8473,2023,0,2023,1,117795.81,100461.9
8473,2023,1,2024,2,51716.37,144568.09
8474,2023,0,2023,1,1935.34,1706.94
8474,2023,1,2024,2,898.45,2499.35
8475,2023,0,2023,1,87323.61,73935.63
8475,2023,1,2024,2,34707.1,103321.63
8476,2023,0,2023,1,17503.34,14763.56
8476,2023,1,2024,2,6396.21,20158.58
8478,2023,0,2023,1,7408.18,6273.67
8478,2023,1,2024,2,2706.49,8565.67
8480,2023,0,2023,1,6561.27,5902.16
8480,2023,1,2024,2,3301.4,8871.91
8481,2023,0,2023,1,18926.75,16253.63
8481,2023,1,2024,2,9230.93,24180.83
8482,2023,0,2023,1,29191.81,25745.22
8482,2023,1,2024,2,12329.13,36618.69
8483,2023,0,2023,1,15580.9,13536.91
8483,2023,1,2024,2,6784.36,19431.26
8484,2023,0,2023,1,13231.09,11262.83
8484,2023,1,2024,2,4881.85,15418.46
8485,2023,0,2023,1,6676.82,5335.46
8485,2023,1,2024,2,2326.72,7194.75
8486,2023,0,2023,1,17183.65,14297.67
8486,2023,1,2024,2,7422.87,20473.87
8487,2023,0,2023,1,18160.98,14871.15
8487,2023,1,2024,2,7403.9,20933.86
8488,2023,0,2023,1,1845.15,1580.34
8488,2023,1,2024,2,828.99,2290.35
8489,2023,0,2023,1,38678.53,33018.81
8489,2023,1,2024,2,19628.09,49774.78
8490,2023,0,2023,1,17260.41,14646.87
8490,2023,1,2024,2,8113.68,21531.98
8491,2023,0,2023,1,13348.58,10760.47
8491,2023,1,2024,2,3518.83,13597.05
8492,2023,0,2023,1,5530.27,4661.16
8492,2023,1,2024,2,2453.86,6729.38
8493,2023,0,2023,1,7708.66,6959.08
8493,2023,1,2024,2,3437.95,10062.73
8494,2023,0,2023,1,8582.92,7643.69
8494,2023,1,2024,2,4343.89,11512.22
8495,2023,0,2023,1,7659.41,6092.88
8495,2023,1,2024,2,3159.16,8605.91
8496,2023,0,2023,1,9711.12,7748.42
8496,2023,1,2024,2,2986.26,10131.13
8497,2023,0,2023,1,7216.47,6052.03
8497,2023,1,2024,2,2799.32,8399.65
8499,2023,0,2023,1,36067.26,30506.8
8499,2023,1,2024,2,12692.43,41242.45
8500,2023,0,2023,1,9563.41,8334.94
8500,2023,1,2024,2,3632.3,11500.66
8501,2023,0,2023,1,25273.42,20376.89
8501,2023,1,2024,2,7771.51,26642.73
8503,2023,0,2023,1,16714.28,14180.71
8503,2023,1,2024,2,7511.27,20553.42
8504,2023,0,2023,1,3774.08,3301.22
8504,2023,1,2024,2,1858.08,4926.49
8505,2023,0,2023,1,3878.23,3255.84
8505,2023,1,2024,2,1555.21,4561.47
8506,2023,0,2023,1,6557.65,5539.27
8506,2023,1,2024,2,3165.78,8213.41
8507,2023,0,2023,1,6031.32,5092.13
8507,2023,1,2024,2,2566.46,7258.95
8508,2023,0,2023,1,13751.39,11035.73
8508,2023,1,2024,2,4962.24,15018.01
8509,2023,0,2023,1,8423.14,6989.63
8509,2023,1,2024,2,3772.51,10120.1
8510,2023,0,2023,1,11410.77,10025.97
8510,2023,1,2024,2,5413.2,14782.24
8511,2023,0,2023,1,11930.8,10852.81
8511,2023,1,2024,2,5402.62,15767.28
8512,2023,0,2023,1,13589.09,11761.07
8512,2023,1,2024,2,6022.41,16973.34
8513,2023,0,2023,1,5527.67,4825.35
8513,2023,1,2024,2,2012.7,6582.33
8515,2023,0,2023,1,4867.94,4105.38
8515,2023,1,2024,2,2242.59,5996.67
8516,2023,0,2023,1,24233.99,20510.28
8516,2023,1,2024,2,11031.44,29846.68
8517,2023,0,2023,1,10926.86,8465.11
8517,2023,1,2024,2,3245.92,10979.74
8518,2023,0,2023,1,14574.66,12757.6
8518,2023,1,2024,2,6540.16,18482.39
8519,2023,0,2023,1,8365.6,6922.53
8519,2023,1,2024,2,3024.59,9425.38
8520,2023,0,2023,1,4382.32,3546.71
8520,2023,1,2024,2,1581.66,4826.78
8521,2023,0,2023,1,4333.62,3814.37
8521,2023,1,2024,2,2082.95,5647.74
8522,2023,0,2023,1,5194.14,4621.13
8522,2023,1,2024,2,2641.9,6971.57
8523,2023,0,2023,1,17155.83,14845.21
8523,2023,1,2024,2,8220.86,21958.85
8524,2023,0,2023,1,26699.36,21794.56
8524,2023,1,2024,2,10710.42,30537.43
8525,2023,0,2023,1,28294,24375.43
8525,2023,1,2024,2,11594.11,34363.82
8526,2023,0,2023,1,5606.74,4848.82
8526,2023,1,2024,2,2716.87,7198.42
8527,2023,0,2023,1,24341.81,21314.86
8527,2023,1,2024,2,12826.97,32546.78
8529,2023,0,2023,1,4092.04,3451.87
8529,2023,1,2024,2,1933.36,5082.76
8530,2023,0,2023,1,10970.08,9322.69
8530,2023,1,2024,2,4307.4,12983.24
8531,2023,0,2023,1,7230.49,6276.41
8531,2023,1,2024,2,2773.98,8684.35
8532,2023,0,2023,1,14673.51,13030.26
8532,2023,1,2024,2,7374.95,19579.31
8534,2023,0,2023,1,24393.14,21481.34
8534,2023,1,2024,2,10406.08,30645.25
8535,2023,0,2023,1,10338.79,8907.18
8535,2023,1,2024,2,4675.78,12935.51
8537,2023,0,2023,1,13260.97,11097.65
8537,2023,1,2024,2,4829.09,15138.96
8539,2023,0,2023,1,14555.9,11692.74
8539,2023,1,2024,2,5084.95,15777.47
8540,2023,0,2023,1,39412.22,33896.74
8540,2023,1,2024,2,16031.15,47684.44
8541,2023,0,2023,1,9852.96,8483.59
8541,2023,1,2024,2,3971.35,11903.01
8542,2023,0,2023,1,6703.43,5751.52
8542,2023,1,2024,2,2847.25,8194.45
8543,2023,0,2023,1,5719.67,4928.13
8543,2023,1,2024,2,2730.29,7280.57
8544,2023,0,2023,1,23350.92,19056.06
8544,2023,1,2024,2,10444.99,27579.93
8545,2023,0,2023,1,10158.86,8659.89
8545,2023,1,2024,2,4652.31,12625.74
8546,2023,0,2023,1,9089.6,7476.21
8546,2023,1,2024,2,2954.11,9905.97
8547,2023,0,2023,1,5089.04,4571.86
8547,2023,1,2024,2,2370.37,6701.34
8548,2023,0,2023,1,21098.68,18024.32
8548,2023,1,2024,2,10181.47,26722.22
8550,2023,0,2023,1,8145.52,6909.15
8550,2023,1,2024,2,3890.63,10209.23
8551,2023,0,2023,1,10213.51,9080.31
8551,2023,1,2024,2,5013.15,13537.24
8552,2023,0,2023,1,6879.9,5811.36
8552,2023,1,2024,2,2556.5,7970.81
8553,2023,0,2023,1,27275.51,22679.47
8553,2023,1,2024,2,9412.88,30506.23
8554,2023,0,2023,1,9421.7,8040.45
8554,2023,1,2024,2,4997.99,12305.71
8555,2023,0,2023,1,3455.59,2759.22
8555,2023,1,2024,2,1383.25,3863.72
8556,2023,0,2023,1,32689.61,28058.22
8556,2023,1,2024,2,13874.25,39966.79
8557,2023,0,2023,1,2145.46,1861.25
8557,2023,1,2024,2,1068.04,2787.8
8558,2023,0,2023,1,8654.03,6915.98
8558,2023,1,2024,2,2579.07,8977.08
8559,2023,0,2023,1,13927.06,11060.99
8559,2023,1,2024,2,4669.54,14769.58
8561,2023,0,2023,1,12099.4,10507.48
8561,2023,1,2024,2,4325.31,14263.71
8562,2023,0,2023,1,28100.89,23976.65
8562,2023,1,2024,2,12312.5,34482.1
8563,2023,0,2023,1,11001.74,9670.95
8563,2023,1,2024,2,5084.07,14140.04
8565,2023,0,2023,1,3039.64,2509.58
8565,2023,1,2024,2,1115.68,3430.71
8566,2023,0,2023,1,16839.15,14724.19
8566,2023,1,2024,2,6500.08,20407.88
8567,2023,0,2023,1,4515.36,3817.91
8567,2023,1,2024,2,2047.37,5549.04
8568,2023,0,2023,1,10233.11,8756.67
8568,2023,1,2024,2,3707.07,11928.89
8569,2023,0,2023,1,6914.51,6084.85
8569,2023,1,2024,2,3346.28,9029.61
8570,2023,0,2023,1,80625.77,68071.23
8570,2023,1,2024,2,32536.78,95541.59
8572,2023,0,2023,1,9281.82,8202.11
8572,2023,1,2024,2,3928.03,11673.2
8573,2023,0,2023,1,6146.96,5427.73
8573,2023,1,2024,2,2535.63,7666.68
8574,2023,0,2023,1,8034.19,6718.92
8574,2023,1,2024,2,3550.9,9688.5
8575,2023,0,2023,1,9564.82,8195.09
8575,2023,1,2024,2,4455.76,12012.76
8576,2023,0,2023,1,11195.33,9316.29
8576,2023,1,2024,2,3946.76,12600.61
8577,2023,0,2023,1,21437.02,17773.38
8577,2023,1,2024,2,8753.38,25030.78
8578,2023,0,2023,1,40525.41,34279.89
8578,2023,1,2024,2,15474.91,47369.91
8579,2023,0,2023,1,10171.99,8816.19
8579,2023,1,2024,2,4378.64,12611.21
8581,2023,0,2023,1,7764.55,6290.95
8581,2023,1,2024,2,2341,8187.66
8582,2023,0,2023,1,13201.37,10916.48
8582,2023,1,2024,2,5927.28,15817.87
8585,2023,0,2023,1,19098.64,16066.79
8585,2023,1,2024,2,6718.9,21719.09
8586,2023,0,2023,1,14751.61,13066.4
8586,2023,1,2024,2,8232.6,20358.53
8588,2023,0,2023,1,18101.82,15445.93
8588,2023,1,2024,2,8914.36,23052.38
8589,2023,0,2023,1,6663.92,5786.36
8589,2023,1,2024,2,3621.22,8930.7
8590,2023,0,2023,1,3631.42,3188.52
8590,2023,1,2024,2,1501.45,4506.85
8592,2023,0,2023,1,6869.22,5810.96
8592,2023,1,2024,2,2440.82,7875.74
8593,2023,0,2023,1,9318.89,7469.79
8593,2023,1,2024,2,3029.89,9898.48
8594,2023,0,2023,1,4956.35,4060.96
8594,2023,1,2024,2,1991.94,5693.04
8595,2023,0,2023,1,11483.61,9790.72
8595,2023,1,2024,2,4142.04,13322.14
8596,2023,0,2023,1,3646.69,3198.21
8596,2023,1,2024,2,1553.45,4560.6
8597,2023,0,2023,1,10247.96,8468.49
8597,2023,1,2024,2,3414.72,11290.27
8598,2023,0,2023,1,56.6,47.3
8598,2023,1,2024,2,25.14,68.31
8599,2023,0,2023,1,7736.93,6548.71
8599,2023,1,2024,2,3418.53,9442.23
8601,2023,0,2023,1,18470.08,16495.38
8601,2023,1,2024,2,9731.29,25186.27
8602,2023,0,2023,1,15174.63,12555.29
8602,2023,1,2024,2,5189.69,16849.16
8603,2023,0,2023,1,15336.72,12557.27
8603,2023,1,2024,2,5042.76,16686.15
8604,2023,0,2023,1,15909.88,13807.94
8604,2023,1,2024,2,6025.84,19037.67
8605,2023,0,2023,1,22383.56,20168.48
8605,2023,1,2024,2,13271.34,32126.48
8606,2023,0,2023,1,6613.23,5488.3
8606,2023,1,2024,2,2416.13,7493.44
8607,2023,0,2023,1,4300.91,3722.15
8607,2023,1,2024,2,1757.71,5243.33
8608,2023,0,2023,1,24630.64,21195.63
8608,2023,1,2024,2,10818.44,30505.32
8609,2023,0,2023,1,21571.54,17657.84
8609,2023,1,2024,2,8307.81,24458.38
8610,2023,0,2023,1,7156.67,6226.29
8610,2023,1,2024,2,2880.8,8732.58
8613,2023,0,2023,1,26803.34,23099.23
8613,2023,1,2024,2,12240.64,33648.26
8614,2023,0,2023,1,1017.97,836.9
8614,2023,1,2024,2,393.43,1160.35
8616,2023,0,2023,1,7415.54,6273.21
8616,2023,1,2024,2,3453.37,9194.61
8617,2023,0,2023,1,6087.26,5253.86
8617,2023,1,2024,2,2765.31,7640.57
8618,2023,0,2023,1,10045.62,8850.56
8618,2023,1,2024,2,5003.16,13258.53
8619,2023,0,2023,1,16297,14240.22
8619,2023,1,2024,2,7340.75,20654.53
8620,2023,0,2023,1,9331.88,7950.41
8620,2023,1,2024,2,3931.76,11300.12
8623,2023,0,2023,1,2021.03,1690.86
8623,2023,1,2024,2,811.73,2369.99
8624,2023,0,2023,1,4625.87,4028.21
8624,2023,1,2024,2,1839.69,5630.22
8625,2023,0,2023,1,105450.18,88816
8625,2023,1,2024,2,36230.05,119330.96
8626,2023,0,2023,1,15856.58,13948.24
8626,2023,1,2024,2,7601.67,20635.05
8627,2023,0,2023,1,18439.94,14593.3
8627,2023,1,2024,2,4604.82,18237.54
8628,2023,0,2023,1,2665.26,2322.97
8628,2023,1,2024,2,1145.36,3321.24
8629,2023,0,2023,1,23664.47,20251.71
8629,2023,1,2024,2,9258,28174.58
8630,2023,0,2023,1,15355.46,12859.91
8630,2023,1,2024,2,6821.51,18572.8
8631,2023,0,2023,1,10912.55,9143.48
8631,2023,1,2024,2,4767.65,13138.24
8632,2023,0,2023,1,22486.14,18765.66
8632,2023,1,2024,2,8411.6,25785.51
8634,2023,0,2023,1,10595.81,8140.07
8634,2023,1,2024,2,3017.54,10458.25
8636,2023,0,2023,1,3924.71,3383.73
8636,2023,1,2024,2,1461.62,4643.88
8638,2023,0,2023,1,2472.36,2123.07
8638,2023,1,2024,2,1098.87,3066.69
8639,2023,0,2023,1,7292.11,6234.57
8639,2023,1,2024,2,3463.37,9195.66
8640,2023,0,2023,1,27893.41,23493.38
8640,2023,1,2024,2,11366.34,33066.73
8641,2023,0,2023,1,21448.76,18075.1
8641,2023,1,2024,2,9240.05,25861.79
8642,2023,0,2023,1,40341.54,35042.79
8642,2023,1,2024,2,19575.97,52047.5
8643,2023,0,2023,1,30167.73,26259.63
8643,2023,1,2024,2,11338.75,36129.5
8644,2023,0,2023,1,11773.25,10404.91
8644,2023,1,2024,2,5515.69,15279.55
8645,2023,0,2023,1,8175.82,6882.46
8645,2023,1,2024,2,3396.45,9741.61
8646,2023,0,2023,1,6107.35,5279.34
8646,2023,1,2024,2,2269.59,7241.22
8648,2023,0,2023,1,4390.3,3755.04
8648,2023,1,2024,2,2183.88,5622.92
8649,2023,0,2023,1,26980.95,23507.11
8649,2023,1,2024,2,10482.35,32639.84
8650,2023,0,2023,1,8436.27,7126.49
8650,2023,1,2024,2,3887.22,10410.2
8651,2023,0,2023,1,10192.09,8287.73
8651,2023,1,2024,2,3410,11060.58
8652,2023,0,2023,1,34526.49,29169.18
8652,2023,1,2024,2,13973.33,40974.33
8653,2023,0,2023,1,5062.94,4451.45
8653,2023,1,2024,2,2442.64,6599.08
8654,2023,0,2023,1,29828.16,26866.23
8654,2023,1,2024,2,15741.9,41044.96
8656,2023,0,2023,1,14059.42,11789.9
8656,2023,1,2024,2,6150.71,16947.74
8658,2023,0,2023,1,3364.62,2964.12
8658,2023,1,2024,2,1470.7,4259.76
8659,2023,0,2023,1,16413.23,13394.08
8659,2023,1,2024,2,7345.7,19388.56
8661,2023,0,2023,1,5923.16,5039.99
8661,2023,1,2024,2,2859.92,7473.49
8662,2023,0,2023,1,11113.08,8922.65
8662,2023,1,2024,2,3118.66,11426.61
8663,2023,0,2023,1,952.87,845.62
8663,2023,1,2024,2,476.32,1268.32
8664,2023,0,2023,1,37754.05,30541.52
8664,2023,1,2024,2,13577.63,41525.28
8665,2023,0,2023,1,5291.93,4437.78
8665,2023,1,2024,2,2085.51,6186.68
8667,2023,0,2023,1,1771.85,1492.15
8667,2023,1,2024,2,675.18,2060.75
8668,2023,0,2023,1,19166.03,15957.81
8668,2023,1,2024,2,8208.62,22792.38
8669,2023,0,2023,1,25439.39,21330.59
8669,2023,1,2024,2,10488.99,30125.46
8670,2023,0,2023,1,4690.06,3699.66
8670,2023,1,2024,2,1311.38,4734.11
8671,2023,0,2023,1,3208.88,2728.2
8671,2023,1,2024,2,1248.56,3789.73
8672,2023,0,2023,1,156362.4,131349.99
8672,2023,1,2024,2,60193.67,181914.81
8673,2023,0,2023,1,9574.38,8545.87
8673,2023,1,2024,2,4637.53,12685.22
8674,2023,0,2023,1,29880.97,25571.66
8674,2023,1,2024,2,12740.11,36474.44
8675,2023,0,2023,1,14198.35,12420.97
8675,2023,1,2024,2,7035.44,18575.69
8676,2023,0,2023,1,29887.39,25112.64
8676,2023,1,2024,2,13094.59,36115.27
8677,2023,0,2023,1,17258.26,14298.7
8677,2023,1,2024,2,5256.07,18653.42
8678,2023,0,2023,1,4129.43,3686.85
8678,2023,1,2024,2,2101.84,5563.43
8679,2023,0,2023,1,11004.73,9297.14
8679,2023,1,2024,2,4762.29,13320.48
8680,2023,0,2023,1,6199.93,5324.17
8680,2023,1,2024,2,3099.08,7985.5
8682,2023,0,2023,1,25832.6,21448.55
8682,2023,1,2024,2,11272.14,30807.7
8683,2023,0,2023,1,10209.81,9096.49
8683,2023,1,2024,2,4783.43,13358.32
8684,2023,0,2023,1,34073.22,29591.57
8684,2023,1,2024,2,13629.91,41428.74
8685,2023,0,2023,1,13608.03,11831.29
8685,2023,1,2024,2,7353.05,18224.28
8686,2023,0,2023,1,15896.42,13134.06
8686,2023,1,2024,2,6117.05,18188.13
8687,2023,0,2023,1,4522.76,3969.93
8687,2023,1,2024,2,1994.68,5720.79
8688,2023,0,2023,1,20734.54,18344.19
8688,2023,1,2024,2,10125.88,27302.73
8689,2023,0,2023,1,15539.41,13134.95
8689,2023,1,2024,2,6633.44,18741.97
8690,2023,0,2023,1,8468.42,7041.9
8690,2023,1,2024,2,2699.22,9286.43
8693,2023,0,2023,1,17553.53,15371.82
8693,2023,1,2024,2,8799.54,23077.69
8694,2023,0,2023,1,2705.26,2250.57
8694,2023,1,2024,2,1014.5,3094.56
8698,2023,0,2023,1,26586.4,21948.98
8698,2023,1,2024,2,8643.37,29084.7
8699,2023,0,2023,1,7683.75,6584.18
8699,2023,1,2024,2,3516.84,9597.75
8700,2023,0,2023,1,2559.65,2185.18
8700,2023,1,2024,2,990.07,3030.41
8701,2023,0,2023,1,20982.95,17352.14
8701,2023,1,2024,2,9020.46,24811.73
8702,2023,0,2023,1,10994.4,9447.94
8702,2023,1,2024,2,4658.36,13451.07
8703,2023,0,2023,1,14550.53,12755.85
8703,2023,1,2024,2,6056.54,18065.36
8704,2023,0,2023,1,18833.24,16130.18
8704,2023,1,2024,2,6720.9,21886.45
8705,2023,0,2023,1,13357.34,10868.27
8705,2023,1,2024,2,5038.32,14967.72
8706,2023,0,2023,1,13634.68,11751.76
8706,2023,1,2024,2,6069.07,16982.71
8707,2023,0,2023,1,9303.08,7838.44
8707,2023,1,2024,2,3547.04,10827.05
8708,2023,0,2023,1,11580.11,9921.47
8708,2023,1,2024,2,5095.77,14287.36
8709,2023,0,2023,1,12277.72,10329.35
8709,2023,1,2024,2,4893.54,14446.33
8710,2023,0,2023,1,21389.52,17939.61
8710,2023,1,2024,2,10380.72,26646.03
8711,2023,0,2023,1,14751.54,13352.57
8711,2023,1,2024,2,7175.47,19847.54
8712,2023,0,2023,1,12700.82,11083.79
8712,2023,1,2024,2,5722.81,16077.99
8713,2023,0,2023,1,16335.16,14134.45
8713,2023,1,2024,2,8033.45,21085.62
8714,2023,0,2023,1,7747.83,6364.66
8714,2023,1,2024,2,2957.84,8794.45
8715,2023,0,2023,1,29148.02,25329.08
8715,2023,1,2024,2,13875.87,37386.94
8716,2023,0,2023,1,2299.41,1934.35
8716,2023,1,2024,2,835.57,2637.26
8717,2023,0,2023,1,1488.03,1241.97
8717,2023,1,2024,2,630.14,1767.9
8718,2023,0,2023,1,8407.27,7225.81
8718,2023,1,2024,2,3633.28,10348.51
8719,2023,0,2023,1,2939.67,2488.04
8719,2023,1,2024,2,1188.89,3494.28
8720,2023,0,2023,1,7039,5912.05
8720,2023,1,2024,2,2437.89,7959.64
8722,2023,0,2023,1,48260.9,40289.93
8722,2023,1,2024,2,19407.76,56492.22
8723,2023,0,2023,1,86288.57,71727.47
8723,2023,1,2024,2,29746.56,96454.33
8724,2023,0,2023,1,14362.65,12121.92
8724,2023,1,2024,2,6179.32,17337.19
8725,2023,0,2023,1,8177.1,7025.54
8725,2023,1,2024,2,2662.93,9313.45
8726,2023,0,2023,1,3648.49,3226.58
8726,2023,1,2024,2,1483.83,4538.82
8728,2023,0,2023,1,31923.05,26347.94
8728,2023,1,2024,2,10419.25,34947.54
8730,2023,0,2023,1,6554.48,5743.96
8730,2023,1,2024,2,3406.3,8729.04
8731,2023,0,2023,1,24987.78,21310.2
8731,2023,1,2024,2,10833.05,30548.89
8732,2023,0,2023,1,7504.99,6360.92
8732,2023,1,2024,2,2571.86,8540.72
8733,2023,0,2023,1,7649.29,6508.65
8733,2023,1,2024,2,3251.22,9275.06
8734,2023,0,2023,1,21892.85,17586.42
8734,2023,1,2024,2,7708.33,23778.49
8736,2023,0,2023,1,23212.26,20838.55
8736,2023,1,2024,2,11234.97,30924.61
8737,2023,0,2023,1,5084.47,4310.18
8737,2023,1,2024,2,1750.76,5794.33
8739,2023,0,2023,1,7411.83,6587.91
8739,2023,1,2024,2,3235.44,9463.68
8740,2023,0,2023,1,26899.91,21972.45
8740,2023,1,2024,2,7326.19,27956.65
8743,2023,0,2023,1,14282.94,11422.58
8743,2023,1,2024,2,4393.49,14936.21
8744,2023,0,2023,1,10105.58,8522.77
8744,2023,1,2024,2,3850.22,11769.93
8745,2023,0,2023,1,11516.35,9418.72
8745,2023,1,2024,2,3786.6,12515.61
8746,2023,0,2023,1,130.71,108.12
8746,2023,1,2024,2,45.46,145.72
8747,2023,0,2023,1,9573.31,8199.29
8747,2023,1,2024,2,4007.05,11631.22
8748,2023,0,2023,1,14060.37,11648.5
8748,2023,1,2024,2,5024.3,15810.95
8749,2023,0,2023,1,8915.9,7452.1
8749,2023,1,2024,2,3445.27,10331.74
8750,2023,0,2023,1,1692.39,1500.28
8750,2023,1,2024,2,685.76,2108.19
8751,2023,0,2023,1,9028.4,7812.48
8751,2023,1,2024,2,3690.8,11006.22
8752,2023,0,2023,1,9280.45,8129.76
8752,2023,1,2024,2,3784.66,11445.15
8753,2023,0,2023,1,13561.09,11352.37
8753,2023,1,2024,2,5998.77,16374.11
8754,2023,0,2023,1,7280.7,6149.75
8754,2023,1,2024,2,2388.37,8167.12
8756,2023,0,2023,1,31744.49,28520.6
8756,2023,1,2024,2,15172.09,42151.85
8757,2023,0,2023,1,8527.54,7018.72
8757,2023,1,2024,2,2819.58,9339.41
8758,2023,0,2023,1,14782.39,12477.96
8758,2023,1,2024,2,6660.91,18100.49
8759,2023,0,2023,1,91547.79,77162.75
8759,2023,1,2024,2,40580.86,111367.07
8760,2023,0,2023,1,4861.63,4158.75
8760,2023,1,2024,2,1958.07,5833.72
8761,2023,0,2023,1,186201.53,163695.29
8761,2023,1,2024,2,62592.19,218721.94
8762,2023,0,2023,1,20320.88,17773.9
8762,2023,1,2024,2,11653.28,27966.58
8763,2023,0,2023,1,104594.45,88718.13
8763,2023,1,2024,2,40651.24,123198.95
8764,2023,0,2023,1,15473.02,12914.42
8764,2023,1,2024,2,5680.02,17655.2
8765,2023,0,2023,1,29167.31,24042.28
8765,2023,1,2024,2,11543.09,33557.11
8766,2023,0,2023,1,9262.02,7414.82
8766,2023,1,2024,2,2992.93,9810.85
8768,2023,0,2023,1,5051.78,4260.89
8768,2023,1,2024,2,1702.39,5696.76
8769,2023,0,2023,1,29632.29,26191.89
8769,2023,1,2024,2,11793.03,36615.72
8770,2023,0,2023,1,47292.38,38686.2
8770,2023,1,2024,2,21543.7,56309.43
8771,2023,0,2023,1,8457.99,7184.88
8771,2023,1,2024,2,3768.09,10385.8
8772,2023,0,2023,1,44310.83,38872.71
8772,2023,1,2024,2,22428.04,58548.23
8773,2023,0,2023,1,36800.78,31954.68
8773,2023,1,2024,2,18299.84,47844.72
8775,2023,0,2023,1,4691.14,4095.17
8775,2023,1,2024,2,2149.01,5971.16
8776,2023,0,2023,1,107590.44,91720.24
8776,2023,1,2024,2,45463.48,130477.61
8777,2023,0,2023,1,28725.48,25346.81
8777,2023,1,2024,2,12766.96,36612.13
8778,2023,0,2023,1,18952.71,15885.26
8778,2023,1,2024,2,7944.93,22544.33
8779,2023,0,2023,1,11864.23,10580.66
8779,2023,1,2024,2,6963.63,16790.9
8780,2023,0,2023,1,18103.45,15201.16
8780,2023,1,2024,2,7061.81,21130.84
8781,2023,0,2023,1,13507,11255.41
8781,2023,1,2024,2,5548.97,15879.37
8782,2023,0,2023,1,2170.84,1893.54
8782,2023,1,2024,2,1037.16,2798.21
8786,2023,0,2023,1,16512.94,14129.63
8786,2023,1,2024,2,6212.23,19445.25
8790,2023,0,2023,1,9938.71,8595.42
8790,2023,1,2024,2,4235.74,12258.67
8791,2023,0,2023,1,5604.63,4918.84
8791,2023,1,2024,2,2303.11,6940.15
8793,2023,0,2023,1,5769.87,4949.97
8793,2023,1,2024,2,2023.91,6686.28
8794,2023,0,2023,1,6557.91,5764.9
8794,2023,1,2024,2,2822.71,8246.27
8795,2023,0,2023,1,271.4,243.9
8795,2023,1,2024,2,130.24,360.94
8796,2023,0,2023,1,4261.8,3496.13
8796,2023,1,2024,2,1420.3,4661.26
8797,2023,0,2023,1,4858.92,4113.93
8797,2023,1,2024,2,2246.53,6016.01
8798,2023,0,2023,1,5132.84,4372.74
8798,2023,1,2024,2,1944.91,6029.64
8802,2023,0,2023,1,22442.8,19250.93
8802,2023,1,2024,2,9346.68,27268.3
8803,2023,0,2023,1,31571.16,27995.05
8803,2023,1,2024,2,17608.4,43608.93
8804,2023,0,2023,1,17738.59,15955.57
8804,2023,1,2024,2,8806.51,23876.88
8805,2023,0,2023,1,2172.09,1920.1
8805,2023,1,2024,2,1065.89,2862.34
8806,2023,0,2023,1,28668.26,24297.77
8806,2023,1,2024,2,13248.04,35526.14
8808,2023,0,2023,1,18325.44,16120.76
8808,2023,1,2024,2,7459.16,22682.53
8809,2023,0,2023,1,31286.41,26941.35
8809,2023,1,2024,2,15102.03,39946.01
8810,2023,0,2023,1,9597.63,7828.78
8810,2023,1,2024,2,3793.39,10923.04
8811,2023,0,2023,1,2663.48,2434.43
8811,2023,1,2024,2,1395.99,3710.36
8812,2023,0,2023,1,6138.84,5129.45
8812,2023,1,2024,2,2957.01,7600.25
8813,2023,0,2023,1,105577.22,91356.76
8813,2023,1,2024,2,43915.32,129357.01
8814,2023,0,2023,1,4990.29,4169.22
8814,2023,1,2024,2,1862.85,5725.57
8815,2023,0,2023,1,6253.62,5573.24
8815,2023,1,2024,2,2904.95,8162.14
8816,2023,0,2023,1,2309.55,1891.07
8816,2023,1,2024,2,704.84,2468.2
8817,2023,0,2023,1,8490.7,7503.27
8817,2023,1,2024,2,3818.32,10877.54
8818,2023,0,2023,1,12198.9,10271.87
8818,2023,1,2024,2,4948.16,14438.37
8820,2023,0,2023,1,9725.2,8245.98
8820,2023,1,2024,2,4286.98,11880.9
8822,2023,0,2023,1,103946.11,91401.44
8822,2023,1,2024,2,46505.81,132294.73
8824,2023,0,2023,1,22098.74,18521.55
8824,2023,1,2024,2,8231.28,25420.4
8828,2023,0,2023,1,19005.73,16716.17
8828,2023,1,2024,2,8402.83,24106.74
8829,2023,0,2023,1,15872.56,13514.19
8829,2023,1,2024,2,6063.33,18676.61
8831,2023,0,2023,1,6870.29,6138.11
8831,2023,1,2024,2,3493.25,9259.08
8832,2023,0,2023,1,1952.06,1729.09
8832,2023,1,2024,2,814.69,2450.71
8833,2023,0,2023,1,2271.45,1929.62
8833,2023,1,2024,2,956.73,2742.37
8834,2023,0,2023,1,12962.21,11162.1
8834,2023,1,2024,2,6708.22,16938.73
8835,2023,0,2023,1,17783.55,15373.55
8835,2023,1,2024,2,7208.32,21605
8836,2023,0,2023,1,22906.68,18204.62
8836,2023,1,2024,2,7853.05,24445.68
8837,2023,0,2023,1,5843.15,4839.44
8837,2023,1,2024,2,2021.53,6513.72
8839,2023,0,2023,1,2922.89,2528.05
8839,2023,1,2024,2,1357.97,3702.58
8840,2023,0,2023,1,10323.79,8579.22
8840,2023,1,2024,2,3631.06,11596.68
8841,2023,0,2023,1,30786.12,26236.04
8841,2023,1,2024,2,12993.19,37308.88
8842,2023,0,2023,1,9831.48,7991.51
8842,2023,1,2024,2,3407.81,10761.54
8843,2023,0,2023,1,10304.93,8361.19
8843,2023,1,2024,2,3385.85,11108.39
8844,2023,0,2023,1,2208.66,1843.71
8844,2023,1,2024,2,985.25,2666.16
8845,2023,0,2023,1,30262.92,25927.41
8845,2023,1,2024,2,16114.64,39733.44
8846,2023,0,2023,1,7926.1,6396.23
8846,2023,1,2024,2,3170.24,8954.56
8847,2023,0,2023,1,11241,9529.2
8847,2023,1,2024,2,4157.73,13053.77
8849,2023,0,2023,1,2718.24,2357.71
8849,2023,1,2024,2,1287.69,3474.61
8851,2023,0,2023,1,3042.57,2617.9
8851,2023,1,2024,2,1214.41,3662.8
8853,2023,0,2023,1,2324.2,1984.14
8853,2023,1,2024,2,949.92,2795.07
8854,2023,0,2023,1,7549.74,6545.15
8854,2023,1,2024,2,3066.33,9203.47
8855,2023,0,2023,1,6806.96,6059.04
8855,2023,1,2024,2,3168.35,8879.27
8856,2023,0,2023,1,6049.69,5292.68
8856,2023,1,2024,2,2537.6,7512.74
8857,2023,0,2023,1,24007.29,20509.54
8857,2023,1,2024,2,9282.47,28439.6
8858,2023,0,2023,1,7322.67,6242.61
8858,2023,1,2024,2,3571.83,9287.62
8859,2023,0,2023,1,2736.47,2347.86
8859,2023,1,2024,2,1252.09,3422.14
8860,2023,0,2023,1,23929.77,19694.36
8860,2023,1,2024,2,7686.21,26020.16
8862,2023,0,2023,1,29920.41,25799.77
8862,2023,1,2024,2,15865.68,39480.44
8865,2023,0,2023,1,2895.82,2497.74
8865,2023,1,2024,2,1284.53,3605.7
8866,2023,0,2023,1,52439.25,46024.7
8866,2023,1,2024,2,24856.96,67841.07
8867,2023,0,2023,1,7312.94,6172.34
8867,2023,1,2024,2,2927.77,8643.46
8869,2023,0,2023,1,31292.87,25943.69
8869,2023,1,2024,2,10232.85,34427.35
8870,2023,0,2023,1,1762.73,1493.97
8870,2023,1,2024,2,837.07,2203.41
8871,2023,0,2023,1,71781.67,61369.31
8871,2023,1,2024,2,34525.67,90886.82
8874,2023,0,2023,1,61111.87,50808.72
8874,2023,1,2024,2,22761.15,69732.46
8876,2023,0,2023,1,12770.91,10729.54
8876,2023,1,2024,2,5057.69,14978.79
8877,2023,0,2023,1,8506.28,6885.14
8877,2023,1,2024,2,2616.95,9003.35
8878,2023,0,2023,1,11340.91,9756.81
8878,2023,1,2024,2,5027.24,14081.84
8879,2023,0,2023,1,20423.17,17178.72
8879,2023,1,2024,2,8673.43,24474.27
8883,2023,0,2023,1,112706.29,94541.8
8883,2023,1,2024,2,36122.79,124842.8
8885,2023,0,2023,1,3698.93,3073.15
8885,2023,1,2024,2,1591.16,4395.12
8886,2023,0,2023,1,2379.65,2111.76
8886,2023,1,2024,2,1038.85,3033.66
8887,2023,0,2023,1,15364.26,13231.59
8887,2023,1,2024,2,7296.73,19515.48
8889,2023,0,2023,1,1465.03,1178.24
8889,2023,1,2024,2,503.82,1583.44
8890,2023,0,2023,1,19835.06,17418.17
8890,2023,1,2024,2,8316.08,24720.95
8891,2023,0,2023,1,11531.26,9810.88
8891,2023,1,2024,2,4216.7,13398.49
8896,2023,0,2023,1,24218.67,20682.33
8896,2023,1,2024,2,11490.69,30495.17
8898,2023,0,2023,1,2553.11,2190.09
8898,2023,1,2024,2,1264.32,3274.65
8900,2023,0,2023,1,19081.07,15310.43
8900,2023,1,2024,2,6737.37,20716.41
8901,2023,0,2023,1,16131.42,13724.38
8901,2023,1,2024,2,6958.53,19644.6
8902,2023,0,2023,1,20347.05,18228.5
8902,2023,1,2024,2,9542.43,26777.36
8903,2023,0,2023,1,3863.5,3367.98
8903,2023,1,2024,2,1826.98,4960.63
8904,2023,0,2023,1,1773.02,1494.91
8904,2023,1,2024,2,797.67,2167.47
8906,2023,0,2023,1,4773.14,4045.65
8906,2023,1,2024,2,1815.81,5584.7
8907,2023,0,2023,1,11968.63,10229.21
8907,2023,1,2024,2,4845.78,14370.73
8908,2023,0,2023,1,35913.24,31101.9
8908,2023,1,2024,2,16588.35,45467.88
8909,2023,0,2023,1,4626.69,3723.6
8909,2023,1,2024,2,1268.21,4744.27
8911,2023,0,2023,1,66123.98,56672.13
8911,2023,1,2024,2,29019.9,81543.89
8912,2023,0,2023,1,7616.3,6363.67
8912,2023,1,2024,2,2840.93,8737.36
8913,2023,0,2023,1,7307.21,5602.82
8913,2023,1,2024,2,2364.58,7415.86
8914,2023,0,2023,1,2859.74,2323.41
8914,2023,1,2024,2,702.55,2894.2
8916,2023,0,2023,1,7441.04,6200.74
8916,2023,1,2024,2,3156.48,8831.08
8918,2023,0,2023,1,13934.81,11666.09
8918,2023,1,2024,2,5166.58,15991.5
8919,2023,0,2023,1,17213.07,14418.21
8919,2023,1,2024,2,8392.75,21448.24
8920,2023,0,2023,1,5359.67,4739.41
8920,2023,1,2024,2,2418.52,6878.05
8921,2023,0,2023,1,34593.98,29626.2
8921,2023,1,2024,2,13370.88,41076.99
8923,2023,0,2023,1,561.36,470.58
8923,2023,1,2024,2,205.63,642.96
8924,2023,0,2023,1,1083.58,958.91
8924,2023,1,2024,2,487.21,1390.07
8925,2023,0,2023,1,12886.74,10809.51
8925,2023,1,2024,2,5726.15,15612.66
8926,2023,0,2023,1,17320.46,13915.12
8926,2023,1,2024,2,5063.16,17982.82
8927,2023,0,2023,1,10160.81,8799.5
8927,2023,1,2024,2,4169.51,12410.39
8928,2023,0,2023,1,233293.91,198495.74
8928,2023,1,2024,2,96318.25,280447.14
8929,2023,0,2023,1,55142.02,47867.44
8929,2023,1,2024,2,28910.55,72963.99
8930,2023,0,2023,1,12229.02,10640.97
8930,2023,1,2024,2,5459.2,15391.24
8931,2023,0,2023,1,7783.75,6523.81
8931,2023,1,2024,2,3014.73,9050.54
8932,2023,0,2023,1,12360.75,10752.2
8932,2023,1,2024,2,4788.65,14917.68
8933,2023,0,2023,1,22935.93,18888.14
8933,2023,1,2024,2,8171.54,25617.55
8934,2023,0,2023,1,26902.01,22688.17
8934,2023,1,2024,2,11334,32246.86
8935,2023,0,2023,1,6325.81,5270.71
8935,2023,1,2024,2,2688.35,7510.66
8936,2023,0,2023,1,1384.2,1201.69
8936,2023,1,2024,2,637.07,1754.76
8937,2023,0,2023,1,27623.98,23544.85
8937,2023,1,2024,2,13063.8,34679.58
8938,2023,0,2023,1,103488.65,87891.83
8938,2023,1,2024,2,35634.73,118156.03
8941,2023,0,2023,1,8900,7432.96
8941,2023,1,2024,2,3698.97,10522.2
8942,2023,0,2023,1,10519.42,9248.58
8942,2023,1,2024,2,4597.71,13290.85
8946,2023,0,2023,1,10705.04,8773.67
8946,2023,1,2024,2,3966.34,12024.41
8947,2023,0,2023,1,9871,8510.68
8947,2023,1,2024,2,3737.02,11732.71
8948,2023,0,2023,1,81843.07,67112.42
8948,2023,1,2024,2,39403.8,99424.07
8950,2023,0,2023,1,4074.12,3457.98
8950,2023,1,2024,2,1751.08,4944.25
8951,2023,0,2023,1,22527.45,18898.15
8951,2023,1,2024,2,8063.84,25662.86
8952,2023,0,2023,1,30405.98,25399.65
8952,2023,1,2024,2,13502.65,36679.09
8953,2023,0,2023,1,15519.34,13503.67
8953,2023,1,2024,2,6854.91,19468.26
8955,2023,0,2023,1,4070.79,3504.24
8955,2023,1,2024,2,1714.95,4980.52
8958,2023,0,2023,1,13084.67,11201.56
8958,2023,1,2024,2,5819.68,16183.69
8959,2023,0,2023,1,10526.59,9340.49
8959,2023,1,2024,2,4893.31,13682.44
8961,2023,0,2023,1,23987.14,19313.73
8961,2023,1,2024,2,7924.68,25694.44
8963,2023,0,2023,1,9701.78,8137.35
8963,2023,1,2024,2,4233.96,11688.58
8966,2023,0,2023,1,5510.58,4654.94
8966,2023,1,2024,2,1996.25,6341.23
8967,2023,0,2023,1,34192.08,28057.1
8967,2023,1,2024,2,13605.33,39221.27
8968,2023,0,2023,1,15264.9,12920.9
8968,2023,1,2024,2,6524.72,18443.72
8971,2023,0,2023,1,3616.61,2961.35
8971,2023,1,2024,2,1594.01,4266.56
8972,2023,0,2023,1,62636.15,54277.69
8972,2023,1,2024,2,26553.92,77288.12
8973,2023,0,2023,1,18096.5,15819.46
8973,2023,1,2024,2,8422.53,23182.2
8974,2023,0,2023,1,87911.63,73576.63
8974,2023,1,2024,2,37135.42,104656.69
8975,2023,0,2023,1,6933.83,6046.39
8975,2023,1,2024,2,4062.61,9589.05
8976,2023,0,2023,1,26517.9,22061.88
8976,2023,1,2024,2,10454.14,30759.33
8977,2023,0,2023,1,4637.69,4090.81
8977,2023,1,2024,2,2204.94,6035.73
8979,2023,0,2023,1,18267.48,15392.22
8979,2023,1,2024,2,6878.39,21187.96
8980,2023,0,2023,1,4735.12,3969.7
8980,2023,1,2024,2,1699.42,5394.42
8982,2023,0,2023,1,8205.46,7052.72
8982,2023,1,2024,2,3370.06,9949.33
8983,2023,0,2023,1,4497.96,3891.69
8983,2023,1,2024,2,2201.93,5796.82
8984,2023,0,2023,1,8035.08,6612.06
8984,2023,1,2024,2,3193.53,9240.02
8985,2023,0,2023,1,31622.89,28308.37
8985,2023,1,2024,2,16275.15,42877.65
8986,2023,0,2023,1,26038.45,21999.49
8986,2023,1,2024,2,9407.29,29947.57
8987,2023,0,2023,1,8687.37,7548.93
8987,2023,1,2024,2,3569.11,10650.32
8988,2023,0,2023,1,24913.7,21259.57
8988,2023,1,2024,2,9188.3,29100.21
8989,2023,0,2023,1,4699.51,3767.61
8989,2023,1,2024,2,1188.15,4720.15
8992,2023,0,2023,1,13735.08,11803.41
8992,2023,1,2024,2,4922.69,16033.79
8993,2023,0,2023,1,10563.32,9334.19
8993,2023,1,2024,2,4931.98,13692.29
8994,2023,0,2023,1,31631.48,26969
8994,2023,1,2024,2,13764.66,38704.75
8995,2023,0,2023,1,4837.36,4181.18
8995,2023,1,2024,2,2110.88,6005.73
8997,2023,0,2023,1,17461.85,14887.26
8997,2023,1,2024,2,7068.09,20913.23
8998,2023,0,2023,1,61417.42,52140.45
8998,2023,1,2024,2,27024.49,75082.95
8999,2023,0,2023,1,9732.73,8327.74
8999,2023,1,2024,2,4551.59,12222.28
9001,2023,0,2023,1,11084.46,9016.5
9001,2023,1,2024,2,2749.73,11253.23
9002,2023,0,2023,1,8628.1,6735.61
9002,2023,1,2024,2,3051.84,9118.06
9003,2023,0,2023,1,6878.8,6023.33
9003,2023,1,2024,2,3095.92,8734.24
9004,2023,0,2023,1,11430.49,9880.01
9004,2023,1,2024,2,5387.86,14537.04
9007,2023,0,2023,1,6276.32,5285.12
9007,2023,1,2024,2,2560.5,7441.25
9009,2023,0,2023,1,6232.91,5417.39
9009,2023,1,2024,2,2584.32,7663.57
9010,2023,0,2023,1,16495,13584.71
9010,2023,1,2024,2,5932.41,18470.44
9011,2023,0,2023,1,13381.21,11225.8
9011,2023,1,2024,2,5462.14,15808.11
9012,2023,0,2023,1,2700.7,2299.65
9012,2023,1,2024,2,1204.09,3324.94
9013,2023,0,2023,1,9153.96,7614.93
9013,2023,1,2024,2,3728.71,10716.74
9015,2023,0,2023,1,11415.19,9487.14
9015,2023,1,2024,2,4219.02,12993.56
9016,2023,0,2023,1,8807.12,7429.82
9016,2023,1,2024,2,3161.91,10097.25
9018,2023,0,2023,1,9021.64,7721.65
9018,2023,1,2024,2,4236.13,11347.36
9019,2023,0,2023,1,14764.47,12594.56
9019,2023,1,2024,2,6274.64,17947.03
9020,2023,0,2023,1,7386.31,6344.93
9020,2023,1,2024,2,3760.94,9575.64
9021,2023,0,2023,1,6456.73,5617.51
9021,2023,1,2024,2,3269.23,8461.83
9022,2023,0,2023,1,4371.16,3844.57
9022,2023,1,2024,2,2266.7,5838.19
9023,2023,0,2023,1,7965.35,7035.16
9023,2023,1,2024,2,3303.62,9952.99
9024,2023,0,2023,1,145732.17,120267.68
9024,2023,1,2024,2,50605.9,162030.97
9025,2023,0,2023,1,2703.22,2266.48
9025,2023,1,2024,2,1047.73,3144.93
9026,2023,0,2023,1,28906.81,23895.33
9026,2023,1,2024,2,12393.79,34140.46
9027,2023,0,2023,1,27451.45,22744.52
9027,2023,1,2024,2,12004.08,32690.33
9028,2023,0,2023,1,17993.48,14920.56
9028,2023,1,2024,2,7279,20956.46
9029,2023,0,2023,1,16786.64,13629.92
9029,2023,1,2024,2,6107.61,18588.99
9032,2023,0,2023,1,8379.46,6765.48
9032,2023,1,2024,2,2333.64,8649.63
9033,2023,0,2023,1,6123.38,5260.19
9033,2023,1,2024,2,2740.65,7614.49
9034,2023,0,2023,1,23950.27,19711.37
9034,2023,1,2024,2,8310.55,26551.06
9035,2023,0,2023,1,11751.92,10338.73
9035,2023,1,2024,2,5664.9,15322.41
9036,2023,0,2023,1,6995.06,6059.51
9036,2023,1,2024,2,2855.12,8532.78
9037,2023,0,2023,1,1968.32,1610.24
9037,2023,1,2024,2,794.57,2260.26
9038,2023,0,2023,1,106089.93,91083.37
9038,2023,1,2024,2,44647.76,129415.64
9040,2023,0,2023,1,18831.58,15974.94
9040,2023,1,2024,2,7410.11,22260.99
9041,2023,0,2023,1,3313.73,2949.97
9041,2023,1,2024,2,1614.92,4387.61
9042,2023,0,2023,1,36571.84,32321.34
9042,2023,1,2024,2,18884.31,49010.85
9045,2023,0,2023,1,15608.88,13345.32
9045,2023,1,2024,2,6706.33,19079.11
9046,2023,0,2023,1,23973.73,20081.73
9046,2023,1,2024,2,11017.18,29310.34
9047,2023,0,2023,1,5412.3,4659.26
9047,2023,1,2024,2,2540.74,6846.5
9049,2023,0,2023,1,18413.46,15993.19
9049,2023,1,2024,2,8410.4,23298.13
9052,2023,0,2023,1,72895.22,64734.44
9052,2023,1,2024,2,30997.34,92261.57
9053,2023,0,2023,1,7464.4,6832.4
9053,2023,1,2024,2,3891.45,10394.37
9054,2023,0,2023,1,8003.49,7210.44
9054,2023,1,2024,2,4167.02,10964.55
9055,2023,0,2023,1,4307.27,3622.63
9055,2023,1,2024,2,1667.22,5024.85
9057,2023,0,2023,1,8363.17,6874.34
9057,2023,1,2024,2,3585.07,9821.18
9058,2023,0,2023,1,1184.33,1011.61
9058,2023,1,2024,2,449.73,1395.76
9059,2023,0,2023,1,7924.82,6558.17
9059,2023,1,2024,2,2578.21,8691.77
9060,2023,0,2023,1,8003.75,6538.66
9060,2023,1,2024,2,2995.47,8985.81
9061,2023,0,2023,1,78595.67,68894.29
9061,2023,1,2024,2,45194.07,108509.87
9062,2023,0,2023,1,14718.76,12050.72
9062,2023,1,2024,2,5284,16376.9
9063,2023,0,2023,1,7868.72,6879.31
9063,2023,1,2024,2,3838.44,10235.11
9064,2023,0,2023,1,21280.21,18555.71
9064,2023,1,2024,2,9749.87,27057.31
9065,2023,0,2023,1,16194.93,13743.51
9065,2023,1,2024,2,6097.93,18918.4
9068,2023,0,2023,1,23808.68,19990.31
9068,2023,1,2024,2,10465.78,28777.61
9070,2023,0,2023,1,18723.13,16024.12
9070,2023,1,2024,2,8388.51,23203.4
9071,2023,0,2023,1,9299.89,8145.69
9071,2023,1,2024,2,4727.49,12286.45
9072,2023,0,2023,1,2910.5,2469.22
9072,2023,1,2024,2,1150.57,3445.34
9073,2023,0,2023,1,14764,12754
9073,2023,1,2024,2,6707.99,18548.75
9076,2023,0,2023,1,33114.66,28434.43
9076,2023,1,2024,2,14339.62,40747.37
9077,2023,0,2023,1,13263.2,10633.15
9077,2023,1,2024,2,3863.46,13730.49
9078,2023,0,2023,1,17916.5,14821.42
9078,2023,1,2024,2,6425.27,20136.73
9079,2023,0,2023,1,5720.17,4943.94
9079,2023,1,2024,2,2674.97,7255.91
9080,2023,0,2023,1,7415.47,6413.17
9080,2023,1,2024,2,3697.81,9611.17
9081,2023,0,2023,1,7835.47,6671.82
9081,2023,1,2024,2,3622.09,9756
9082,2023,0,2023,1,6048.17,5000.17
9082,2023,1,2024,2,2234.68,6847.63
9083,2023,0,2023,1,24367.67,20227.52
9083,2023,1,2024,2,7814.06,26713.95
9084,2023,0,2023,1,9443.94,7991.79
9084,2023,1,2024,2,4163.7,11515.26
9085,2023,0,2023,1,13374.43,11384.56
9085,2023,1,2024,2,5438.44,16013.87
9087,2023,0,2023,1,633.62,542.99
9087,2023,1,2024,2,276.48,779.93
9088,2023,0,2023,1,8735.37,7370.73
9088,2023,1,2024,2,3022.09,9920.71
9089,2023,0,2023,1,10039.43,8564.09
9089,2023,1,2024,2,4360.68,12283.95
9090,2023,0,2023,1,50755.95,41419.84
9090,2023,1,2024,2,18397.46,56433.24
9091,2023,0,2023,1,21424.59,17704.94
9091,2023,1,2024,2,6478.41,23058.59
9092,2023,0,2023,1,2398.9,1897.35
9092,2023,1,2024,2,688.42,2441.84
9093,2023,0,2023,1,65513.74,55076.51
9093,2023,1,2024,2,22746.83,74199.46
9095,2023,0,2023,1,8069.4,6878.02
9095,2023,1,2024,2,2930.35,9375.72
9096,2023,0,2023,1,44146.85,39169.45
9096,2023,1,2024,2,19768.3,56708.94
9097,2023,0,2023,1,43761.46,37104.14
9097,2023,1,2024,2,15838.36,50533.05
9098,2023,0,2023,1,23079.17,19718.69
9098,2023,1,2024,2,10790.51,28938.03
9100,2023,0,2023,1,9091.3,7613.99
9100,2023,1,2024,2,3279.79,10360.83
9101,2023,0,2023,1,8983.46,7784.56
9101,2023,1,2024,2,4450.86,11641.41
9102,2023,0,2023,1,4288.4,3512.05
9102,2023,1,2024,2,1215.9,4507.83
9103,2023,0,2023,1,38472.81,31823.7
9103,2023,1,2024,2,14392.01,43728.4
9104,2023,0,2023,1,8283.53,7133.88
9104,2023,1,2024,2,3804.83,10410.64
9105,2023,0,2023,1,17895.05,15289.47
9105,2023,1,2024,2,7453.13,21657.4
9106,2023,0,2023,1,33659.69,28665.46
9106,2023,1,2024,2,15263.05,41663.86
9109,2023,0,2023,1,6369.96,5270.81
9109,2023,1,2024,2,2739.1,7537.27
9110,2023,0,2023,1,4941.66,4341.88
9110,2023,1,2024,2,2139.92,6222.08
9111,2023,0,2023,1,17600.18,14792.12
9111,2023,1,2024,2,6670.35,20398.24
9112,2023,0,2023,1,7973.53,6763.58
9112,2023,1,2024,2,3119.72,9409.89
9113,2023,0,2023,1,1169.6,1012.84
9113,2023,1,2024,2,541.31,1481.6
9114,2023,0,2023,1,26537.09,22293.51
9114,2023,1,2024,2,9267.46,30079
9116,2023,0,2023,1,2867.92,2442.24
9116,2023,1,2024,2,1338.45,3582.03
9117,2023,0,2023,1,13792.31,11950.5
9117,2023,1,2024,2,5610.8,16812.04
9118,2023,0,2023,1,11069.76,9543.56
9118,2023,1,2024,2,5754.93,14505.06
9119,2023,0,2023,1,14203.67,11878.08
9119,2023,1,2024,2,7306.82,17988.54
9121,2023,0,2023,1,9016.36,8288.43
9121,2023,1,2024,2,4345.49,12283.09
9122,2023,0,2023,1,9462.77,7909.75
9122,2023,1,2024,2,4385.98,11575.9
9123,2023,0,2023,1,11888.33,10605.35
9123,2023,1,2024,2,5948.31,15911.72
9124,2023,0,2023,1,9893.6,8524.09
9124,2023,1,2024,2,4239.51,12176.75
9126,2023,0,2023,1,100540.91,87367.34
9126,2023,1,2024,2,48899.82,129859.96
9127,2023,0,2023,1,8268.2,7097.91
9127,2023,1,2024,2,4068.66,10590.68
9128,2023,0,2023,1,36976.91,31159.14
9128,2023,1,2024,2,15686.09,44377.26
9129,2023,0,2023,1,15618,12882.19
9129,2023,1,2024,2,5527.11,17441.12
9130,2023,0,2023,1,12271.27,10141.25
9130,2023,1,2024,2,4219.56,13628.38
9131,2023,0,2023,1,10333.94,8985.86
9131,2023,1,2024,2,4553.47,12945.32
9132,2023,0,2023,1,16575.84,14569.05
9132,2023,1,2024,2,7849.37,21468.12
9133,2023,0,2023,1,15244.51,13250.25
9133,2023,1,2024,2,7256.57,19557.53
9134,2023,0,2023,1,29093.33,24856
9134,2023,1,2024,2,11384.62,34582.49
9135,2023,0,2023,1,13951.77,11782.14
9135,2023,1,2024,2,5759.11,16645.66
9136,2023,0,2023,1,18319.14,15676.1
9136,2023,1,2024,2,7467.5,22066.22
9137,2023,0,2023,1,32698.2,28813.16
9137,2023,1,2024,2,16289.2,43166.96
9139,2023,0,2023,1,9515.71,8204.15
9139,2023,1,2024,2,4221,11843.38
9140,2023,0,2023,1,12720.03,10751.96
9140,2023,1,2024,2,4907.46,14900.13
9141,2023,0,2023,1,10731.27,9122.66
9141,2023,1,2024,2,4711.31,13127.75
9142,2023,0,2023,1,19928.19,16666.15
9142,2023,1,2024,2,8262.73,23576.35
9143,2023,0,2023,1,10952.88,8976.04
9143,2023,1,2024,2,4349.44,12540.48
9145,2023,0,2023,1,2577.51,2185.87
9145,2023,1,2024,2,1142.53,3154.8
9146,2023,0,2023,1,34999.29,29378.75
9146,2023,1,2024,2,14761.65,41769.83
9147,2023,0,2023,1,10337.04,9157.03
9147,2023,1,2024,2,4576.51,13211.12
9148,2023,0,2023,1,2122.32,1815.44
9148,2023,1,2024,2,886.35,2573.62
9149,2023,0,2023,1,8676.08,7238.13
9149,2023,1,2024,2,2817.52,9588.68
9150,2023,0,2023,1,22606.14,18236.41
9150,2023,1,2024,2,8603.44,25176.82
9151,2023,0,2023,1,5482.89,4591.45
9151,2023,1,2024,2,2366.18,6572.93
9153,2023,0,2023,1,6927.42,5846.36
9153,2023,1,2024,2,3270.5,8606.48
9154,2023,0,2023,1,9968.03,8643.23
9154,2023,1,2024,2,4644.11,12670.1
9155,2023,0,2023,1,7231.4,6130.9
9155,2023,1,2024,2,2578.81,8317.26
9157,2023,0,2023,1,15231.24,13398.38
9157,2023,1,2024,2,7366.32,19878.28
9159,2023,0,2023,1,46705.16,40948.16
9159,2023,1,2024,2,19620.75,58150.4
9160,2023,0,2023,1,107576.74,93140.45
9160,2023,1,2024,2,41254.12,128858.46
9163,2023,0,2023,1,81699.96,70953.03
9163,2023,1,2024,2,39877.82,105585.26
9165,2023,0,2023,1,39844.06,33189.89
9165,2023,1,2024,2,13059.75,44068.59
9166,2023,0,2023,1,7845.52,6927.47
9166,2023,1,2024,2,3808.08,10289.95
9167,2023,0,2023,1,13494.84,11759.14
9167,2023,1,2024,2,5694.59,16721.3
9168,2023,0,2023,1,27223.61,23167.32
9168,2023,1,2024,2,9133.78,30940.17
9169,2023,0,2023,1,8382.35,6638.12
9169,2023,1,2024,2,2508.37,8624.54
9170,2023,0,2023,1,37218.84,30292.32
9170,2023,1,2024,2,14797.83,42336.24
9171,2023,0,2023,1,5690.3,4807.9
9171,2023,1,2024,2,2177.28,6647.54
9172,2023,0,2023,1,34958.09,30891.71
9172,2023,1,2024,2,16991.13,45906.4
9173,2023,0,2023,1,4422.33,3677.32
9173,2023,1,2024,2,1556.43,4971.55
9174,2023,0,2023,1,26763.95,22563.7
9174,2023,1,2024,2,10397,31329.03
9175,2023,0,2023,1,5330.24,4499.05
9175,2023,1,2024,2,1818.62,6034.08
9176,2023,0,2023,1,31697.82,27142.59
9176,2023,1,2024,2,14517.55,39573.86
9177,2023,0,2023,1,17990.58,14820.81
9177,2023,1,2024,2,6952.68,20548.5
9178,2023,0,2023,1,17918.81,14754.95
9178,2023,1,2024,2,7257.42,20730.95
9179,2023,0,2023,1,13068.7,11441.18
9179,2023,1,2024,2,6128.86,16806.78
9180,2023,0,2023,1,9257.18,7774.87
9180,2023,1,2024,2,3210.13,10470.97
9181,2023,0,2023,1,94613.57,83887.53
9181,2023,1,2024,2,41181.65,120400.54
9182,2023,0,2023,1,6530.81,5681.81
9182,2023,1,2024,2,2704.08,8034.36
9183,2023,0,2023,1,7547.41,6517.96
9183,2023,1,2024,2,3058.87,9159.61
9184,2023,0,2023,1,10604.62,8855.09
9184,2023,1,2024,2,3488.26,11767.87
9185,2023,0,2023,1,15709.63,13266.93
9185,2023,1,2024,2,6100.04,18418.48
9187,2023,0,2023,1,2734.21,2482.82
9187,2023,1,2024,2,1344.53,3703.73
9188,2023,0,2023,1,33374.74,30122.22
9188,2023,1,2024,2,17748.37,46140.92
9189,2023,0,2023,1,17720.2,15470.65
9189,2023,1,2024,2,9009.76,23336.65
9190,2023,0,2023,1,22945.16,20191.72
9190,2023,1,2024,2,13048.97,31674.81
9192,2023,0,2023,1,9951.63,8157.45
9192,2023,1,2024,2,3638.92,11140.31
9195,2023,0,2023,1,3364.87,2743.07
9195,2023,1,2024,2,1525.25,3986.47
9196,2023,0,2023,1,6011.4,5335.9
9196,2023,1,2024,2,2947.25,7951.96
9197,2023,0,2023,1,18598.58,15489.08
9197,2023,1,2024,2,7533.14,21762.75
9198,2023,0,2023,1,13060.17,11564.85
9198,2023,1,2024,2,6451.78,17277.94
9199,2023,0,2023,1,20238.17,16740.18
9199,2023,1,2024,2,8462.8,23740.25
9200,2023,0,2023,1,1593.48,1364.42
9200,2023,1,2024,2,731.86,1991.07
9201,2023,0,2023,1,3982.85,3271.72
9201,2023,1,2024,2,1414.16,4433.39
9202,2023,0,2023,1,9283.95,8096.84
9202,2023,1,2024,2,4311.41,11856.96
9203,2023,0,2023,1,13417.83,11153.96
9203,2023,1,2024,2,5143.83,15429.92
9208,2023,0,2023,1,11029.13,9248.82
9208,2023,1,2024,2,3961.79,12571.1
9210,2023,0,2023,1,13252.02,10991.27
9210,2023,1,2024,2,5463.41,15522.64
9211,2023,0,2023,1,11867.2,10363.51
9211,2023,1,2024,2,5130.05,14843.53
9212,2023,0,2023,1,6566.72,5684.59
9212,2023,1,2024,2,3136.56,8399.81
9214,2023,0,2023,1,9802.97,8727.67
9214,2023,1,2024,2,5984.15,14055.4
9215,2023,0,2023,1,6833.79,5818.19
9215,2023,1,2024,2,2272.72,7753.16
9216,2023,0,2023,1,17884.28,15753.35
9216,2023,1,2024,2,8080.98,22871.47
9217,2023,0,2023,1,3418.27,2822.73
9217,2023,1,2024,2,1528.18,4084.67
9218,2023,0,2023,1,3732.7,3053.62
9218,2023,1,2024,2,1534.37,4308.85
9219,2023,0,2023,1,26064.72,21861.57
9219,2023,1,2024,2,8913.47,29337.68
9221,2023,0,2023,1,6462.83,5449.57
9221,2023,1,2024,2,2747.42,7766.25
9222,2023,0,2023,1,9932.81,8298.98
9222,2023,1,2024,2,3848.67,11514.59
9223,2023,0,2023,1,22762.58,19886.71
9223,2023,1,2024,2,10177.59,28778.43
9224,2023,0,2023,1,6007.58,5329.69
9224,2023,1,2024,2,3187.35,8157.37
9225,2023,0,2023,1,2539.69,2084.16
9225,2023,1,2024,2,837.79,2771.68
9227,2023,0,2023,1,45546.41,38466.51
9227,2023,1,2024,2,18522.63,54109.92
9228,2023,0,2023,1,77245.44,64781.28
9228,2023,1,2024,2,25773.85,86396.31
9229,2023,0,2023,1,4371.99,3844.53
9229,2023,1,2024,2,2353.41,5914.02
9231,2023,0,2023,1,11217.18,9311.5
9231,2023,1,2024,2,4186.88,12787.07
9232,2023,0,2023,1,14413.15,12304.47
9232,2023,1,2024,2,7034.99,18310.23
9234,2023,0,2023,1,16468.22,13784.66
9234,2023,1,2024,2,6347.42,19097.74
9235,2023,0,2023,1,7754.66,6744.18
9235,2023,1,2024,2,3533.92,9817.61
9237,2023,0,2023,1,12214.7,10577.96
9237,2023,1,2024,2,5063.56,14963.02
9239,2023,0,2023,1,9911.91,8605.91
9239,2023,1,2024,2,4352.41,12384.85
9241,2023,0,2023,1,8129.44,6896.66
9241,2023,1,2024,2,3128.99,9551.16
9242,2023,0,2023,1,24592.46,21663.34
9242,2023,1,2024,2,9446.26,29984.49
9243,2023,0,2023,1,32215.45,28295.24
9243,2023,1,2024,2,15722.33,42104.35
9244,2023,0,2023,1,10397.63,9192.6
9244,2023,1,2024,2,4988.96,13603.37
9245,2023,0,2023,1,11654.97,9994.92
9245,2023,1,2024,2,5729.89,14908.68
9246,2023,0,2023,1,3937.92,3459.85
9246,2023,1,2024,2,1726.58,4976.82
9247,2023,0,2023,1,13106.25,11807.75
9247,2023,1,2024,2,7493.83,18559.13
9248,2023,0,2023,1,54015.46,45549.76
9248,2023,1,2024,2,18355.58,61028.52
9250,2023,0,2023,1,9547.24,8146.67
9250,2023,1,2024,2,3151.34,10835.72
9251,2023,0,2023,1,2759.46,2437.91
9251,2023,1,2024,2,1323.07,3606.81
9252,2023,0,2023,1,179769.32,152123.81
9252,2023,1,2024,2,59446.6,202428.52
9253,2023,0,2023,1,23198.43,20491.18
9253,2023,1,2024,2,9486.11,28870.27
9255,2023,0,2023,1,12816.17,11288.3
9255,2023,1,2024,2,6205.19,16753.74
9257,2023,0,2023,1,69280.02,59457.8
9257,2023,1,2024,2,29568.64,84834.33
9258,2023,0,2023,1,66696.63,56861.26
9258,2023,1,2024,2,29479.68,81993.74
9259,2023,0,2023,1,19916.87,16602.39
9259,2023,1,2024,2,6034.11,21632.33
9261,2023,0,2023,1,6354.81,5440.69
9261,2023,1,2024,2,3193.25,8174.6
9262,2023,0,2023,1,38854.27,32715.4
9262,2023,1,2024,2,13650,44208.73
9263,2023,0,2023,1,131469.2,111280.24
9263,2023,1,2024,2,58004.59,160377.41
9264,2023,0,2023,1,2773.3,2441.95
9264,2023,1,2024,2,1330.43,3613.43
9266,2023,0,2023,1,159.53,134.79
9266,2023,1,2024,2,61.83,187.03
9270,2023,0,2023,1,1052.14,889.05
9270,2023,1,2024,2,366.42,1198.68
9271,2023,0,2023,1,3182.19,2694.01
9271,2023,1,2024,2,1400.48,3879.64
9272,2023,0,2023,1,94842.84,78295.29
9272,2023,1,2024,2,34224.26,106548.33
9274,2023,0,2023,1,6202.4,5088.22
9274,2023,1,2024,2,2645.62,7258.59
9275,2023,0,2023,1,76083.87,63997.9
9275,2023,1,2024,2,28981.4,88375.59
9277,2023,0,2023,1,1992.19,1709.03
9277,2023,1,2024,2,1043.99,2604.64
9278,2023,0,2023,1,20399.11,17430.48
9278,2023,1,2024,2,8806.12,24955.07
9279,2023,0,2023,1,421.87,351.27
9279,2023,1,2024,2,184.34,504.77
9280,2023,0,2023,1,28216.27,23312
9280,2023,1,2024,2,10158.29,31704.68
9281,2023,0,2023,1,8713.41,7416.54
9281,2023,1,2024,2,3789.86,10642.33
9282,2023,0,2023,1,5135,4493.03
9282,2023,1,2024,2,2203,6420.61
9283,2023,0,2023,1,32263.27,26317.61
9283,2023,1,2024,2,9485.73,34055.25
9285,2023,0,2023,1,24071.84,18532.44
9285,2023,1,2024,2,7582.19,24369.83
9286,2023,0,2023,1,20542.75,17059.33
9286,2023,1,2024,2,7269.41,23096.07
9288,2023,0,2023,1,1696.55,1512.56
9288,2023,1,2024,2,858.39,2277.85
9289,2023,0,2023,1,954.48,798.74
9289,2023,1,2024,2,355,1095.82
9290,2023,0,2023,1,10553.1,8757.44
9290,2023,1,2024,2,4572.38,12551.8
9291,2023,0,2023,1,8884.49,7633.08
9291,2023,1,2024,2,3749.45,10854.41
9292,2023,0,2023,1,5982.85,4986.36
9292,2023,1,2024,2,2172.51,6797.03
9293,2023,0,2023,1,6125.07,5122.24
9293,2023,1,2024,2,2139.63,6911.55
9294,2023,0,2023,1,8907.25,7365.03
9294,2023,1,2024,2,3333.83,10121.63
9297,2023,0,2023,1,13516.51,11450.15
9297,2023,1,2024,2,5237.59,15887.04
9298,2023,0,2023,1,12389.12,10981.01
9298,2023,1,2024,2,6153.93,16435.5
9299,2023,0,2023,1,19776.9,15944.03
9299,2023,1,2024,2,6795.56,21422.57
9300,2023,0,2023,1,16980.56,14659.63
9300,2023,1,2024,2,7653.17,21266.74
9301,2023,0,2023,1,19062.34,16444.16
9301,2023,1,2024,2,7176.87,22635.29
9302,2023,0,2023,1,12050.39,9304.29
9302,2023,1,2024,2,3274.7,11832.74
9304,2023,0,2023,1,2227.8,1922.91
9304,2023,1,2024,2,969.79,2759.97
9305,2023,0,2023,1,4523.3,3934.2
9305,2023,1,2024,2,1956.64,5636.02
9306,2023,0,2023,1,11842.97,10034.05
9306,2023,1,2024,2,4960,14236.45
9307,2023,0,2023,1,5247.66,4385.22
9307,2023,1,2024,2,1863.31,5942.3
9309,2023,0,2023,1,7719.2,6667.62
9309,2023,1,2024,2,3581.73,9761.41
9310,2023,0,2023,1,19899.08,17055.65
9310,2023,1,2024,2,9742.23,25405.79
9311,2023,0,2023,1,14972.12,12972.72
9311,2023,1,2024,2,7301.44,19299.1
9312,2023,0,2023,1,12037.67,10232.6
9312,2023,1,2024,2,5603.82,14996.12
9314,2023,0,2023,1,99357.71,84278.16
9314,2023,1,2024,2,45083.69,122519.49
9315,2023,0,2023,1,10580.12,9060.4
9315,2023,1,2024,2,4555.75,12961.77
9316,2023,0,2023,1,2859.34,2436.69
9316,2023,1,2024,2,1366.52,3601.22
9317,2023,0,2023,1,721.27,589.01
9317,2023,1,2024,2,256.32,798.33
9318,2023,0,2023,1,10713.2,9111.13
9318,2023,1,2024,2,3949.02,12469.61
9319,2023,0,2023,1,14388.31,12990.15
9319,2023,1,2024,2,7242.7,19529.06
9320,2023,0,2023,1,9765.41,8434.45
9320,2023,1,2024,2,4232.36,12089.97
9321,2023,0,2023,1,15723.9,13203.94
9321,2023,1,2024,2,5580.62,17890.2
9324,2023,0,2023,1,19840.38,16963.97
9324,2023,1,2024,2,7714.45,23560
9325,2023,0,2023,1,7421.47,6129.96
9325,2023,1,2024,2,3160.6,8740.54
9326,2023,0,2023,1,4848.07,4011.35
9326,2023,1,2024,2,1722.55,5436.6
9328,2023,0,2023,1,9573.73,8055.02
9328,2023,1,2024,2,4106.07,11509.73
9329,2023,0,2023,1,40981.71,33108.91
9329,2023,1,2024,2,13468.39,43989.95
9331,2023,0,2023,1,14544.65,12750.86
9331,2023,1,2024,2,6135.8,18129.94
9332,2023,0,2023,1,5244.57,4432.84
9332,2023,1,2024,2,1988.53,6113.6
9334,2023,0,2023,1,9905.52,8343.18
9334,2023,1,2024,2,3238.18,11070.62
9335,2023,0,2023,1,10088.34,8384.95
9335,2023,1,2024,2,4387.56,12031.69
9337,2023,0,2023,1,1012.26,894.45
9337,2023,1,2024,2,560.66,1389.85
9338,2023,0,2023,1,11286.92,9462.12
9338,2023,1,2024,2,4544.34,13271.77
9339,2023,0,2023,1,6118.95,5412.58
9339,2023,1,2024,2,2711.81,7811.34
9342,2023,0,2023,1,15795.82,13942.17
9342,2023,1,2024,2,7733.27,20767.93
9344,2023,0,2023,1,8121.68,7134.98
9344,2023,1,2024,2,4476.74,11067.85
9345,2023,0,2023,1,621.78,493.99
9345,2023,1,2024,2,207.02,658.47
9347,2023,0,2023,1,18475.36,15601.22
9347,2023,1,2024,2,7964.98,22327.12
9348,2023,0,2023,1,11041.05,9679.87
9348,2023,1,2024,2,5397.02,14411.53
9349,2023,0,2023,1,6692.64,5593.73
9349,2023,1,2024,2,2583.15,7752.74
9350,2023,0,2023,1,6526.97,5776.97
9350,2023,1,2024,2,3327.43,8722.05
9352,2023,0,2023,1,21754.02,18858.77
9352,2023,1,2024,2,10445.82,27914.36
9353,2023,0,2023,1,4992.75,4071.38
9353,2023,1,2024,2,1783,5525.35
9354,2023,0,2023,1,3182.07,2802.12
9354,2023,1,2024,2,1365.63,4004.7
9355,2023,0,2023,1,25688.26,20813.14
9355,2023,1,2024,2,7724.02,27071.3
9360,2023,0,2023,1,27919.41,25098.34
9360,2023,1,2024,2,14941.24,38529.87
9362,2023,0,2023,1,3276.38,2862.61
9362,2023,1,2024,2,1393.75,4080.35
9363,2023,0,2023,1,15606.32,13254.89
9363,2023,1,2024,2,7409.33,19547.84
9364,2023,0,2023,1,12746.41,10519.46
9364,2023,1,2024,2,5501.85,15060.06
9365,2023,0,2023,1,34803.84,31096.6
9365,2023,1,2024,2,16120.01,45499.54
9367,2023,0,2023,1,6509.76,5407.79
9367,2023,1,2024,2,2460.62,7451.87
9368,2023,0,2023,1,73342.48,62428.13
9368,2023,1,2024,2,34017.39,91383.28
9369,2023,0,2023,1,3645.79,3105.56
9369,2023,1,2024,2,1785.21,4626.24
9371,2023,0,2023,1,7547.58,6524.72
9371,2023,1,2024,2,2829.38,8970.65
9372,2023,0,2023,1,16735.71,13982.87
9372,2023,1,2024,2,8090.58,20742.64
9373,2023,0,2023,1,14987.18,13190.4
9373,2023,1,2024,2,7828.43,20080.29
9374,2023,0,2023,1,1865.7,1631.14
9374,2023,1,2024,2,879.8,2400.33
9375,2023,0,2023,1,23355.75,20519.89
9375,2023,1,2024,2,11844.1,30925.88
9376,2023,0,2023,1,3396.32,2914.05
9376,2023,1,2024,2,1151.48,3902.02
9377,2023,0,2023,1,24163.01,20667.98
9377,2023,1,2024,2,11029.87,30102.45
9378,2023,0,2023,1,28414.78,23939.47
9378,2023,1,2024,2,10116.18,32462.36
9379,2023,0,2023,1,109349.84,92563.89
9379,2023,1,2024,2,54709.3,138874.94
9380,2023,0,2023,1,1868.13,1592.64
9380,2023,1,2024,2,822.78,2294.08
9382,2023,0,2023,1,16928.75,13440.97
9382,2023,1,2024,2,5697.75,17964.84
9383,2023,0,2023,1,1634.9,1370.19
9383,2023,1,2024,2,641.65,1907.96
9384,2023,0,2023,1,8691.1,7304.28
9384,2023,1,2024,2,3408.58,10168.96
9385,2023,0,2023,1,17095.52,14852.44
9385,2023,1,2024,2,7924.87,21737.5
9386,2023,0,2023,1,30691.37,26676.17
9386,2023,1,2024,2,14006.87,38850.6
9387,2023,0,2023,1,10340.76,8506.45
9387,2023,1,2024,2,4055.71,11842.74
9388,2023,0,2023,1,10352.83,8478.68
9388,2023,1,2024,2,4342.01,12034.66
9389,2023,0,2023,1,2608.51,2017.58
9389,2023,1,2024,2,730.4,2582.53
9390,2023,0,2023,1,19482.99,16877.17
9390,2023,1,2024,2,7328.81,23225.76
9391,2023,0,2023,1,8336.53,7235.13
9391,2023,1,2024,2,3633.21,10388.33
9392,2023,0,2023,1,6552.31,5516.26
9392,2023,1,2024,2,2764.08,7843.28
9393,2023,0,2023,1,8378.08,7103.82
9393,2023,1,2024,2,3621.28,10174.32
9394,2023,0,2023,1,14380.3,11450.8
9394,2023,1,2024,2,5034.85,15459.96
9395,2023,0,2023,1,17911.16,15347.35
9395,2023,1,2024,2,7423.13,21707.94
9396,2023,0,2023,1,2770.01,2371.91
9396,2023,1,2024,2,1163.23,3367.96
9397,2023,0,2023,1,16617.41,14575.98
9397,2023,1,2024,2,8602.62,22121.78
9398,2023,0,2023,1,8219.3,7233.85
9398,2023,1,2024,2,3875.86,10645.01
9399,2023,0,2023,1,7185.27,5908.05
9399,2023,1,2024,2,3278.7,8603.94
9400,2023,0,2023,1,2373.03,2006.02
9400,2023,1,2024,2,991.36,2844.05
9401,2023,0,2023,1,11072.59,9535.62
9401,2023,1,2024,2,4344.6,13277.14
9402,2023,0,2023,1,10938.6,9652.48
9402,2023,1,2024,2,4821.28,13906.89
9403,2023,0,2023,1,29099.19,23375.33
9403,2023,1,2024,2,6839.39,28869.4
9404,2023,0,2023,1,3087.16,2637.68
9404,2023,1,2024,2,1182.7,3648.18
9406,2023,0,2023,1,8200.34,7011.22
9406,2023,1,2024,2,3849.43,10302.45
9407,2023,0,2023,1,13250.82,11679.17
9407,2023,1,2024,2,5984.61,16953.95
9408,2023,0,2023,1,1202.27,972.28
9408,2023,1,2024,2,407.4,1301.75
9409,2023,0,2023,1,7673.04,6127.57
9409,2023,1,2024,2,2526.21,8144.97
9412,2023,0,2023,1,7186.68,6017.28
9412,2023,1,2024,2,2783.53,8347.89
9414,2023,0,2023,1,6373.71,5565.81
9414,2023,1,2024,2,2690.08,7914.92
9415,2023,0,2023,1,3478.85,2994.33
9415,2023,1,2024,2,1667.64,4429.71
9416,2023,0,2023,1,4051.56,3340.84
9416,2023,1,2024,2,1458.55,4543.53
9418,2023,0,2023,1,12849.67,11331.8
9418,2023,1,2024,2,6434.02,17005.8
9419,2023,0,2023,1,5287.5,4517.59
9419,2023,1,2024,2,2296.78,6479.94
9420,2023,0,2023,1,4905.75,4165.1
9420,2023,1,2024,2,1744.36,5646.11
9421,2023,0,2023,1,12208.7,10424.71
9421,2023,1,2024,2,4855.13,14570.39
9422,2023,0,2023,1,1369.86,1160.68
9422,2023,1,2024,2,592.63,1662.82
9423,2023,0,2023,1,6682.71,5397.48
9423,2023,1,2024,2,2472.89,7394.79
9425,2023,0,2023,1,10067.57,8706.24
9425,2023,1,2024,2,5061.81,13083.59
9426,2023,0,2023,1,74650.27,62874.96
9426,2023,1,2024,2,30701.62,88733.71
9427,2023,0,2023,1,4324.98,3658.49
9427,2023,1,2024,2,2173.31,5496.9
9428,2023,0,2023,1,9916.34,8297.89
9428,2023,1,2024,2,3477.38,11207.73
9429,2023,0,2023,1,16100.04,13291.58
9429,2023,1,2024,2,6388.79,18565.92
9430,2023,0,2023,1,5168.21,4353.05
9430,2023,1,2024,2,2090.83,6114.09
9433,2023,0,2023,1,7497.05,6450.43
9433,2023,1,2024,2,3551.92,9506.49
9435,2023,0,2023,1,11906.09,10503.19
9435,2023,1,2024,2,6528.7,16262.6
9436,2023,0,2023,1,59875.56,51099.98
9436,2023,1,2024,2,24713.48,72191.36
9437,2023,0,2023,1,18094.4,15429.57
9437,2023,1,2024,2,7997.14,22248.94
9438,2023,0,2023,1,13759.58,12406.09
9438,2023,1,2024,2,7010.45,18726.95
9440,2023,0,2023,1,11489.21,9730.49
9440,2023,1,2024,2,4486.98,13530.62
9441,2023,0,2023,1,30522.29,27062.1
9441,2023,1,2024,2,13311.3,38864.35
9443,2023,0,2023,1,9784.28,8250.29
9443,2023,1,2024,2,4142.33,11743.18
9444,2023,0,2023,1,6871.01,5866.65
9444,2023,1,2024,2,3126.23,8535.9
9446,2023,0,2023,1,10185.05,8872.95
9446,2023,1,2024,2,4938.6,13175.34
9447,2023,0,2023,1,3097.8,2618.34
9447,2023,1,2024,2,1242.5,3668.54
9448,2023,0,2023,1,10870.08,8988.68
9448,2023,1,2024,2,5492.6,13530.62
9449,2023,0,2023,1,7644.34,6555.39
9449,2023,1,2024,2,3180.3,9282.65
9453,2023,0,2023,1,20146.85,16485.7
9453,2023,1,2024,2,7316.1,22472.29
9454,2023,0,2023,1,7097.18,5895.43
9454,2023,1,2024,2,2685.98,8126.6
9456,2023,0,2023,1,14736.75,13247.19
9456,2023,1,2024,2,7785.37,20245.63
9457,2023,0,2023,1,5851.2,4933.28
9457,2023,1,2024,2,2608.78,7132.79
9458,2023,0,2023,1,30269.95,25655.97
9458,2023,1,2024,2,11255.28,35195.63
9459,2023,0,2023,1,10927.49,8691.54
9459,2023,1,2024,2,4138.81,11983.48
9460,2023,0,2023,1,1715.41,1428.48
9460,2023,1,2024,2,616.57,1941.92
9461,2023,0,2023,1,11107.57,9705.43
9461,2023,1,2024,2,5168,14221.06
9462,2023,0,2023,1,12833.48,10325.11
9462,2023,1,2024,2,4855.15,14231.29
9463,2023,0,2023,1,3117.21,2697.81
9463,2023,1,2024,2,1643.99,4120.61
9464,2023,0,2023,1,5131.94,4220.82
9464,2023,1,2024,2,2009.89,5873.87
9465,2023,0,2023,1,13204.8,11021
9465,2023,1,2024,2,4980.99,15178.24
9467,2023,0,2023,1,15071.48,13049.18
9467,2023,1,2024,2,7429.34,19481.65
9468,2023,0,2023,1,31976.83,26930.59
9468,2023,1,2024,2,12706.61,37631.98
9469,2023,0,2023,1,43087.79,35617.2
9469,2023,1,2024,2,15889.06,48751.4
9470,2023,0,2023,1,10272.22,8677.36
9470,2023,1,2024,2,4034.04,12085.08
9471,2023,0,2023,1,6248.98,5076.72
9471,2023,1,2024,2,2327.92,6967.94
9472,2023,0,2023,1,9841.19,8595.24
9472,2023,1,2024,2,4484.94,12512.36
9474,2023,0,2023,1,42860.26,36092.37
9474,2023,1,2024,2,18101.93,51335.91
9476,2023,0,2023,1,11315.24,9879.88
9476,2023,1,2024,2,5754.07,14904.03
9480,2023,0,2023,1,8150.36,7180.5
9480,2023,1,2024,2,3406.19,10181.37
9481,2023,0,2023,1,12884.45,11102.35
9481,2023,1,2024,2,5255.17,15630.66
9482,2023,0,2023,1,11635.98,10157.84
9482,2023,1,2024,2,5757.9,15184.3
9483,2023,0,2023,1,2505.96,2132.91
9483,2023,1,2024,2,1002.18,2985.91
9484,2023,0,2023,1,10975.93,9386.11
9484,2023,1,2024,2,5279.47,13900.87
9487,2023,0,2023,1,9127.42,7532.56
9487,2023,1,2024,2,3094.44,10086.31
9488,2023,0,2023,1,11398.7,9546.13
9488,2023,1,2024,2,4617.12,13412.85
9489,2023,0,2023,1,3595.78,3016.83
9489,2023,1,2024,2,1544.01,4312.24
9490,2023,0,2023,1,6803.12,5951.59
9490,2023,1,2024,2,2835.37,8432.06
9491,2023,0,2023,1,10080.9,8833.64
9491,2023,1,2024,2,4974.09,13192.31
9493,2023,0,2023,1,18352.33,15544.61
9493,2023,1,2024,2,6335.17,20910.56
9495,2023,0,2023,1,6064.65,5030.55
9495,2023,1,2024,2,2203.85,6858.61
9496,2023,0,2023,1,7004.13,6264.96
9496,2023,1,2024,2,2812.13,8780.32
9497,2023,0,2023,1,11906.75,10081.52
9497,2023,1,2024,2,5518.78,14754.31
9498,2023,0,2023,1,14762.45,13103.57
9498,2023,1,2024,2,6505.96,18878.45
9500,2023,0,2023,1,11094.43,9481.3
9500,2023,1,2024,2,4187.38,13059.83
9501,2023,0,2023,1,1844.37,1631.56
9501,2023,1,2024,2,875.7,2406.21
9502,2023,0,2023,1,56816.12,45568.76
9502,2023,1,2024,2,19394.75,61124.11
9503,2023,0,2023,1,9310.03,7869.73
9503,2023,1,2024,2,3654.62,10958.96
9504,2023,0,2023,1,17448.2,14735.3
9504,2023,1,2024,2,7034.27,20675.85
9505,2023,0,2023,1,27641.88,24263.43
9505,2023,1,2024,2,11537.04,34390.39
9506,2023,0,2023,1,9341.74,8175.55
9506,2023,1,2024,2,4496.79,12110.98
9507,2023,0,2023,1,14017.34,12497.04
9507,2023,1,2024,2,7259.18,18968.9
9508,2023,0,2023,1,25878.17,22205.86
9508,2023,1,2024,2,10676.53,31367.3
9509,2023,0,2023,1,2667.48,2287.13
9509,2023,1,2024,2,1480.77,3556.77
9510,2023,0,2023,1,6295.22,5352.91
9510,2023,1,2024,2,3042.4,7939.9
9512,2023,0,2023,1,13680.14,11808.11
9512,2023,1,2024,2,5687.65,16717.45
9514,2023,0,2023,1,2032.07,1669.03
9514,2023,1,2024,2,740.32,2277.08
9516,2023,0,2023,1,10997.59,9389.03
9516,2023,1,2024,2,4152.07,12933.8
9517,2023,0,2023,1,16350.6,13969.66
9517,2023,1,2024,2,7362.79,20260.3
9519,2023,0,2023,1,24731.8,22160.95
9519,2023,1,2024,2,11859.03,32787.25
9521,2023,0,2023,1,34666.42,28730.68
9521,2023,1,2024,2,13824.29,40187.91
9522,2023,0,2023,1,19165.7,16583.91
9522,2023,1,2024,2,8123.91,23613.46
9524,2023,0,2023,1,10435.1,8968.33
9524,2023,1,2024,2,4136.6,12523.49
9526,2023,0,2023,1,26013.33,22493.25
9526,2023,1,2024,2,12532.74,33330.09
9528,2023,0,2023,1,8486.24,7017.94
9528,2023,1,2024,2,2904.11,9419.58
9529,2023,0,2023,1,2068.83,1742.49
9529,2023,1,2024,2,800.08,2416.36
9530,2023,0,2023,1,25438.6,22484.09
9530,2023,1,2024,2,9816.88,31160.82
9531,2023,0,2023,1,7713.22,6480.83
9531,2023,1,2024,2,3037.23,9032.79
9532,2023,0,2023,1,13633.97,12366.79
9532,2023,1,2024,2,6746.5,18486.25
9533,2023,0,2023,1,3365.1,2703.7
9533,2023,1,2024,2,1350.84,3789.03
9534,2023,0,2023,1,8850.52,7050.66
9534,2023,1,2024,2,3093.73,9515.24
9536,2023,0,2023,1,69523.42,57942.44
9536,2023,1,2024,2,24343.37,78230.77
9538,2023,0,2023,1,13937.2,11290.31
9538,2023,1,2024,2,5117.49,15435.91
9539,2023,0,2023,1,7373.8,6182.74
9539,2023,1,2024,2,2841.14,8564.96
9540,2023,0,2023,1,26704.19,22888.64
9540,2023,1,2024,2,11411.11,32669.3
9541,2023,0,2023,1,551.19,474.57
9541,2023,1,2024,2,285.8,720.65
9542,2023,0,2023,1,3205.18,2739.57
9542,2023,1,2024,2,1557.3,4070.64
9544,2023,0,2023,1,24723.45,21389.73
9544,2023,1,2024,2,10823.04,30753.39
9545,2023,0,2023,1,3774.37,3026.51
9545,2023,1,2024,2,1302.49,4070.92
9547,2023,0,2023,1,33112.38,27984.92
9547,2023,1,2024,2,12692.53,38712.01
9549,2023,0,2023,1,17073.59,14779.85
9549,2023,1,2024,2,7609.21,21366.81
9551,2023,0,2023,1,16056.12,13725.64
9551,2023,1,2024,2,4892.6,17908.1
9552,2023,0,2023,1,18847.86,15740.97
9552,2023,1,2024,2,7725.82,22193.27
9555,2023,0,2023,1,23461.76,19664.32
9555,2023,1,2024,2,10228.03,28236.88
9557,2023,0,2023,1,10764.12,8967.49
9557,2023,1,2024,2,3904.99,12220.71
9559,2023,0,2023,1,11480.7,9848.2
9559,2023,1,2024,2,4522.18,13727.35
9561,2023,0,2023,1,7458.23,6479.82
9561,2023,1,2024,2,3324.49,9368.18
9563,2023,0,2023,1,12632.92,10847.04
9563,2023,1,2024,2,5519.01,15585.84
9564,2023,0,2023,1,36672.45,28201.09
9564,2023,1,2024,2,9086.16,35188.34
9565,2023,0,2023,1,19035.1,16259.5
9565,2023,1,2024,2,7878.95,22989.58
9566,2023,0,2023,1,40596.16,32911.56
9566,2023,1,2024,2,13462.33,43825.55
9567,2023,0,2023,1,9269.65,7825.9
9567,2023,1,2024,2,3661.5,10917.11
9568,2023,0,2023,1,7475.44,6006.55
9568,2023,1,2024,2,2595.49,8092.04
9569,2023,0,2023,1,86470.72,70179.86
9569,2023,1,2024,2,26782.02,91916.22
9570,2023,0,2023,1,27287.76,22234.39
9570,2023,1,2024,2,11294.27,31437.1
9571,2023,0,2023,1,2147.22,1743.66
9571,2023,1,2024,2,818.36,2408.22
9572,2023,0,2023,1,28035.21,24060.26
9572,2023,1,2024,2,10556.98,33120.43
9575,2023,0,2023,1,6320.1,5264.87
9575,2023,1,2024,2,2557.34,7395.23
9576,2023,0,2023,1,21063.24,18384.5
9576,2023,1,2024,2,9263.15,26469.6
9577,2023,0,2023,1,185558.26,162784
9577,2023,1,2024,2,95485.2,246549.95
9578,2023,0,2023,1,8719.55,7577.73
9578,2023,1,2024,2,3630.82,10733.09
9579,2023,0,2023,1,9311.39,8033.31
9579,2023,1,2024,2,4373.25,11806.28
9580,2023,0,2023,1,15978.62,13290.3
9580,2023,1,2024,2,5640.43,17981.77
9582,2023,0,2023,1,13906.41,12132.94
9582,2023,1,2024,2,7094.26,18322.47
9583,2023,0,2023,1,12249.85,10501.57
9583,2023,1,2024,2,5238.88,14992.76
9584,2023,0,2023,1,16752.75,14665.58
9584,2023,1,2024,2,8141.29,21792.59
9585,2023,0,2023,1,4894.76,4017.83
9585,2023,1,2024,2,2089.95,5733.35
9586,2023,0,2023,1,34261.88,28739.62
9586,2023,1,2024,2,12439.42,39174.09
9588,2023,0,2023,1,3972.3,3379.43
9588,2023,1,2024,2,1414.65,4582.94
9589,2023,0,2023,1,5870.27,5161.92
9589,2023,1,2024,2,2804.58,7628.07
9591,2023,0,2023,1,17969.05,15120.95
9591,2023,1,2024,2,7557.78,21480.82
9592,2023,0,2023,1,2211.98,1846.77
9592,2023,1,2024,2,817.84,2529.58
9593,2023,0,2023,1,53826.22,45962.45
9593,2023,1,2024,2,20919.46,63825.68
9597,2023,0,2023,1,10262.11,8956.7
9597,2023,1,2024,2,4454.29,12844.38
9598,2023,0,2023,1,9282.27,8537.26
9598,2023,1,2024,2,4030.13,12243.92
9600,2023,0,2023,1,1956.09,1579.71
9600,2023,1,2024,2,702.44,2146.99
9601,2023,0,2023,1,15979.78,13724.19
9601,2023,1,2024,2,8804.93,21286.28
9602,2023,0,2023,1,15773.63,13030.94
9602,2023,1,2024,2,5786.81,17811.55
9603,2023,0,2023,1,12228.93,10460.39
9603,2023,1,2024,2,5327.93,15017.8
9604,2023,0,2023,1,67806.47,60167.54
9604,2023,1,2024,2,33647.56,90024.43
9605,2023,0,2023,1,20563.36,17450.72
9605,2023,1,2024,2,8879.85,24986.44
9606,2023,0,2023,1,6543.7,5551.28
9606,2023,1,2024,2,2406.15,7592.52
9607,2023,0,2023,1,20933.64,18385.11
9607,2023,1,2024,2,9669.96,26877.81
9608,2023,0,2023,1,1221.75,1021.18
9608,2023,1,2024,2,470.47,1414.41
9609,2023,0,2023,1,22728.36,19035.07
9609,2023,1,2024,2,10423.73,27764.99
9610,2023,0,2023,1,6532.49,5563.35
9610,2023,1,2024,2,2834.69,7977.49
9611,2023,0,2023,1,26854.89,23121.54
9611,2023,1,2024,2,12343.41,33748.98
9612,2023,0,2023,1,12482.63,10432.06
9612,2023,1,2024,2,6010.99,15455.6
9613,2023,0,2023,1,19870.74,16485
9613,2023,1,2024,2,8270.96,23346.7
9614,2023,0,2023,1,22671.96,19468.05
9614,2023,1,2024,2,9303.38,27456.72
9615,2023,0,2023,1,16880.64,13713.4
9615,2023,1,2024,2,5048.11,17814.35
9616,2023,0,2023,1,2803.22,2436.52
9616,2023,1,2024,2,1253.62,3526.14
9617,2023,0,2023,1,22664.55,19702.85
9617,2023,1,2024,2,11627.08,29810.56
9618,2023,0,2023,1,3419.17,2846.16
9618,2023,1,2024,2,1281.89,3913.22
9620,2023,0,2023,1,1314.63,1123.7
9620,2023,1,2024,2,649.21,1678.62
9623,2023,0,2023,1,10671.08,8579.25
9623,2023,1,2024,2,3639.9,11505.63
9624,2023,0,2023,1,11483.6,9937.07
9624,2023,1,2024,2,5321.23,14541.68
9625,2023,0,2023,1,4700.15,4156.93
9625,2023,1,2024,2,2248.11,6145.21
9626,2023,0,2023,1,25431.31,22820.4
9626,2023,1,2024,2,12044.82,33628.65
9628,2023,0,2023,1,12326.73,10872.89
9628,2023,1,2024,2,5899.22,16076.34
9630,2023,0,2023,1,18082.59,14671.41
9630,2023,1,2024,2,5868.57,19432.91
9631,2023,0,2023,1,37534.45,31743.04
9631,2023,1,2024,2,13500.21,43160.23
9632,2023,0,2023,1,33703.55,27166.48
9632,2023,1,2024,2,11205.9,36198.9
9634,2023,0,2023,1,15842.34,13098.77
9634,2023,1,2024,2,6667.28,18611.42
9635,2023,0,2023,1,25586.13,22040.81
9635,2023,1,2024,2,10537.78,31118.44
9637,2023,0,2023,1,9208.71,7852.46
9637,2023,1,2024,2,4745.51,11899.05
9638,2023,0,2023,1,20198.38,17291.78
9638,2023,1,2024,2,8845.55,24864.43
9639,2023,0,2023,1,1092.62,910.48
9639,2023,1,2024,2,459.81,1293.64
9640,2023,0,2023,1,43541.46,37198.63
9640,2023,1,2024,2,17591.95,52227.9
9641,2023,0,2023,1,12415.54,10617.62
9641,2023,1,2024,2,5595.55,15402.86
9642,2023,0,2023,1,5719.6,4791.16
9642,2023,1,2024,2,2322.19,6736.4
9643,2023,0,2023,1,10245.19,8958.96
9643,2023,1,2024,2,4371.91,12782
9644,2023,0,2023,1,31192.51,25361.62
9644,2023,1,2024,2,11901.25,35038.14
9647,2023,0,2023,1,5546.7,4827.32
9647,2023,1,2024,2,2896.68,7348.33
9648,2023,0,2023,1,11965.27,10423.02
9648,2023,1,2024,2,5644.66,15340.12
9650,2023,0,2023,1,43073.23,36855.49
9650,2023,1,2024,2,17495.8,51825.72
9652,2023,0,2023,1,418.33,349.51
9652,2023,1,2024,2,159.87,483.08
9654,2023,0,2023,1,1255.62,993.09
9654,2023,1,2024,2,351.48,1271.08
9655,2023,0,2023,1,1808.03,1524.21
9655,2023,1,2024,2,785.93,2186.76
9656,2023,0,2023,1,6517.5,5497
9656,2023,1,2024,2,2738.66,7806.83
9657,2023,0,2023,1,10254.23,8608.65
9657,2023,1,2024,2,4258.24,12183.54
9659,2023,0,2023,1,13616.12,11443.2
9659,2023,1,2024,2,6115.72,16582.94
9661,2023,0,2023,1,15108.07,13120.16
9661,2023,1,2024,2,6083.72,18403.39
9662,2023,0,2023,1,6059.12,5318.93
9662,2023,1,2024,2,2558.82,7565.17
9664,2023,0,2023,1,9385.23,8094.84
9664,2023,1,2024,2,3482.05,11098.14
9665,2023,0,2023,1,16406.26,14214.48
9665,2023,1,2024,2,7453.47,20672.22
9667,2023,0,2023,1,5869.29,5120.15
9667,2023,1,2024,2,2476.49,7280.55
9668,2023,0,2023,1,8399.48,7452.79
9668,2023,1,2024,2,4314.46,11280.98
9669,2023,0,2023,1,10203.15,8529.23
9669,2023,1,2024,2,4535.18,12320.36
9670,2023,0,2023,1,15973.79,13877.68
9670,2023,1,2024,2,6931.19,19899.34
9673,2023,0,2023,1,17534.69,14848.9
9673,2023,1,2024,2,6713.07,20533.73
9675,2023,0,2023,1,13857.51,12356.15
9675,2023,1,2024,2,6469.15,18124.41
9676,2023,0,2023,1,2387.02,1989.98
9676,2023,1,2024,2,816.5,2670.68
9678,2023,0,2023,1,8672.4,7059.1
9678,2023,1,2024,2,2743.95,9292.6
9679,2023,0,2023,1,12486.7,10145.76
9679,2023,1,2024,2,4345.31,13676.43
9681,2023,0,2023,1,10710.98,9262.11
9681,2023,1,2024,2,4622.04,13258.93
9682,2023,0,2023,1,12135.02,9957.14
9682,2023,1,2024,2,5472.88,14447.8
9683,2023,0,2023,1,26603.27,22236.19
9683,2023,1,2024,2,9127.39,29865.26
9684,2023,0,2023,1,7061.87,5898.71
9684,2023,1,2024,2,2931.41,8347.28
9685,2023,0,2023,1,43139.62,35745.91
9685,2023,1,2024,2,18101.24,50744.78
9686,2023,0,2023,1,7299.28,5872.03
9686,2023,1,2024,2,2764.87,8096.27
9687,2023,0,2023,1,72695.26,62071.1
9687,2023,1,2024,2,29847.7,87556.66
9688,2023,0,2023,1,16386.95,14313.32
9688,2023,1,2024,2,7981.24,21284.6
9689,2023,0,2023,1,11725.66,10185.24
9689,2023,1,2024,2,6372.46,15720.54
9690,2023,0,2023,1,7164.26,5946.41
9690,2023,1,2024,2,2530.99,8047.16
9691,2023,0,2023,1,196669.82,164689.12
9691,2023,1,2024,2,70743.11,223928.62
9693,2023,0,2023,1,1037.34,895.14
9693,2023,1,2024,2,406.54,1245.95
9694,2023,0,2023,1,3457.63,2871.45
9694,2023,1,2024,2,1479.9,4100.47
9695,2023,0,2023,1,17021.54,14662.6
9695,2023,1,2024,2,7133.77,20807.73
9696,2023,0,2023,1,1983.21,1675.87
9696,2023,1,2024,2,838.37,2384.33
9697,2023,0,2023,1,42012,36658.58
9697,2023,1,2024,2,18290.18,52618.12
9698,2023,0,2023,1,7617.94,6416.62
9698,2023,1,2024,2,2943.27,8895.75
9700,2023,0,2023,1,11791.94,10208.15
9700,2023,1,2024,2,5387.33,14871.9
9701,2023,0,2023,1,9707.31,8485.52
9701,2023,1,2024,2,4234.43,12186.99
9703,2023,0,2023,1,11157.32,10027.47
9703,2023,1,2024,2,5023.29,14542.07
9704,2023,0,2023,1,16656.61,13575.97
9704,2023,1,2024,2,5224.65,17834.32
9705,2023,0,2023,1,5045.26,4378.45
9705,2023,1,2024,2,2247.59,6328.97
9707,2023,0,2023,1,12110.01,10471.91
9707,2023,1,2024,2,5485.18,15215.12
9710,2023,0,2023,1,2409.83,2068.14
9710,2023,1,2024,2,1287.19,3172.81
9712,2023,0,2023,1,8560.6,7586.11
9712,2023,1,2024,2,3722.6,10884.94
9713,2023,0,2023,1,11007.62,9169.42
9713,2023,1,2024,2,4774.44,13146.56
9715,2023,0,2023,1,1429.31,1166.86
9715,2023,1,2024,2,485.5,1563.22
9716,2023,0,2023,1,5444.93,4793.16
9716,2023,1,2024,2,2528.02,7018.57
9717,2023,0,2023,1,6919.63,5856.04
9717,2023,1,2024,2,3492.84,8812
9718,2023,0,2023,1,16036.74,13514.98
9718,2023,1,2024,2,5276.87,17962.07
9719,2023,0,2023,1,5406.49,4562.9
9719,2023,1,2024,2,2177.72,6400.82
9721,2023,0,2023,1,3230.02,2681.67
9721,2023,1,2024,2,1285.39,3748.84
9723,2023,0,2023,1,6363.15,5492.23
9723,2023,1,2024,2,3124.42,8189.01
9726,2023,0,2023,1,41862.53,35393.57
9726,2023,1,2024,2,18031.01,50638.27
9727,2023,0,2023,1,3415.82,2998.83
9727,2023,1,2024,2,1534.28,4345.82
9730,2023,0,2023,1,710.41,610.71
9730,2023,1,2024,2,322.89,888.28
9731,2023,0,2023,1,6844.75,5570.4
9731,2023,1,2024,2,2198,7359.17
9733,2023,0,2023,1,5333.65,4468.91
9733,2023,1,2024,2,2311.54,6405.68
9734,2023,0,2023,1,25227.39,23003.68
9734,2023,1,2024,2,15029.62,36708.49
9736,2023,0,2023,1,10370.67,8692.58
9736,2023,1,2024,2,4394.47,12375.97
9739,2023,0,2023,1,7114.93,6033.71
9739,2023,1,2024,2,3737.71,9203.42
9740,2023,0,2023,1,1429.51,1257.06
9740,2023,1,2024,2,622.27,1804.26
9741,2023,0,2023,1,9904.76,7998.31
9741,2023,1,2024,2,3783.25,11053.36
9742,2023,0,2023,1,2453.81,2141.14
9742,2023,1,2024,2,1169.69,3161.79
9743,2023,0,2023,1,1021.57,816.67
9743,2023,1,2024,2,332.53,1082.5
9744,2023,0,2023,1,4197.59,3487.67
9744,2023,1,2024,2,1704.4,4903.81
9745,2023,0,2023,1,1055.38,903.07
9745,2023,1,2024,2,531.99,1358.29
9746,2023,0,2023,1,18880.9,16598.43
9746,2023,1,2024,2,9635.06,25068.73
9747,2023,0,2023,1,28427.45,22845.39
9747,2023,1,2024,2,9069.75,30134.2
9750,2023,0,2023,1,5646.33,5088.86
9750,2023,1,2024,2,2973.8,7769.05
9751,2023,0,2023,1,23216.68,21294.38
9751,2023,1,2024,2,10195.64,30645.83
9752,2023,0,2023,1,14138.8,12248.88
9752,2023,1,2024,2,6590.9,17958.78
9753,2023,0,2023,1,22121.72,18424.54
9753,2023,1,2024,2,8947.03,25876.26
9755,2023,0,2023,1,8447.93,7580
9755,2023,1,2024,2,4242.8,11386.9
9756,2023,0,2023,1,3613.49,3050.18
9756,2023,1,2024,2,1260.95,4114.56
9757,2023,0,2023,1,1315.74,1161.38
9757,2023,1,2024,2,538.74,1636.92
9758,2023,0,2023,1,15787.29,13263.78
9758,2023,1,2024,2,5241.98,17667.86
9759,2023,0,2023,1,530.3,437.4
9759,2023,1,2024,2,222.1,620.59
9760,2023,0,2023,1,16132.37,13330.34
9760,2023,1,2024,2,6360.55,18586.12
9761,2023,0,2023,1,3550.68,2966.14
9761,2023,1,2024,2,1595.71,4299.15
9763,2023,0,2023,1,82317.83,66801.66
9763,2023,1,2024,2,25778.36,87721.03
9764,2023,0,2023,1,37115.25,30891.23
9764,2023,1,2024,2,17078.23,45105.53
9765,2023,0,2023,1,5010.13,4477.44
9765,2023,1,2024,2,2522.86,6732.06
9767,2023,0,2023,1,17874.31,15552.68
9767,2023,1,2024,2,8537.07,22980.91
9768,2023,0,2023,1,26720.74,23990.3
9768,2023,1,2024,2,13668.1,36261.73
9769,2023,0,2023,1,9014.6,7575.01
9769,2023,1,2024,2,3598.95,10599.22
9772,2023,0,2023,1,6566.73,5593.55
9772,2023,1,2024,2,2931.81,8090.86
9774,2023,0,2023,1,16604.25,14062.78
9774,2023,1,2024,2,5797.36,18972.79
9775,2023,0,2023,1,61473.91,52656.48
9775,2023,1,2024,2,23195.05,72524.57
9776,2023,0,2023,1,19002,16095.96
9776,2023,1,2024,2,8944.07,23672.19
9778,2023,0,2023,1,6475.06,5325.87
9778,2023,1,2024,2,2405.93,7304.79
9779,2023,0,2023,1,11759.37,9983.83
9779,2023,1,2024,2,3852.84,13254.93
9780,2023,0,2023,1,7938.67,6310.75
9780,2023,1,2024,2,2258.96,8106.48
9781,2023,0,2023,1,8785.3,7287.29
9781,2023,1,2024,2,3461.76,10158.77
9782,2023,0,2023,1,7337.88,6280.76
9782,2023,1,2024,2,3322.82,9124.89
9783,2023,0,2023,1,101452.86,84355.64
9783,2023,1,2024,2,44387.04,121262.41
9784,2023,0,2023,1,27508.73,24534.38
9784,2023,1,2024,2,12915.4,36053.32
9786,2023,0,2023,1,18343.44,16342.5
9786,2023,1,2024,2,9427.39,24741.53
9787,2023,0,2023,1,21422.43,18546.46
9787,2023,1,2024,2,11246.21,28282.86
9788,2023,0,2023,1,11293.74,9139.32
9788,2023,1,2024,2,3674.24,12112.66
9789,2023,0,2023,1,12482.23,10438.96
9789,2023,1,2024,2,4456.4,14165.87
9791,2023,0,2023,1,25135.26,21503.53
9791,2023,1,2024,2,9631.63,29743.51
9792,2023,0,2023,1,13889.5,11313.66
9792,2023,1,2024,2,4649.11,15100.59
9794,2023,0,2023,1,6771.06,5456.38
9794,2023,1,2024,2,1999.48,7067.63
9795,2023,0,2023,1,60937.02,52460.23
9795,2023,1,2024,2,22654.81,71963.59
9800,2023,0,2023,1,28825.81,24304.08
9800,2023,1,2024,2,12438.86,34791.73
9801,2023,0,2023,1,1828.89,1516.66
9801,2023,1,2024,2,636.5,2044.49
9802,2023,0,2023,1,9054.7,8004.8
9802,2023,1,2024,2,4538.77,12017.3
9803,2023,0,2023,1,4747.22,4003.33
9803,2023,1,2024,2,1728.93,5461.33
9804,2023,0,2023,1,1768.91,1421.01
9804,2023,1,2024,2,633.99,1930.32
9805,2023,0,2023,1,45231.7,40821.86
9805,2023,1,2024,2,20858,59646.32
9806,2023,0,2023,1,3257.32,2533.22
9806,2023,1,2024,2,870.4,3210.13
9807,2023,0,2023,1,14309,12636.88
9807,2023,1,2024,2,7098.83,18906.15
9808,2023,0,2023,1,27629.4,23940.84
9808,2023,1,2024,2,11310.94,33741.75
9810,2023,0,2023,1,5208.95,4245.25
9810,2023,1,2024,2,1672.78,5608.55
9812,2023,0,2023,1,15621.17,13127.58
9812,2023,1,2024,2,5812.02,18011.84
9813,2023,0,2023,1,14064.02,11423.41
9813,2023,1,2024,2,3914.71,14603.1
9816,2023,0,2023,1,8621.42,7323.5
9816,2023,1,2024,2,3892.66,10630.14
9817,2023,0,2023,1,19847.96,17301.74
9817,2023,1,2024,2,7697.67,24011.89
9818,2023,0,2023,1,17862.35,15162.69
9818,2023,1,2024,2,8217.96,22138.61
9820,2024,0,2024,1,9673.48,5720.45
9823,2024,0,2024,1,38417.95,23823.4
9824,2024,0,2024,1,34264.45,21093.8
9825,2024,0,2024,1,24129.65,14879.31
9826,2024,0,2024,1,19842.78,12086.23
9830,2024,0,2024,1,25779.24,15207.5
9831,2024,0,2024,1,163713.8,97433.56
9832,2024,0,2024,1,18223.12,10787.3
9833,2024,0,2024,1,36703.37,21725.25
9834,2024,0,2024,1,17318.74,10987.28
9835,2024,0,2024,1,12432.47,7994.55
9838,2024,0,2024,1,9230.59,5575.42
9839,2024,0,2024,1,49848.97,29386.71
9840,2024,0,2024,1,31484.79,18925.71
9841,2024,0,2024,1,8807.87,5436.32
9842,2024,0,2024,1,26401.12,15411.84
9844,2024,0,2024,1,1716.98,999.92
9847,2024,0,2024,1,49005.57,30057.41
9850,2024,0,2024,1,5304.02,3223.01
9855,2024,0,2024,1,6890.1,4195.18
9857,2024,0,2024,1,56111.24,35075.56
9860,2024,0,2024,1,10209.37,6348.47
9862,2024,0,2024,1,21025.09,13264.02
9863,2024,0,2024,1,17231.04,10268
9872,2024,0,2024,1,22304.67,13946.39
9873,2024,0,2024,1,20448.44,12398.29
9874,2024,0,2024,1,1853.03,1124.67
9876,2024,0,2024,1,13107.1,7523.28
9878,2024,0,2024,1,6239.92,3545.47
9879,2024,0,2024,1,27739.32,16423.32
9880,2024,0,2024,1,10092.47,6255.23
9881,2024,0,2024,1,29496.95,17487.37
9882,2024,0,2024,1,8505.8,5087.26
9885,2024,0,2024,1,8369.77,5033.96
9886,2024,0,2024,1,24246.71,14643.62
9889,2024,0,2024,1,12767.58,7857.86
9890,2024,0,2024,1,203557.93,121318.01
9893,2024,0,2024,1,18265.78,11092.57
9895,2024,0,2024,1,7482.74,4599.54
9898,2024,0,2024,1,8742.49,5104.91
9899,2024,0,2024,1,4976.61,3050.3
9900,2024,0,2024,1,72302.34,43849.19
9902,2024,0,2024,1,3523.78,2200.31
9903,2024,0,2024,1,26694.93,15950.53
9907,2024,0,2024,1,177986.3,104860.81
9910,2024,0,2024,1,5983.8,3543.96
9912,2024,0,2024,1,14106.43,8638.2
9914,2024,0,2024,1,27008.11,15897.25
9915,2024,0,2024,1,25034.83,14444.84
9919,2024,0,2024,1,17853.21,10399.83
9920,2024,0,2024,1,14470.09,8544.83
9921,2024,0,2024,1,15256.81,8818.7
9924,2024,0,2024,1,162856.4,97780.66
9925,2024,0,2024,1,52237.66,30682.87
9926,2024,0,2024,1,7194.36,4325.48
9929,2024,0,2024,1,21810.7,12892.91
9932,2024,0,2024,1,19602.32,12107.45
9933,2024,0,2024,1,3483.36,2028.79
9934,2024,0,2024,1,28865.57,17571.21
9935,2024,0,2024,1,19750.55,12415.08
9938,2024,0,2024,1,15157.5,9006.85
9940,2024,0,2024,1,3975.21,2407.83
9944,2024,0,2024,1,28973.82,16980.37
9947,2024,0,2024,1,9213.53,5644.57
9948,2024,0,2024,1,42102.53,23929.21
9950,2024,0,2024,1,17854.27,10333.42
9953,2024,0,2024,1,25477.49,15512.4
9956,2024,0,2024,1,24287.14,13731.64
9957,2024,0,2024,1,15185.58,9072.04
9959,2024,0,2024,1,27463.24,16556.36
9960,2024,0,2024,1,10734.83,6444.61
9961,2024,0,2024,1,24040.19,14837.56
9962,2024,0,2024,1,1420.82,862.29
9964,2024,0,2024,1,39664.2,23488.05
9967,2024,0,2024,1,23676.87,13402.48
9969,2024,0,2024,1,9208.25,5681.05
9970,2024,0,2024,1,7474.33,4621.76
9971,2024,0,2024,1,238355.12,141772.12
9973,2024,0,2024,1,7493.66,4322.21
9976,2024,0,2024,1,6506.6,4012.86
9977,2024,0,2024,1,24020.98,14972.1
9978,2024,0,2024,1,25198.4,16005.31
9981,2024,0,2024,1,33220.57,19552.81
9984,2024,0,2024,1,13470.77,7611.36
9985,2024,0,2024,1,91184.98,51230.62
9986,2024,0,2024,1,11209.89,6763.61
9987,2024,0,2024,1,7354.73,4359.67
9988,2024,0,2024,1,11738.83,7194.98
9995,2024,0,2024,1,26779.11,16412.09
10000,2024,0,2024,1,21386.34,12563.93
10002,2024,0,2024,1,20961.72,12755.97
10003,2024,0,2024,1,14540.94,9062.99
10004,2024,0,2024,1,12355.44,7376.71
10005,2024,0,2024,1,2105.01,1281.65
10009,2024,0,2024,1,20510.66,12348.42
10010,2024,0,2024,1,15437.72,9321.71
10012,2024,0,2024,1,40585.98,24133
10013,2024,0,2024,1,25703.68,16095.54
10017,2024,0,2024,1,17878.82,10960.33
10021,2024,0,2024,1,321159.09,191581.37
10023,2024,0,2024,1,3536.87,2101.09
10024,2024,0,2024,1,15176.03,8740.78
10025,2024,0,2024,1,12428.19,7663.6
10026,2024,0,2024,1,18452.79,11237.59
10029,2024,0,2024,1,31614.62,18863.03
10030,2024,0,2024,1,12147.79,6638.36
10033,2024,0,2024,1,17826.46,10643.13
10035,2024,0,2024,1,56072.46,33069.69
10039,2024,0,2024,1,10614.8,6469.46
10040,2024,0,2024,1,155826.25,93686.31
10043,2024,0,2024,1,1506.11,916.76
10047,2024,0,2024,1,13406.74,7918.88
10050,2024,0,2024,1,49701.06,29854.25
10052,2024,0,2024,1,2173.34,1262.51
10053,2024,0,2024,1,19810.97,11918.8
10054,2024,0,2024,1,34230.17,19953.85
10055,2024,0,2024,1,14393.99,8535.61
10057,2024,0,2024,1,3598.63,2064.52
10058,2024,0,2024,1,16988.12,9584.62
10060,2024,0,2024,1,30164.62,16834.37
10061,2024,0,2024,1,33923.54,20070.19
10063,2024,0,2024,1,22023.41,13452.25
10065,2024,0,2024,1,9738.22,5534.23
10066,2024,0,2024,1,1789.2,1077.61
10068,2024,0,2024,1,16379.68,9566.74
10071,2024,0,2024,1,13693.63,8418.82
10072,2024,0,2024,1,10094.24,6210.7
10077,2024,0,2024,1,29048.41,16237.83
10078,2024,0,2024,1,22752.11,14179.69
10079,2024,0,2024,1,30873.68,19172.16
10080,2024,0,2024,1,6782.58,3997.85
10082,2024,0,2024,1,21389.78,12075.09
10085,2024,0,2024,1,16907.55,9650.96
10086,2024,0,2024,1,19028.2,11781.83
10088,2024,0,2024,1,17700.37,10680.23
10090,2024,0,2024,1,13556.27,8162.87
10091,2024,0,2024,1,27421.28,16134.79
10092,2024,0,2024,1,53581.56,32951.88
10095,2024,0,2024,1,8332.71,4905.75
10096,2024,0,2024,1,24605.67,15082.99
10098,2024,0,2024,1,13779,8569.38
10099,2024,0,2024,1,22008.59,12673.06
10100,2024,0,2024,1,28193.95,17028.77
10101,2024,0,2024,1,15939.19,9700.48
10103,2024,0,2024,1,14756.04,8623.65
10105,2024,0,2024,1,32585.71,20842.21
10106,2024,0,2024,1,15393.28,8942.75
10107,2024,0,2024,1,31965.89,19570.75
10109,2024,0,2024,1,32210.18,18683.35
10111,2024,0,2024,1,5463.07,3171.57
10114,2024,0,2024,1,11376.57,6925.63
10115,2024,0,2024,1,17543.01,10305.77
10116,2024,0,2024,1,23827.21,14058.19
10120,2024,0,2024,1,13050.18,7910.63
10121,2024,0,2024,1,18715.13,10810.98
10122,2024,0,2024,1,17172.65,10240.77
10125,2024,0,2024,1,18932.32,11401.98
10130,2024,0,2024,1,16631.69,9704.5
10131,2024,0,2024,1,31120.22,20499.71
10132,2024,0,2024,1,48279.15,29161.21
10136,2024,0,2024,1,21324.23,13024.35
10139,2024,0,2024,1,8247.42,4813.27
10140,2024,0,2024,1,11809,7111.89
10142,2024,0,2024,1,5870.14,3462.7
10145,2024,0,2024,1,20094.38,12044.12
10146,2024,0,2024,1,48119.96,28109.81
10147,2024,0,2024,1,32913.76,21200.48
10148,2024,0,2024,1,4502.59,2674.93
10149,2024,0,2024,1,14407.71,8845.46
10151,2024,0,2024,1,410.91,232.52
10152,2024,0,2024,1,35220.6,21389.5
10153,2024,0,2024,1,159857.6,95461.64
10155,2024,0,2024,1,72551.58,40988.08
10157,2024,0,2024,1,13865.47,8314.09
10158,2024,0,2024,1,6427.84,3870.47
10159,2024,0,2024,1,12790.24,8177.48
10162,2024,0,2024,1,23270.26,14421.71
10163,2024,0,2024,1,26779.33,15437.89
10166,2024,0,2024,1,26376.76,16457.45
10168,2024,0,2024,1,28925.64,16334.56
10169,2024,0,2024,1,13306.48,8024.1
10171,2024,0,2024,1,4137.68,2378.65
10172,2024,0,2024,1,12710.13,7103.82
10173,2024,0,2024,1,25735.12,16114.55
10175,2024,0,2024,1,9469.18,6061.53
10176,2024,0,2024,1,21908.15,14137.47
10177,2024,0,2024,1,2930.61,1715.73
10178,2024,0,2024,1,14981.02,9174.44
10179,2024,0,2024,1,108439.59,63184.55
10180,2024,0,2024,1,22450,13999.62
10181,2024,0,2024,1,1740.96,983.44
10183,2024,0,2024,1,24930.97,15411.28
10187,2024,0,2024,1,23341.14,14660.5
10189,2024,0,2024,1,4148.42,2460.76
10190,2024,0,2024,1,3199.99,1947.59
10192,2024,0,2024,1,17654.92,11139.63
10193,2024,0,2024,1,18867.89,11035.04
10194,2024,0,2024,1,19752.92,11928.97
10195,2024,0,2024,1,15269.61,9335.48
10197,2024,0,2024,1,7224.56,4269.32
10198,2024,0,2024,1,5449.51,3346.34
10199,2024,0,2024,1,61359.41,35216.49
10202,2024,0,2024,1,27894.73,17440.48
10204,2024,0,2024,1,11546.88,6940.73
10206,2024,0,2024,1,45313.35,27237.97
10207,2024,0,2024,1,42026.25,25960.35
10209,2024,0,2024,1,19615.08,11842.44
10210,2024,0,2024,1,9890.16,5918.67
10211,2024,0,2024,1,7194.13,4375.46
10218,2024,0,2024,1,10602.99,6379.84
10221,2024,0,2024,1,14188.59,8485.44
10222,2024,0,2024,1,44707.51,26339.92
10223,2024,0,2024,1,17724.3,10631.5
10225,2024,0,2024,1,26125.25,16188.6
10228,2024,0,2024,1,64064.4,36568.08
10230,2024,0,2024,1,39858.81,23266.42
10231,2024,0,2024,1,25357.24,16088.05
10233,2024,0,2024,1,20998.97,12727.35
10234,2024,0,2024,1,30970.21,18630.82
10235,2024,0,2024,1,67157.91,38729.3
10236,2024,0,2024,1,39796.85,23638.71
10238,2024,0,2024,1,23409.29,14194.02
10241,2024,0,2024,1,9264.86,5420.08
10242,2024,0,2024,1,88424.61,52275.28
10244,2024,0,2024,1,25008.65,14889.62
10245,2024,0,2024,1,16119.07,9632.71
10247,2024,0,2024,1,15924.02,9077.29
10250,2024,0,2024,1,3601.95,2148.15
10251,2024,0,2024,1,13613.05,8315.5
10256,2024,0,2024,1,30607.23,18319.19
10257,2024,0,2024,1,6748.54,4200.59
10258,2024,0,2024,1,11691.5,7110.24
10263,2024,0,2024,1,6813.89,4062.25
10264,2024,0,2024,1,30621.66,18616.45
10266,2024,0,2024,1,33652.02,21028.88
10267,2024,0,2024,1,4112.63,2468.18
10269,2024,0,2024,1,405.77,249.28
10270,2024,0,2024,1,56079.47,34750.27
10271,2024,0,2024,1,12146.07,7216.77
10275,2024,0,2024,1,121483.76,74039.75
10279,2024,0,2024,1,14501.63,8533.55
10281,2024,0,2024,1,34965.22,20511.69
10282,2024,0,2024,1,16993.66,9843.21
10285,2024,0,2024,1,19355.89,11495.9
10286,2024,0,2024,1,38542.93,21160.36
10290,2024,0,2024,1,323738.02,202892.69
10292,2024,0,2024,1,11737.74,7101.92
10293,2024,0,2024,1,14091.96,8754.41
10294,2024,0,2024,1,15016.22,8863.7
10295,2024,0,2024,1,12225.69,7547.88
10296,2024,0,2024,1,5782.57,3355.16
10297,2024,0,2024,1,27259.52,16010.79
10298,2024,0,2024,1,3439.85,2093.96
10299,2024,0,2024,1,6612.91,4051.54
10300,2024,0,2024,1,20295.68,11537.68
10301,2024,0,2024,1,7933.43,4650.68
10304,2024,0,2024,1,51977.17,29703.33
10305,2024,0,2024,1,13469.56,8011.92
10307,2024,0,2024,1,9358.58,5662.28
10308,2024,0,2024,1,9940.23,6199.35
10309,2024,0,2024,1,17041.39,9978.05
10311,2024,0,2024,1,9951.21,5939.37
10316,2024,0,2024,1,5078.29,3031.89
10317,2024,0,2024,1,3437.28,2078.97
10318,2024,0,2024,1,9821.84,5647.57
10319,2024,0,2024,1,17911.45,11059.1
10322,2024,0,2024,1,7361.51,4352.69
10325,2024,0,2024,1,184124.53,112565.54
10333,2024,0,2024,1,1834.54,1037.52
10336,2024,0,2024,1,11467.3,7103.73
10337,2024,0,2024,1,15411.89,9299.73
10338,2024,0,2024,1,38138.65,23325.76
10340,2024,0,2024,1,12096.89,7168.38
10343,2024,0,2024,1,13671.75,7937.61
10345,2024,0,2024,1,48069.56,28779.83
10346,2024,0,2024,1,21290.49,12904.78
10348,2024,0,2024,1,5034.21,2904.51
10350,2024,0,2024,1,15401.07,9300.01
10352,2024,0,2024,1,28560.7,17535.9
10355,2024,0,2024,1,836.91,501.94
10356,2024,0,2024,1,14561.23,8776.73
10359,2024,0,2024,1,20165.79,12618.11
10360,2024,0,2024,1,30756.82,18348.15
10362,2024,0,2024,1,98135.79,58803.71
10365,2024,0,2024,1,8668.37,4969.06
10367,2024,0,2024,1,35055.95,21021.58
10368,2024,0,2024,1,13986.93,8423.87
10372,2024,0,2024,1,10923.19,6635.16
10375,2024,0,2024,1,291.35,175.25
10376,2024,0,2024,1,16474.94,10946.58
10377,2024,0,2024,1,12352.84,7050.97
10384,2024,0,2024,1,18839.26,11396.91
10388,2024,0,2024,1,21059.78,12667.02
10389,2024,0,2024,1,17723.1,10059.79
10393,2024,0,2024,1,5324.13,3193
10396,2024,0,2024,1,18842.44,11505
10398,2024,0,2024,1,14293.21,8266.07
10400,2024,0,2024,1,34981.95,21780.19
10402,2024,0,2024,1,24794.63,15675.38
10403,2024,0,2024,1,102669.97,59099.38
10405,2024,0,2024,1,58398.11,37097.8
10406,2024,0,2024,1,871.55,529.8
10410,2024,0,2024,1,23786.19,13440.35
10412,2024,0,2024,1,8144.56,4942.26
10413,2024,0,2024,1,10844.26,6341.03
10414,2024,0,2024,1,6878.1,4147.41
10415,2024,0,2024,1,5650.15,3382.61
10416,2024,0,2024,1,8469.25,5016.34
10417,2024,0,2024,1,11539.77,7078.89
10418,2024,0,2024,1,13307.56,7766.8
10419,2024,0,2024,1,19901.99,12152.82
10421,2024,0,2024,1,136698.72,85635.35
10423,2024,0,2024,1,12618.59,7975.21
10424,2024,0,2024,1,80745.23,48761.46
10426,2024,0,2024,1,16910.39,10532.83
10427,2024,0,2024,1,18189.19,10971.16
10429,2024,0,2024,1,24263.5,14880.65
10431,2024,0,2024,1,44515.58,24867.37
10434,2024,0,2024,1,10079.42,5876.02
10436,2024,0,2024,1,8178.06,4862.03
10437,2024,0,2024,1,5820,3527.94
10438,2024,0,2024,1,4134.5,2516.62
10444,2024,0,2024,1,20204.52,12751.69
10448,2024,0,2024,1,1751.92,1062.42
10449,2024,0,2024,1,2215.23,1272.46
10452,2024,0,2024,1,14777.29,8351.08
10455,2024,0,2024,1,12990.18,8212.61
10460,2024,0,2024,1,15716.62,9332.96
10462,2024,0,2024,1,12044.24,7554.81
10464,2024,0,2024,1,25143.63,14116.4
10465,2024,0,2024,1,25412.82,15131.84
10467,2024,0,2024,1,12492.26,7059.09
10470,2024,0,2024,1,12153.16,7670.59
10472,2024,0,2024,1,175205.2,100651.17
10473,2024,0,2024,1,13775.8,8056.5
10474,2024,0,2024,1,39680.36,22634.22
10479,2024,0,2024,1,2462.57,1528.24
10480,2024,0,2024,1,30255.1,17864.34
10482,2024,0,2024,1,24303.68,15327.26
10483,2024,0,2024,1,68709.11,43196.08
10484,2024,0,2024,1,3218.57,1903.96
10485,2024,0,2024,1,28955.5,18258.49
10487,2024,0,2024,1,32354.09,19455.32
10488,2024,0,2024,1,9491.88,5657.44
10489,2024,0,2024,1,5468.51,3238.41
10490,2024,0,2024,1,7559.48,4762.54
10491,2024,0,2024,1,34500.6,20674.45
10492,2024,0,2024,1,17982.06,10825.26
10493,2024,0,2024,1,9081.86,5616.5
10494,2024,0,2024,1,56742.02,32739.43
10495,2024,0,2024,1,192777.23,110339.71
10496,2024,0,2024,1,16283.72,10183.9
10497,2024,0,2024,1,914,527.51
10499,2024,0,2024,1,28450.81,17749.21
10500,2024,0,2024,1,344.18,200.27
10502,2024,0,2024,1,4182.38,2441.21
10504,2024,0,2024,1,81068.08,47658.19
10506,2024,0,2024,1,70359.4,41722.84
10509,2024,0,2024,1,17475.42,10207.6
10511,2024,0,2024,1,10762.79,6235.9
10512,2024,0,2024,1,23861.58,14740.44
10516,2024,0,2024,1,12860.29,7500.81
10517,2024,0,2024,1,36438.76,21035.5
10518,2024,0,2024,1,24323.93,14530.45
10519,2024,0,2024,1,38260.1,22399.71
10521,2024,0,2024,1,35115.04,21462.35
10522,2024,0,2024,1,20820.09,12465.15
10524,2024,0,2024,1,59207.42,35422.45
10526,2024,0,2024,1,1664.88,992.57
10527,2024,0,2024,1,13279.41,8663.57
10528,2024,0,2024,1,3567.41,2204.05
10529,2024,0,2024,1,10936.02,6468.47
10530,2024,0,2024,1,9415.78,5841.03
10531,2024,0,2024,1,37377.64,23321.43
10538,2024,0,2024,1,26765.88,17565.72
10541,2024,0,2024,1,1456.65,863.86
10544,2024,0,2024,1,9188.28,5457.67
10545,2024,0,2024,1,28248.61,15801.67
10546,2024,0,2024,1,3477.67,2126.69
10547,2024,0,2024,1,11045.09,6440.65
10548,2024,0,2024,1,20694.23,12321.21
10549,2024,0,2024,1,46633.34,26716.9
10550,2024,0,2024,1,54111.61,31898.12
10552,2024,0,2024,1,9084.8,5459.76
10553,2024,0,2024,1,14143.71,7862.92
10555,2024,0,2024,1,20790.68,13021.78
10556,2024,0,2024,1,6577.17,3742.78
10559,2024,0,2024,1,37521.89,22096.32
10560,2024,0,2024,1,18640.35,10928.54
10561,2024,0,2024,1,7371.69,4505.93
10562,2024,0,2024,1,28574.83,16522.75
10563,2024,0,2024,1,26851.81,15874.09
10564,2024,0,2024,1,29918.08,17588.03
10566,2024,0,2024,1,12833.75,7799.71
10567,2024,0,2024,1,16027.51,9311.31
10568,2024,0,2024,1,9765.97,5596.45
10572,2024,0,2024,1,21712.48,12400.72
10573,2024,0,2024,1,2982.05,1756.74
10574,2024,0,2024,1,11931.93,7137.71
10575,2024,0,2024,1,20106.96,12212.21
10576,2024,0,2024,1,3041.87,1894.15
10577,2024,0,2024,1,21565.39,12580.38
10578,2024,0,2024,1,30200.01,18385.08
10579,2024,0,2024,1,8607.95,5117.58
10581,2024,0,2024,1,13141.11,8052.58
10582,2024,0,2024,1,20453.81,12679.01
10583,2024,0,2024,1,23104.15,13269.57
10584,2024,0,2024,1,13863.54,7993.85
10585,2024,0,2024,1,9929.57,6182.57
10588,2024,0,2024,1,14837.88,8910.44
10589,2024,0,2024,1,87856.58,52506.75
10590,2024,0,2024,1,23476.92,14169.58
10593,2024,0,2024,1,59825.37,36286.1
10595,2024,0,2024,1,27626.74,16390.99
10597,2024,0,2024,1,9596.54,5674.3
10599,2024,0,2024,1,5619.79,3458.83
10600,2024,0,2024,1,15524.84,9031.1
10603,2024,0,2024,1,1722.54,1065.03
10604,2024,0,2024,1,1427.22,861.8
10605,2024,0,2024,1,37249.65,22957.72
10608,2024,0,2024,1,18831.06,11604.13
10609,2024,0,2024,1,21396.44,12786.49
10612,2024,0,2024,1,63615.49,37795.84
10613,2024,0,2024,1,18703.97,10926.78
10614,2024,0,2024,1,44988.23,28129.67
10615,2024,0,2024,1,940.21,552
10616,2024,0,2024,1,10669.68,6664.37
10617,2024,0,2024,1,12188.69,7529.37
10618,2024,0,2024,1,8029.86,5023.95
10619,2024,0,2024,1,22581.98,13468.7
10620,2024,0,2024,1,10471.86,6409.91
10622,2024,0,2024,1,23875.87,14437.03
10624,2024,0,2024,1,17356.83,10749.76
10625,2024,0,2024,1,26536.06,15871.62
10628,2024,0,2024,1,15357.67,8947.7
10630,2024,0,2024,1,16202.43,10035.74
10631,2024,0,2024,1,8068.45,4771.59
10633,2024,0,2024,1,23531.3,14386.9
10634,2024,0,2024,1,6403.23,3720.55
10635,2024,0,2024,1,21422.58,13301.84
10639,2024,0,2024,1,24677.72,14362.94
10640,2024,0,2024,1,16100.06,9109.51
10641,2024,0,2024,1,23366.42,14250.51
10642,2024,0,2024,1,8781.3,5310.38
10644,2024,0,2024,1,45542.91,26419.64
10646,2024,0,2024,1,6586.68,3925.89
10648,2024,0,2024,1,16235.36,10137.61
10651,2024,0,2024,1,8277.81,5130.26
10652,2024,0,2024,1,11076.49,6927.37
10656,2024,0,2024,1,19334.13,10981.36
10660,2024,0,2024,1,13120.24,8445.69
10661,2024,0,2024,1,1811.59,1118.37
10664,2024,0,2024,1,19816.86,11546.38
10666,2024,0,2024,1,15601.14,9223.69
10667,2024,0,2024,1,14028.74,8589.67
10669,2024,0,2024,1,29109.98,17849.75
10670,2024,0,2024,1,8546.58,4855.59
10671,2024,0,2024,1,35896.6,23806.64
10672,2024,0,2024,1,12017.84,7334.21
10676,2024,0,2024,1,8651.86,5306.5
10677,2024,0,2024,1,462.62,269.18
10680,2024,0,2024,1,3590.95,2292.54
10681,2024,0,2024,1,12935.64,7485.79
10683,2024,0,2024,1,8344.33,4859.45
10684,2024,0,2024,1,3100.91,1799.16
10685,2024,0,2024,1,27156.72,17495.66
10686,2024,0,2024,1,2302.5,1481.66
10687,2024,0,2024,1,22393.28,13797.09
10688,2024,0,2024,1,3487.17,2028.39
10690,2024,0,2024,1,24615.52,15643.62
10691,2024,0,2024,1,5892.27,3618.65
10692,2024,0,2024,1,24448.2,15258
10693,2024,0,2024,1,18325.18,10831.19
10695,2024,0,2024,1,12058.66,7481.34
10697,2024,0,2024,1,51545.25,31690.77
10698,2024,0,2024,1,32694.84,19912.82
10699,2024,0,2024,1,11775.03,7015.58
10700,2024,0,2024,1,41881.76,26939.1
10701,2024,0,2024,1,3247.07,1966.86
10703,2024,0,2024,1,34193.25,21006.06
10704,2024,0,2024,1,5151.08,3064.27
10705,2024,0,2024,1,178565.21,108891.59
10707,2024,0,2024,1,18004.5,11419.32
10708,2024,0,2024,1,16577.96,9821.98
10709,2024,0,2024,1,14720.07,8571.32
10712,2024,0,2024,1,9196.22,5736.35
10713,2024,0,2024,1,24442.3,14473.54
10714,2024,0,2024,1,5507.63,3290.39
10715,2024,0,2024,1,35112.76,21277.8
10716,2024,0,2024,1,34923.48,20929.99
10717,2024,0,2024,1,25749.6,15191.2
10719,2024,0,2024,1,227.37,136.23
10720,2024,0,2024,1,10656.18,6261.51
10722,2024,0,2024,1,20688.9,12748.3
10723,2024,0,2024,1,16627.27,9851.63
10724,2024,0,2024,1,13687.49,8511.4
10725,2024,0,2024,1,57671,34620.18
10726,2024,0,2024,1,9553.35,5691.12
10727,2024,0,2024,1,24448.6,13369.17
10729,2024,0,2024,1,169635.36,100873.19
10730,2024,0,2024,1,449.26,269.32
10731,2024,0,2024,1,52411.02,31651.63
10733,2024,0,2024,1,16480.24,9721.79
10734,2024,0,2024,1,41006.52,24410.72
10735,2024,0,2024,1,14072.7,8232.27
10737,2024,0,2024,1,9243.1,5387.46
10738,2024,0,2024,1,10127.04,6095.35
10743,2024,0,2024,1,1808.62,1076.26
10744,2024,0,2024,1,15817.37,9562.38
10745,2024,0,2024,1,6620.74,4158.37
10747,2024,0,2024,1,10278.2,5838.1
10751,2024,0,2024,1,11281,6916.66
10752,2024,0,2024,1,26723.39,16144.18
10753,2024,0,2024,1,997.37,614.2
10754,2024,0,2024,1,18033.46,11328.97
10756,2024,0,2024,1,10518.2,6024.95
10757,2024,0,2024,1,7240.04,4233.8
10759,2024,0,2024,1,36118.77,21796.91
10762,2024,0,2024,1,11424.39,7107.45
10763,2024,0,2024,1,43387.82,25524.94
10764,2024,0,2024,1,34920.28,21445.75
10765,2024,0,2024,1,162169.21,98336.43
10766,2024,0,2024,1,1046.96,665.68
10767,2024,0,2024,1,16438.48,9634.88
10768,2024,0,2024,1,15399.79,9483.27
10770,2024,0,2024,1,28645.37,17785.26
10771,2024,0,2024,1,32487.33,19107.95
10772,2024,0,2024,1,61768.3,36098.61
10776,2024,0,2024,1,1284.56,793.66
10777,2024,0,2024,1,7109.55,4281.35
10779,2024,0,2024,1,37482.82,22270.17
10780,2024,0,2024,1,17838.97,10654.38
10781,2024,0,2024,1,7018.25,4193.6
10782,2024,0,2024,1,31125.6,18260.73
10783,2024,0,2024,1,4702.45,2889.07
10784,2024,0,2024,1,4065.23,2425.93
10785,2024,0,2024,1,71370.9,41866.46
10786,2024,0,2024,1,9424.69,5579.86
10787,2024,0,2024,1,131051.57,79724.48
10788,2024,0,2024,1,27225.44,16482.24
10789,2024,0,2024,1,258567.64,155473.34
10790,2024,0,2024,1,3678.34,2358.5
10791,2024,0,2024,1,21203.66,12533.57
10792,2024,0,2024,1,18807.31,11030.81
10793,2024,0,2024,1,58230.28,35351.75
10794,2024,0,2024,1,2749.62,1740.89
10798,2024,0,2024,1,27500.71,16071.06
10799,2024,0,2024,1,9792.98,5815.76
10802,2024,0,2024,1,38231.77,21880.09
10806,2024,0,2024,1,27157.51,15844.95
10807,2024,0,2024,1,16016.48,9266.48
10811,2024,0,2024,1,3503.37,2153
10812,2024,0,2024,1,2476.86,1531.77
10814,2024,0,2024,1,15351.59,9237.26
10816,2024,0,2024,1,19533.55,11804.69
10819,2024,0,2024,1,16194.27,9877.36
10820,2024,0,2024,1,21058.67,12668.83
10823,2024,0,2024,1,47670.54,28530.28
10825,2024,0,2024,1,12109.83,7343.33
10826,2024,0,2024,1,2293.16,1339.88
10830,2024,0,2024,1,30575.16,19152.97
10832,2024,0,2024,1,40371.2,24433.21
10835,2024,0,2024,1,23151.75,13315.38
10836,2024,0,2024,1,29779.66,17555.28
10838,2024,0,2024,1,3061.31,1749.72
10840,2024,0,2024,1,15455.26,9777.4
10841,2024,0,2024,1,35873.34,21486.93
10844,2024,0,2024,1,20760.93,12074.02
10845,2024,0,2024,1,34469.49,21124.68
10848,2024,0,2024,1,20773.2,12893.74
10853,2024,0,2024,1,28976.04,16864.33
10855,2024,0,2024,1,26880.3,16218
10856,2024,0,2024,1,34509.17,21549.67
10858,2024,0,2024,1,12335.87,7682.17
10861,2024,0,2024,1,221688.82,136278.43
10864,2024,0,2024,1,48195.53,29993.22
10865,2024,0,2024,1,1321.27,783.18
10866,2024,0,2024,1,34471.37,20915.22
10867,2024,0,2024,1,10383.42,6368.65
10872,2024,0,2024,1,528.37,306.39
10873,2024,0,2024,1,11933.39,6983.32
10877,2024,0,2024,1,12338.16,8118.69
10879,2024,0,2024,1,19525.06,12200.22
10880,2024,0,2024,1,12356.9,7636.4
10881,2024,0,2024,1,3906.61,2323.75
10884,2024,0,2024,1,4987.39,2975.63
10886,2024,0,2024,1,3272.5,1991.33
10887,2024,0,2024,1,37887.38,23059.13
10888,2024,0,2024,1,6592.5,3793.93
10891,2024,0,2024,1,29433.07,18301.39
10895,2024,0,2024,1,38791.94,22983.69
10897,2024,0,2024,1,6328.83,3802.81
10899,2024,0,2024,1,27580.94,16270.87
10900,2024,0,2024,1,126684.92,75115.71
10908,2024,0,2024,1,9935.56,5973.17
10914,2024,0,2024,1,175448.71,104960.1
10918,2024,0,2024,1,19264.1,11640.34
10919,2024,0,2024,1,20519.73,13224.99
10923,2024,0,2024,1,26134.33,15006.51
10925,2024,0,2024,1,17942.47,11317.96
10927,2024,0,2024,1,17460.69,10811.45
10929,2024,0,2024,1,15414.92,9486.48
10930,2024,0,2024,1,46464.39,28468.55
10931,2024,0,2024,1,6638.64,3939.31
10933,2024,0,2024,1,16930.04,10205.13
10937,2024,0,2024,1,2959.24,1816.34
10938,2024,0,2024,1,10251.92,6573.42
10939,2024,0,2024,1,20131.4,12026.95
10940,2024,0,2024,1,20198.8,12766.59
10941,2024,0,2024,1,8869.81,5159.19
10942,2024,0,2024,1,23996.54,13803.87
10947,2024,0,2024,1,21130.75,12135.79
10948,2024,0,2024,1,2744.61,1635.9
10949,2024,0,2024,1,3505.36,2075.43
10950,2024,0,2024,1,34667.67,21828.86
10951,2024,0,2024,1,5598.26,3310.76
10952,2024,0,2024,1,31579.27,19006.45
10954,2024,0,2024,1,93102.23,55791.27
10956,2024,0,2024,1,50669.92,31418.72
10957,2024,0,2024,1,19515.81,11632.04
10964,2024,0,2024,1,39766.51,23211.18
10966,2024,0,2024,1,12046.32,7417.72
10972,2024,0,2024,1,7803.83,4649.23
10973,2024,0,2024,1,29974.95,17733.6
10974,2024,0,2024,1,48843.78,29283.66
10975,2024,0,2024,1,10170.15,6196.88
10977,2024,0,2024,1,16729.12,10212.37
10978,2024,0,2024,1,20236.95,11997
10979,2024,0,2024,1,12656.63,7784.96
10980,2024,0,2024,1,6015.22,3364.24
10981,2024,0,2024,1,6940.59,4142.28
10983,2024,0,2024,1,31575.46,19259.51
10984,2024,0,2024,1,29179.93,16495.11
10986,2024,0,2024,1,7012.5,4227.39
10987,2024,0,2024,1,44783.35,26207.34
10990,2024,0,2024,1,8836.13,4869.09
10992,2024,0,2024,1,12314.68,7249.69
10995,2024,0,2024,1,32901.66,20526.33
10997,2024,0,2024,1,17932.75,10948.12
10998,2024,0,2024,1,9057.37,5571.37
11001,2024,0,2024,1,3988.69,2420.61
11002,2024,0,2024,1,25505.08,14640.46
11003,2024,0,2024,1,24304.39,14319.03
11004,2024,0,2024,1,35511.6,21055.17
11005,2024,0,2024,1,19860.29,11984.48
11006,2024,0,2024,1,17890.42,11178.21
11007,2024,0,2024,1,13780.55,7915.25
11010,2024,0,2024,1,26890.59,16079.23
11011,2024,0,2024,1,35029.79,20131.99
11013,2024,0,2024,1,15836.2,9284.07
11014,2024,0,2024,1,87217.16,51200.1
11015,2024,0,2024,1,14719.83,8396.31
11017,2024,0,2024,1,4006.73,2340.69
11018,2024,0,2024,1,17452.14,10574.11
11019,2024,0,2024,1,17393.94,10672.73
11020,2024,0,2024,1,17160.92,10004.49
11023,2024,0,2024,1,23293.88,14526.33
11024,2024,0,2024,1,44172.43,27770.9
11025,2024,0,2024,1,30069.65,17302.89
11026,2024,0,2024,1,171291.98,96839.42
11028,2024,0,2024,1,8886.37,5229.54
11029,2024,0,2024,1,21022.58,12612.68
11036,2024,0,2024,1,61683.78,38924.74
11038,2024,0,2024,1,20852.15,12645.24
11039,2024,0,2024,1,21738.45,12740.74
11040,2024,0,2024,1,1763.56,1096.04
11042,2024,0,2024,1,10566.43,6642.36
11044,2024,0,2024,1,11260.27,6474.46
11045,2024,0,2024,1,45698.58,25366.87
11046,2024,0,2024,1,915.49,521.85
11051,2024,0,2024,1,6180.83,3570.74
11058,2024,0,2024,1,10541.32,6611.94
11059,2024,0,2024,1,11998.54,7268.24
11060,2024,0,2024,1,5125.55,2959.16
11063,2024,0,2024,1,16339.48,10260.34
11065,2024,0,2024,1,41066.38,24576.17
11067,2024,0,2024,1,128745.94,78778.59
11068,2024,0,2024,1,9111.18,5302.14
11070,2024,0,2024,1,5023.35,3103.13
11073,2024,0,2024,1,14250.17,8846.3
11074,2024,0,2024,1,12049.14,6919.96
11075,2024,0,2024,1,90392.63,53607.05
11077,2024,0,2024,1,124890.71,77389.58
11080,2024,0,2024,1,15125.81,8982.78
11081,2024,0,2024,1,35358.98,20772.28
11085,2024,0,2024,1,10125.46,5984.25
11087,2024,0,2024,1,4456.91,2711.69
11088,2024,0,2024,1,11039.09,6394.82
11090,2024,0,2024,1,10714.49,6655.6
11091,2024,0,2024,1,11042.2,6437.06
11092,2024,0,2024,1,16880.3,9729.58
11094,2024,0,2024,1,37213.63,21574.05
11095,2024,0,2024,1,2957.73,1827.34
11098,2024,0,2024,1,4254.68,2446.54
11099,2024,0,2024,1,17998.62,10997.39
11100,2024,0,2024,1,3111.83,1863.98
11101,2024,0,2024,1,19773.31,11884.26
11102,2024,0,2024,1,8640.19,5054.56
11103,2024,0,2024,1,21260.63,12621.33
11104,2024,0,2024,1,25989.56,15171.91
11108,2024,0,2024,1,12858.91,7899.97
11109,2024,0,2024,1,10965.38,6422.11
11112,2024,0,2024,1,17281,10537.37
11115,2024,0,2024,1,16902.15,10233.89
11117,2024,0,2024,1,9341.49,5509.21
11119,2024,0,2024,1,30931.73,19116.05
11122,2024,0,2024,1,14564.28,8913.19
11123,2024,0,2024,1,24466.49,14333.98
11125,2024,0,2024,1,21442.25,12218.49
11127,2024,0,2024,1,38567.89,21484.55
11128,2024,0,2024,1,18038.22,10789.27
11129,2024,0,2024,1,1551.28,944.4
11130,2024,0,2024,1,26057.01,15264.3
11131,2024,0,2024,1,21613.85,13366.03
11132,2024,0,2024,1,41531.49,25662.82
11133,2024,0,2024,1,7736.29,4730.8
11134,2024,0,2024,1,15403.24,9475.79
11135,2024,0,2024,1,11141.31,6472.18
11137,2024,0,2024,1,18335.25,11617.65
11138,2024,0,2024,1,13114.27,7880.24
11140,2024,0,2024,1,5230.54,3168.33
11141,2024,0,2024,1,26981.57,16197.86
11143,2024,0,2024,1,11248.1,7069.6
11144,2024,0,2024,1,7467.35,4233.92
11146,2024,0,2024,1,17498.89,10503.53
11148,2024,0,2024,1,14873.58,9022.45
11157,2024,0,2024,1,19342.43,11544.07
11160,2024,0,2024,1,24037.56,15203.88
11161,2024,0,2024,1,10448.67,6354.36
11162,2024,0,2024,1,7366.2,4285.72
11163,2024,0,2024,1,18223.02,11299.14
11165,2024,0,2024,1,16103.67,9519.2
11167,2024,0,2024,1,16352.84,9684.24
11168,2024,0,2024,1,7349.85,4403.01
11170,2024,0,2024,1,11355.88,6836.51
11176,2024,0,2024,1,8638.21,5163.77
11177,2024,0,2024,1,27769.75,16607.22
11179,2024,0,2024,1,26729.49,16002.99
11180,2024,0,2024,1,63679.03,37021.98
11182,2024,0,2024,1,44008.57,25628.87
11183,2024,0,2024,1,7019.26,4497.98
11184,2024,0,2024,1,15965.73,9813.92
11185,2024,0,2024,1,35226.95,21431
11186,2024,0,2024,1,14649.37,8600.11
11191,2024,0,2024,1,4570.83,2700.19
11192,2024,0,2024,1,19698.09,11789.71
11193,2024,0,2024,1,13289.26,7765.44
11194,2024,0,2024,1,10221.22,5894.23
11195,2024,0,2024,1,8741.38,5245.35
11196,2024,0,2024,1,12913.91,7569.09
11201,2024,0,2024,1,7200.24,4293.31
11202,2024,0,2024,1,36627.5,23005.62
11203,2024,0,2024,1,15709.71,9485.86
11207,2024,0,2024,1,25549.76,15527.11
11212,2024,0,2024,1,15072.72,9081.23
11213,2024,0,2024,1,44136.02,26933.57
11214,2024,0,2024,1,8617.34,5075.71
11217,2024,0,2024,1,12043.2,7156.78
11219,2024,0,2024,1,12496.24,7360.53
11220,2024,0,2024,1,31184.71,18980.52
11221,2024,0,2024,1,10540.06,6597.16
11223,2024,0,2024,1,24920.08,14424.51
11225,2024,0,2024,1,7499.4,4484.24
11226,2024,0,2024,1,30089.54,18326.55
11229,2024,0,2024,1,662.3,389.32
11230,2024,0,2024,1,2508.8,1411.68
11231,2024,0,2024,1,65741.79,40265.34
11232,2024,0,2024,1,19852,12020.48
11234,2024,0,2024,1,18966.11,11245.86
11235,2024,0,2024,1,40547.65,24319.42
11236,2024,0,2024,1,11275.41,7241.64
11238,2024,0,2024,1,17890.68,10571.33
11239,2024,0,2024,1,15619.92,9524.32
11247,2024,0,2024,1,5674.83,3608.67
11248,2024,0,2024,1,14221.09,8191.78
11250,2024,0,2024,1,14052.3,8167.61
11252,2024,0,2024,1,20908.13,12462.6
11256,2024,0,2024,1,17019.19,10130.7
11259,2024,0,2024,1,25360.04,15836.52
11261,2024,0,2024,1,11198.63,6525.1
11262,2024,0,2024,1,8652.38,4797.78
11266,2024,0,2024,1,22920.57,14473.92
11269,2024,0,2024,1,13444.93,8008.03
11271,2024,0,2024,1,27034.58,16037.85
11273,2024,0,2024,1,32781.54,19509.53
11274,2024,0,2024,1,26149.86,14756.22
11278,2024,0,2024,1,9724.51,5633.22
11279,2024,0,2024,1,11784.91,6599.87
11280,2024,0,2024,1,4076.43,2404.8
11281,2024,0,2024,1,1342.61,826.28
11282,2024,0,2024,1,4594.01,2795.34
11283,2024,0,2024,1,7011.97,3978.68
11288,2024,0,2024,1,1672.53,1018.53
11289,2024,0,2024,1,19016.98,11993.11
11290,2024,0,2024,1,31115.16,20026.07
11291,2024,0,2024,1,134949.57,79781.97
11293,2024,0,2024,1,17591.61,10624.1
11295,2024,0,2024,1,18561.86,10680.53
11296,2024,0,2024,1,126415.5,75523.72
11298,2024,0,2024,1,35735.58,21106.33
11299,2024,0,2024,1,19867.06,11538.7
11301,2024,0,2024,1,10271.59,5949.06
11302,2024,0,2024,1,33725.91,20722.23
11303,2024,0,2024,1,18162.17,10915.89
11304,2024,0,2024,1,3453.64,2098.66
11308,2024,0,2024,1,12574.48,7503.48
11309,2024,0,2024,1,33029.98,20390.3
11316,2024,0,2024,1,2556.5,1520.84
11322,2024,0,2024,1,34130.04,20314.29
11323,2024,0,2024,1,280.81,170.38
11325,2024,0,2024,1,156149.8,95002.76
11328,2024,0,2024,1,32980.94,19349.01
11330,2024,0,2024,1,761.36,474.13
11331,2024,0,2024,1,4556.18,2649.83
11332,2024,0,2024,1,17629.46,10421.04
11333,2024,0,2024,1,37273.45,23670.88
11334,2024,0,2024,1,19257.03,11350.46
11335,2024,0,2024,1,45744.84,28473.31
11336,2024,0,2024,1,114063.19,70804.76
11337,2024,0,2024,1,10797.32,6396.49
11338,2024,0,2024,1,52100.9,30120.08
11343,2024,0,2024,1,36003.56,21012.99
11346,2024,0,2024,1,7403.91,4393.98
11347,2024,0,2024,1,5381.02,3201.22
11348,2024,0,2024,1,14685.04,9130.46
11352,2024,0,2024,1,7104.9,4490.59
11354,2024,0,2024,1,45793.45,27814.41
11357,2024,0,2024,1,24524.72,14848.67
11359,2024,0,2024,1,35403.44,20750.01
11362,2024,0,2024,1,15159.1,9401.35
11366,2024,0,2024,1,25521.56,15392.59
11367,2024,0,2024,1,10450.66,6145.51
11370,2024,0,2024,1,25037.65,15501.77
11372,2024,0,2024,1,12787.09,7448.81
11374,2024,0,2024,1,16590.26,10272.36
11375,2024,0,2024,1,7100.41,4272.37
11376,2024,0,2024,1,12972.76,8165.73
11380,2024,0,2024,1,187924.19,108719.77
11381,2024,0,2024,1,10559.48,6207.73
11382,2024,0,2024,1,20495.48,12679.33
11389,2024,0,2024,1,34175.41,20730.15
11390,2024,0,2024,1,24830.33,14180.06
11395,2024,0,2024,1,20992.83,12232.3
11396,2024,0,2024,1,23131.19,13470.76
11397,2024,0,2024,1,111669.65,65834.12
11398,2024,0,2024,1,72985.92,46717.7
11401,2024,0,2024,1,15262.58,9434.79
11402,2024,0,2024,1,22820.28,13593.49
11404,2024,0,2024,1,70307.62,42373.2
11406,2024,0,2024,1,5551.19,3231.24
11407,2024,0,2024,1,142299.01,84769.37
11408,2024,0,2024,1,6000.38,3728.11
11411,2024,0,2024,1,85924.96,52762.88
11413,2024,0,2024,1,9461.52,5690.41
11414,2024,0,2024,1,5643.16,3380.55
11415,2024,0,2024,1,25823.15,16046.13
11416,2024,0,2024,1,7301.19,4446.87
11417,2024,0,2024,1,6290.94,3701.03
11420,2024,0,2024,1,19481.1,11437.03
11421,2024,0,2024,1,7095.56,4085
11423,2024,0,2024,1,39720.71,23492.26
11425,2024,0,2024,1,10616.2,5999.11
11426,2024,0,2024,1,24213.89,14197.59
11429,2024,0,2024,1,12138.48,7205.92
11430,2024,0,2024,1,15808.23,9661.02
11432,2024,0,2024,1,26924.95,16447.87
11433,2024,0,2024,1,19548.68,11827
11434,2024,0,2024,1,10317.94,6180.67
11435,2024,0,2024,1,13548.52,7872.86
11438,2024,0,2024,1,30070.49,18743.23
11440,2024,0,2024,1,25032.64,15691.35
11441,2024,0,2024,1,35842.37,21023.23
11442,2024,0,2024,1,13337.41,8360.38
11443,2024,0,2024,1,23826.64,14421.87
11444,2024,0,2024,1,37268.96,20898.32
11445,2024,0,2024,1,3058.26,1818.34
11447,2024,0,2024,1,24932.25,15146.89
11448,2024,0,2024,1,32988.19,19596.51
11450,2024,0,2024,1,6662.12,3973.4
11451,2024,0,2024,1,6052.27,3720.36
11453,2024,0,2024,1,155608.04,96566.57
11458,2024,0,2024,1,40180.32,22302.65
11462,2024,0,2024,1,44442.36,26827.04
11463,2024,0,2024,1,16732.62,9914.18
11465,2024,0,2024,1,9514.6,5769.98
11466,2024,0,2024,1,108497.96,64091.21
11467,2024,0,2024,1,19739.06,11866.06
11468,2024,0,2024,1,3193.69,1882.03
11470,2024,0,2024,1,11296.31,6765.41
11472,2024,0,2024,1,8692.89,5133.13
11474,2024,0,2024,1,192295.63,115911.96
11475,2024,0,2024,1,29125.95,17347.05
11477,2024,0,2024,1,18306.23,11029.23
11478,2024,0,2024,1,5876.7,3609.82
11479,2024,0,2024,1,1158.53,702.8
11480,2024,0,2024,1,15483.63,9185.14
11481,2024,0,2024,1,3986.44,2394.95
11482,2024,0,2024,1,12893.33,7664.43
11486,2024,0,2024,1,17051.98,10127.47
11488,2024,0,2024,1,14991.15,8841.8
11492,2024,0,2024,1,37053.21,22709.9
11493,2024,0,2024,1,108457.29,60755.29
11494,2024,0,2024,1,24608.98,14935.45
11498,2024,0,2024,1,26702.2,15648.8
11501,2024,0,2024,1,13553.64,8165.64
11504,2024,0,2024,1,5114.02,3031.02
11505,2024,0,2024,1,1123.98,662.47
11508,2024,0,2024,1,34656.27,21630.04
11511,2024,0,2024,1,28353.14,16406
11513,2024,0,2024,1,1552.83,945.95
11516,2024,0,2024,1,12259.06,7473.16
11517,2024,0,2024,1,7770.07,4695.38
11519,2024,0,2024,1,278869.57,162821.91
11520,2024,0,2024,1,26664.02,16803.09
11521,2024,0,2024,1,30976.32,19273.04
11522,2024,0,2024,1,25039.44,14537.03
11524,2024,0,2024,1,19610.2,11698.63
11529,2024,0,2024,1,15915.51,10254.22
11531,2024,0,2024,1,20939.05,12741.52
11532,2024,0,2024,1,5461.2,3383.01
11533,2024,0,2024,1,15634.99,9213.48
11534,2024,0,2024,1,387.95,232.04
11535,2024,0,2024,1,22318.65,13054.89
11536,2024,0,2024,1,6660.95,4136.91
11539,2024,0,2024,1,4194.76,2509.85
11540,2024,0,2024,1,25321.68,14612.9
11541,2024,0,2024,1,16082.68,9865.56
11542,2024,0,2024,1,19391.48,12057.66
11544,2024,0,2024,1,16713.2,10295.49
11545,2024,0,2024,1,21568.58,12962.95
11546,2024,0,2024,1,39596.19,24256.38
11548,2024,0,2024,1,17619.95,10543.35
11550,2024,0,2024,1,9333.65,5681.02
11551,2024,0,2024,1,18008.85,10537.71
11554,2024,0,2024,1,7705.39,4435.49
11561,2024,0,2024,1,3067.06,1768.65
11563,2024,0,2024,1,9357.03,5597.95
11564,2024,0,2024,1,2046.48,1222.95
11570,2024,0,2024,1,21998.97,12701.73
11571,2024,0,2024,1,32245.7,20256.7
11572,2024,0,2024,1,63902.3,40859.38
11573,2024,0,2024,1,2937.05,1760.93
11574,2024,0,2024,1,17484.38,10282.94
11575,2024,0,2024,1,14634.24,9110.99
11579,2024,0,2024,1,5830.73,3547.21
11580,2024,0,2024,1,20894.89,12539.68
11582,2024,0,2024,1,2772.67,1660.74
11583,2024,0,2024,1,5946,3570.92
11585,2024,0,2024,1,24148.4,14629.29
11588,2024,0,2024,1,8990,5408.3
11589,2024,0,2024,1,200667.75,110874.21
11590,2024,0,2024,1,24195.77,14700.09
11593,2024,0,2024,1,15759.57,9402.99
11594,2024,0,2024,1,108310.65,64417.5
11595,2024,0,2024,1,20189.37,12422.11
11596,2024,0,2024,1,117572.54,69336.72
11598,2024,0,2024,1,28992.04,16490.92
11599,2024,0,2024,1,4119.14,2441.18
11600,2024,0,2024,1,7060.72,4209.74
11606,2024,0,2024,1,12559.31,7722.65
11608,2024,0,2024,1,8354.73,4825.94
11609,2024,0,2024,1,7300.64,4405.08
11610,2024,0,2024,1,15254.42,9537.33
11612,2024,0,2024,1,37935.49,22635.26
11613,2024,0,2024,1,6061.53,3800.33
11617,2024,0,2024,1,11601.3,6733.63
11619,2024,0,2024,1,32886.32,20109.8
11620,2024,0,2024,1,25817.38,15432.74
11623,2024,0,2024,1,23642.04,14139.13
11624,2024,0,2024,1,18289.57,11446.18
11625,2024,0,2024,1,189395.48,110112.63
11629,2024,0,2024,1,17631.31,10086.65
11630,2024,0,2024,1,12131.68,7092.63
11634,2024,0,2024,1,7533.14,4282.06
11639,2024,0,2024,1,133527.6,77051.43
11644,2024,0,2024,1,3868.42,2356.2
11645,2024,0,2024,1,20268.04,12435.19
11646,2024,0,2024,1,18999.63,11374.01
11648,2024,0,2024,1,11101.89,6574.2
11649,2024,0,2024,1,5412.63,3242.15
11650,2024,0,2024,1,17017.06,10230.2
11651,2024,0,2024,1,30030.81,17922.85
11652,2024,0,2024,1,458.91,288.33
11653,2024,0,2024,1,15689.34,9386.1
11655,2024,0,2024,1,23748.14,14274.88
11656,2024,0,2024,1,8992.62,5159.14
11658,2024,0,2024,1,84958.25,48763.71
11659,2024,0,2024,1,22809.58,14730.24
11661,2024,0,2024,1,31955.49,19210.77
11662,2024,0,2024,1,5627.66,3415.51
11663,2024,0,2024,1,6976.42,4003.21
11664,2024,0,2024,1,50632.38,30862.84
11666,2024,0,2024,1,8780.16,5250.81
11667,2024,0,2024,1,5776.63,3391.09
11668,2024,0,2024,1,18158.81,10777.71
11673,2024,0,2024,1,19480.86,12026.62
11674,2024,0,2024,1,10503.66,6433.19
11675,2024,0,2024,1,23945.04,13814.01
11677,2024,0,2024,1,29528,17362.26
11678,2024,0,2024,1,231949.76,138887.99
11679,2024,0,2024,1,4132.47,2385.37
11680,2024,0,2024,1,169745.2,106936.96
11681,2024,0,2024,1,1924.59,1205.71
11682,2024,0,2024,1,25332.95,14455.74
11683,2024,0,2024,1,14091.55,8103.57
11685,2024,0,2024,1,12140.6,7258.21
11686,2024,0,2024,1,50570.25,31824.65
11691,2024,0,2024,1,8169.45,4843.12
11692,2024,0,2024,1,18647.61,11332.04
11695,2024,0,2024,1,16419.65,9633.91
11698,2024,0,2024,1,45995.47,27065.46
11699,2024,0,2024,1,2501.65,1432.27
11702,2024,0,2024,1,12856.91,7752.46
11703,2024,0,2024,1,19513.59,11811.5
11707,2024,0,2024,1,1778.8,1100.6
11714,2024,0,2024,1,16916.72,10246.21
11715,2024,0,2024,1,19143.93,11600.64
11719,2024,0,2024,1,28224.39,16545.41
11720,2024,0,2024,1,26692.85,16574.29
11723,2024,0,2024,1,8718.38,4909.04
11724,2024,0,2024,1,19297.94,11074.9
11725,2024,0,2024,1,74274.86,44124.99
11726,2024,0,2024,1,26361.68,15587.41
11727,2024,0,2024,1,5122.94,3015.12
11728,2024,0,2024,1,53373.56,33442.02
11734,2024,0,2024,1,68479.17,40619.67
11735,2024,0,2024,1,14080.92,8538.42
11738,2024,0,2024,1,16920.95,10409.89
11739,2024,0,2024,1,23022.47,13656.22
11740,2024,0,2024,1,55461.22,30654.71
11742,2024,0,2024,1,6563.64,3908.42
11743,2024,0,2024,1,7244.17,4486.18
11746,2024,0,2024,1,26778.49,15521.13
11750,2024,0,2024,1,9900.64,6008.29
11760,2024,0,2024,1,14248.18,8425.33
